matched_dish,name,image_url,description,cuisine,course,diet,prep_time,ingredients,instructions,image_available,predicted_variety,image_count,image_numbers,recipe_found,recipe_source,source_type,recipe_url,source_match
Aloo Paratha,Bajra Aloo Paratha Recipe,C:\recipe_project\images/Aloo Paratha/Paratha (12).jpg; C:\recipe_project\images/Aloo Paratha/Paratha (18).jpg; C:\recipe_project\images/Aloo Paratha/Paratha (2).jpg; C:\recipe_project\images/Aloo Paratha/Paratha (21).jpg; C:\recipe_project\images/Aloo Paratha/Paratha (24).jpeg; C:\recipe_project\images/Aloo Paratha/Paratha (25).jpg; C:\recipe_project\images/Aloo Paratha/Paratha (3).jpeg; C:\recipe_project\images/Aloo Paratha/Paratha (3).jpg; C:\recipe_project\images/Aloo Paratha/Paratha (33).jpeg; C:\recipe_project\images/Aloo Paratha/Paratha (37).jpg; C:\recipe_project\images/Aloo Paratha/Paratha (43).jpg; C:\recipe_project\images/Aloo Paratha/Paratha (45).jpg; C:\recipe_project\images/Aloo Paratha/Paratha (47).jpg; C:\recipe_project\images/Aloo Paratha/Paratha (50).jpg; C:\recipe_project\images/Aloo Paratha/Paratha (63).jpg; C:\recipe_project\images/Aloo Paratha/Paratha (64).jpg; C:\recipe_project\images/Aloo Paratha/Paratha (65).jpg; C:\recipe_project\images/Aloo Paratha/Paratha (67).jpg; C:\recipe_project\images/Aloo Paratha/Paratha (74).jpg,Bajra is known to provide heat to the body and so the consumption of this grain in any form is usually done in winters. Bajra Aloo Paratha is one such delicacy which is very delicious and healthy and is made using millet flour which is flavoured with potato and seasoned with spices to enhance more of the flavours. It is an easy-to-cook recipe and can be served on its own or with any chutney of your choice. Bajra Aloo Paratha makes a perfect healthy breakfast for winters and an ideal meal to be carried in a lunch box.,Indian,Lunch,Vegetarian,Total in 45 M,"

							 		2 cups Bajra Flour ( Pearl Millet) 

							 		1/2 cup Whole Wheat Flour 

							 		1 cup Potatoes (Aloo)							 		, boiled and mashed							 	

							 		1 cup Methi Leaves (Fenugreek Leaves)							 		, chopped finely							 	

							 		1 teaspoon Green Chilli							 		, coarsely crushed							 	

							 		1 teaspoon Ginger							 		, grated							 	

							 		1/2 teaspoon Red Chilli powder 

							 		1/2 teaspoon Turmeric powder (Haldi) 

							 		1 teaspoon Cumin seeds (Jeera) 

							 		1/2 teaspoon Ajwain (Carom seeds) 

							 		1/2 teaspoon Chaat Masala Powder 

Salt							 		, to taste							 	

Lukewarm Water							 		, as required							 	

Oil							 		, for smearing							 	
","To begin with Bajra Aloo Paratha, firstly add all the ingredients in a large bowl and mix everything well.Gradually, add warm water little at a time and start kneading the dough. Knead well to form a soft dough.Divide the dough into equal sized balls depending upon the size of the paratha you prefer to make.Dust the ball well and roll out into a paratha depending upon the thickness you prefer.If you find it difficult to roll it with rolling pin, use your hands and pat the dusted ball uniformly to make parathas.Heat the griddle well. Gently place the rolled paratha on the griddle and cook until brown spots appear. Flip and cook.Apply oil and fry on both the sides until they are cooked well.Serve Bajra Aloo Paratha with Tomato Onion and Cucumber Raita and Dhaniya Pudina Chutney.",1.0,buttery aloo paratha,19,"8, 20, 24, 28, 33, 36, 45, 46, 53, 62, 74, 76, 78, 83, 98, 99, 100, 102, 111",YES,Original recipe dataset,Original dataset,,
Aloo Paratha,Bajra Aloo Paratha Recipe,C:\recipe_project\images/Aloo Paratha/Paratha (14).jpg; C:\recipe_project\images/Aloo Paratha/Paratha (20).jpeg; C:\recipe_project\images/Aloo Paratha/Paratha (25).jpeg; C:\recipe_project\images/Aloo Paratha/Paratha (28).jpeg; C:\recipe_project\images/Aloo Paratha/Paratha (28).jpg; C:\recipe_project\images/Aloo Paratha/Paratha (30).jpg; C:\recipe_project\images/Aloo Paratha/Paratha (39).jpeg; C:\recipe_project\images/Aloo Paratha/Paratha (43).jpeg; C:\recipe_project\images/Aloo Paratha/Paratha (49).jpg; C:\recipe_project\images/Aloo Paratha/Paratha (53).jpg; C:\recipe_project\images/Aloo Paratha/Paratha (55).jpg; C:\recipe_project\images/Aloo Paratha/Paratha (56).jpg; C:\recipe_project\images/Aloo Paratha/Paratha (59).jpg; C:\recipe_project\images/Aloo Paratha/Paratha (61).jpg; C:\recipe_project\images/Aloo Paratha/Paratha (62).jpg; C:\recipe_project\images/Aloo Paratha/Paratha (66).jpg; C:\recipe_project\images/Aloo Paratha/Paratha (68).jpg; C:\recipe_project\images/Aloo Paratha/Paratha (69).jpg; C:\recipe_project\images/Aloo Paratha/Paratha (7).jpg; C:\recipe_project\images/Aloo Paratha/Paratha (71).jpg,Bajra is known to provide heat to the body and so the consumption of this grain in any form is usually done in winters. Bajra Aloo Paratha is one such delicacy which is very delicious and healthy and is made using millet flour which is flavoured with potato and seasoned with spices to enhance more of the flavours. It is an easy-to-cook recipe and can be served on its own or with any chutney of your choice. Bajra Aloo Paratha makes a perfect healthy breakfast for winters and an ideal meal to be carried in a lunch box.,Indian,Lunch,Vegetarian,Total in 45 M,"

							 		2 cups Bajra Flour ( Pearl Millet) 

							 		1/2 cup Whole Wheat Flour 

							 		1 cup Potatoes (Aloo)							 		, boiled and mashed							 	

							 		1 cup Methi Leaves (Fenugreek Leaves)							 		, chopped finely							 	

							 		1 teaspoon Green Chilli							 		, coarsely crushed							 	

							 		1 teaspoon Ginger							 		, grated							 	

							 		1/2 teaspoon Red Chilli powder 

							 		1/2 teaspoon Turmeric powder (Haldi) 

							 		1 teaspoon Cumin seeds (Jeera) 

							 		1/2 teaspoon Ajwain (Carom seeds) 

							 		1/2 teaspoon Chaat Masala Powder 

Salt							 		, to taste							 	

Lukewarm Water							 		, as required							 	

Oil							 		, for smearing							 	
","To begin with Bajra Aloo Paratha, firstly add all the ingredients in a large bowl and mix everything well.Gradually, add warm water little at a time and start kneading the dough. Knead well to form a soft dough.Divide the dough into equal sized balls depending upon the size of the paratha you prefer to make.Dust the ball well and roll out into a paratha depending upon the thickness you prefer.If you find it difficult to roll it with rolling pin, use your hands and pat the dusted ball uniformly to make parathas.Heat the griddle well. Gently place the rolled paratha on the griddle and cook until brown spots appear. Flip and cook.Apply oil and fry on both the sides until they are cooked well.Serve Bajra Aloo Paratha with Tomato Onion and Cucumber Raita and Dhaniya Pudina Chutney.",1.0,crispy aloo paratha,20,"12, 25, 35, 41, 42, 48, 65, 73, 80, 86, 88, 89, 92, 96, 97, 101, 103, 104, 106, 108",YES,Original recipe dataset,Original dataset,,
Aloo Paratha,Bajra Aloo Paratha Recipe,C:\recipe_project\images/Aloo Paratha/Paratha (1).jpeg; C:\recipe_project\images/Aloo Paratha/Paratha (10).jpeg; C:\recipe_project\images/Aloo Paratha/Paratha (10).jpg; C:\recipe_project\images/Aloo Paratha/Paratha (11).jpeg; C:\recipe_project\images/Aloo Paratha/Paratha (12).jpeg; C:\recipe_project\images/Aloo Paratha/Paratha (13).jpeg; C:\recipe_project\images/Aloo Paratha/Paratha (14).jpeg; C:\recipe_project\images/Aloo Paratha/Paratha (15).jpeg; C:\recipe_project\images/Aloo Paratha/Paratha (16).jpeg; C:\recipe_project\images/Aloo Paratha/Paratha (16).jpg; C:\recipe_project\images/Aloo Paratha/Paratha (17).jpeg; C:\recipe_project\images/Aloo Paratha/Paratha (17).jpg; C:\recipe_project\images/Aloo Paratha/Paratha (18).jpeg; C:\recipe_project\images/Aloo Paratha/Paratha (19).jpeg; C:\recipe_project\images/Aloo Paratha/Paratha (19).jpg; C:\recipe_project\images/Aloo Paratha/Paratha (2).jpeg; C:\recipe_project\images/Aloo Paratha/Paratha (20).jpg; C:\recipe_project\images/Aloo Paratha/Paratha (21).jpeg; C:\recipe_project\images/Aloo Paratha/Paratha (22).jpeg; C:\recipe_project\images/Aloo Paratha/Paratha (22).jpg; C:\recipe_project\images/Aloo Paratha/Paratha (23).jpeg; C:\recipe_project\images/Aloo Paratha/Paratha (23).jpg; C:\recipe_project\images/Aloo Paratha/Paratha (24).jpg; C:\recipe_project\images/Aloo Paratha/Paratha (26).jpeg; C:\recipe_project\images/Aloo Paratha/Paratha (26).jpg; C:\recipe_project\images/Aloo Paratha/Paratha (27).jpeg; C:\recipe_project\images/Aloo Paratha/Paratha (29).jpeg; C:\recipe_project\images/Aloo Paratha/Paratha (29).jpg; C:\recipe_project\images/Aloo Paratha/Paratha (30).jpeg; C:\recipe_project\images/Aloo Paratha/Paratha (31).jpeg; C:\recipe_project\images/Aloo Paratha/Paratha (31).jpg; C:\recipe_project\images/Aloo Paratha/Paratha (32).jpeg; C:\recipe_project\images/Aloo Paratha/Paratha (32).jpg; C:\recipe_project\images/Aloo Paratha/Paratha (34).jpeg; C:\recipe_project\images/Aloo Paratha/Paratha (34).jpg; C:\recipe_project\images/Aloo Paratha/Paratha (35).jpeg; C:\recipe_project\images/Aloo Paratha/Paratha (35).jpg; C:\recipe_project\images/Aloo Paratha/Paratha (36).jpeg; C:\recipe_project\images/Aloo Paratha/Paratha (36).jpg; C:\recipe_project\images/Aloo Paratha/Paratha (37).jpeg; C:\recipe_project\images/Aloo Paratha/Paratha (38).jpg; C:\recipe_project\images/Aloo Paratha/Paratha (4).jpeg; C:\recipe_project\images/Aloo Paratha/Paratha (4).jpg; C:\recipe_project\images/Aloo Paratha/Paratha (40).jpeg; C:\recipe_project\images/Aloo Paratha/Paratha (41).jpg; C:\recipe_project\images/Aloo Paratha/Paratha (42).jpeg; C:\recipe_project\images/Aloo Paratha/Paratha (42).jpg; C:\recipe_project\images/Aloo Paratha/Paratha (44).jpg; C:\recipe_project\images/Aloo Paratha/Paratha (5).jpeg; C:\recipe_project\images/Aloo Paratha/Paratha (5).jpg; C:\recipe_project\images/Aloo Paratha/Paratha (54).jpg; C:\recipe_project\images/Aloo Paratha/Paratha (57).jpg; C:\recipe_project\images/Aloo Paratha/Paratha (58).jpg; C:\recipe_project\images/Aloo Paratha/Paratha (6).jpeg; C:\recipe_project\images/Aloo Paratha/Paratha (60).jpg; C:\recipe_project\images/Aloo Paratha/Paratha (70).jpg; C:\recipe_project\images/Aloo Paratha/Paratha (72).jpg; C:\recipe_project\images/Aloo Paratha/Paratha (75).jpg; C:\recipe_project\images/Aloo Paratha/Paratha (76).jpg; C:\recipe_project\images/Aloo Paratha/Paratha (77).jpg; C:\recipe_project\images/Aloo Paratha/Paratha (78).jpg; C:\recipe_project\images/Aloo Paratha/Paratha (8).jpeg; C:\recipe_project\images/Aloo Paratha/Paratha (9).jpeg; C:\recipe_project\images/Aloo Paratha/Paratha (9).jpg,Bajra is known to provide heat to the body and so the consumption of this grain in any form is usually done in winters. Bajra Aloo Paratha is one such delicacy which is very delicious and healthy and is made using millet flour which is flavoured with potato and seasoned with spices to enhance more of the flavours. It is an easy-to-cook recipe and can be served on its own or with any chutney of your choice. Bajra Aloo Paratha makes a perfect healthy breakfast for winters and an ideal meal to be carried in a lunch box.,Indian,Lunch,Vegetarian,Total in 45 M,"

							 		2 cups Bajra Flour ( Pearl Millet) 

							 		1/2 cup Whole Wheat Flour 

							 		1 cup Potatoes (Aloo)							 		, boiled and mashed							 	

							 		1 cup Methi Leaves (Fenugreek Leaves)							 		, chopped finely							 	

							 		1 teaspoon Green Chilli							 		, coarsely crushed							 	

							 		1 teaspoon Ginger							 		, grated							 	

							 		1/2 teaspoon Red Chilli powder 

							 		1/2 teaspoon Turmeric powder (Haldi) 

							 		1 teaspoon Cumin seeds (Jeera) 

							 		1/2 teaspoon Ajwain (Carom seeds) 

							 		1/2 teaspoon Chaat Masala Powder 

Salt							 		, to taste							 	

Lukewarm Water							 		, as required							 	

Oil							 		, for smearing							 	
","To begin with Bajra Aloo Paratha, firstly add all the ingredients in a large bowl and mix everything well.Gradually, add warm water little at a time and start kneading the dough. Knead well to form a soft dough.Divide the dough into equal sized balls depending upon the size of the paratha you prefer to make.Dust the ball well and roll out into a paratha depending upon the thickness you prefer.If you find it difficult to roll it with rolling pin, use your hands and pat the dusted ball uniformly to make parathas.Heat the griddle well. Gently place the rolled paratha on the griddle and cook until brown spots appear. Flip and cook.Apply oil and fry on both the sides until they are cooked well.Serve Bajra Aloo Paratha with Tomato Onion and Cucumber Raita and Dhaniya Pudina Chutney.",1.0,plain aloo paratha,64,"1, 3, 4, 5, 7, 9, 11, 13, 15, 16, 17, 18, 19, 21, 22, 23, 26, 27, 29, 30, 31, 32, 34, 37, 38, 39, 43, 44, 47, 49, 50, 51, 52, 55, 56, 57, 58, 59, 60, 61, 64, 67, 68, 69, 70, 71, 72, 75, 81, 82, 87, 90, 91, 93, 95, 107, 109, 112, 113, 114, 115, 116, 118, 119",YES,Original recipe dataset,Original dataset,,
Aloo Paratha,Bajra Aloo Paratha Recipe,C:\recipe_project\images/Aloo Paratha/Paratha (1).jpg; C:\recipe_project\images/Aloo Paratha/Paratha (11).jpg; C:\recipe_project\images/Aloo Paratha/Paratha (13).jpg; C:\recipe_project\images/Aloo Paratha/Paratha (15).jpg; C:\recipe_project\images/Aloo Paratha/Paratha (27).jpg; C:\recipe_project\images/Aloo Paratha/Paratha (33).jpg; C:\recipe_project\images/Aloo Paratha/Paratha (38).jpeg; C:\recipe_project\images/Aloo Paratha/Paratha (39).jpg; C:\recipe_project\images/Aloo Paratha/Paratha (46).jpg; C:\recipe_project\images/Aloo Paratha/Paratha (48).jpg; C:\recipe_project\images/Aloo Paratha/Paratha (51).jpg; C:\recipe_project\images/Aloo Paratha/Paratha (52).jpg; C:\recipe_project\images/Aloo Paratha/Paratha (6).jpg; C:\recipe_project\images/Aloo Paratha/Paratha (7).jpeg; C:\recipe_project\images/Aloo Paratha/Paratha (73).jpg; C:\recipe_project\images/Aloo Paratha/Paratha (8).jpg,Bajra is known to provide heat to the body and so the consumption of this grain in any form is usually done in winters. Bajra Aloo Paratha is one such delicacy which is very delicious and healthy and is made using millet flour which is flavoured with potato and seasoned with spices to enhance more of the flavours. It is an easy-to-cook recipe and can be served on its own or with any chutney of your choice. Bajra Aloo Paratha makes a perfect healthy breakfast for winters and an ideal meal to be carried in a lunch box.,Indian,Lunch,Vegetarian,Total in 45 M,"

							 		2 cups Bajra Flour ( Pearl Millet) 

							 		1/2 cup Whole Wheat Flour 

							 		1 cup Potatoes (Aloo)							 		, boiled and mashed							 	

							 		1 cup Methi Leaves (Fenugreek Leaves)							 		, chopped finely							 	

							 		1 teaspoon Green Chilli							 		, coarsely crushed							 	

							 		1 teaspoon Ginger							 		, grated							 	

							 		1/2 teaspoon Red Chilli powder 

							 		1/2 teaspoon Turmeric powder (Haldi) 

							 		1 teaspoon Cumin seeds (Jeera) 

							 		1/2 teaspoon Ajwain (Carom seeds) 

							 		1/2 teaspoon Chaat Masala Powder 

Salt							 		, to taste							 	

Lukewarm Water							 		, as required							 	

Oil							 		, for smearing							 	
","To begin with Bajra Aloo Paratha, firstly add all the ingredients in a large bowl and mix everything well.Gradually, add warm water little at a time and start kneading the dough. Knead well to form a soft dough.Divide the dough into equal sized balls depending upon the size of the paratha you prefer to make.Dust the ball well and roll out into a paratha depending upon the thickness you prefer.If you find it difficult to roll it with rolling pin, use your hands and pat the dusted ball uniformly to make parathas.Heat the griddle well. Gently place the rolled paratha on the griddle and cook until brown spots appear. Flip and cook.Apply oil and fry on both the sides until they are cooked well.Serve Bajra Aloo Paratha with Tomato Onion and Cucumber Raita and Dhaniya Pudina Chutney.",1.0,stuffed aloo paratha,16,"2, 6, 10, 14, 40, 54, 63, 66, 77, 79, 84, 85, 94, 105, 110, 117",YES,Original recipe dataset,Original dataset,,
Dhokla,Gujarati Sev Khamani  Recipe - Amiri Khaman | Crumbled Khaman Dhokla,C:\recipe_project\images/Dhokla/Dhokala (1).jpeg; C:\recipe_project\images/Dhokla/Dhokala (1).jpg; C:\recipe_project\images/Dhokla/Dhokala (1).png; C:\recipe_project\images/Dhokla/Dhokala (10).jpeg; C:\recipe_project\images/Dhokla/Dhokala (10).jpg; C:\recipe_project\images/Dhokla/Dhokala (10).png; C:\recipe_project\images/Dhokla/Dhokala (11).jpeg; C:\recipe_project\images/Dhokla/Dhokala (11).jpg; C:\recipe_project\images/Dhokla/Dhokala (11).png; C:\recipe_project\images/Dhokla/Dhokala (12).jpeg; C:\recipe_project\images/Dhokla/Dhokala (12).jpg; C:\recipe_project\images/Dhokla/Dhokala (12).png; C:\recipe_project\images/Dhokla/Dhokala (13).jpeg; C:\recipe_project\images/Dhokla/Dhokala (13).jpg; C:\recipe_project\images/Dhokla/Dhokala (14).jpeg; C:\recipe_project\images/Dhokla/Dhokala (15).jpeg; C:\recipe_project\images/Dhokla/Dhokala (15).jpg; C:\recipe_project\images/Dhokla/Dhokala (16).jpeg; C:\recipe_project\images/Dhokla/Dhokala (17).jpeg; C:\recipe_project\images/Dhokla/Dhokala (17).jpg; C:\recipe_project\images/Dhokla/Dhokala (18).jpeg; C:\recipe_project\images/Dhokla/Dhokala (18).jpg; C:\recipe_project\images/Dhokla/Dhokala (19).jpeg; C:\recipe_project\images/Dhokla/Dhokala (19).jpg; C:\recipe_project\images/Dhokla/Dhokala (2).jpeg; C:\recipe_project\images/Dhokla/Dhokala (2).jpg; C:\recipe_project\images/Dhokla/Dhokala (2).png; C:\recipe_project\images/Dhokla/Dhokala (20).jpeg; C:\recipe_project\images/Dhokla/Dhokala (20).jpg; C:\recipe_project\images/Dhokla/Dhokala (21).jpeg; C:\recipe_project\images/Dhokla/Dhokala (21).jpg; C:\recipe_project\images/Dhokla/Dhokala (22).jpg; C:\recipe_project\images/Dhokla/Dhokala (23).jpeg; C:\recipe_project\images/Dhokla/Dhokala (23).jpg; C:\recipe_project\images/Dhokla/Dhokala (24).jpeg; C:\recipe_project\images/Dhokla/Dhokala (26).jpeg; C:\recipe_project\images/Dhokla/Dhokala (26).jpg; C:\recipe_project\images/Dhokla/Dhokala (27).jpeg; C:\recipe_project\images/Dhokla/Dhokala (27).jpg; C:\recipe_project\images/Dhokla/Dhokala (28).jpeg; C:\recipe_project\images/Dhokla/Dhokala (29).jpeg; C:\recipe_project\images/Dhokla/Dhokala (29).jpg; C:\recipe_project\images/Dhokla/Dhokala (3).jpeg; C:\recipe_project\images/Dhokla/Dhokala (3).jpg; C:\recipe_project\images/Dhokla/Dhokala (3).png; C:\recipe_project\images/Dhokla/Dhokala (30).jpeg; C:\recipe_project\images/Dhokla/Dhokala (30).jpg; C:\recipe_project\images/Dhokla/Dhokala (31).jpeg; C:\recipe_project\images/Dhokla/Dhokala (31).jpg; C:\recipe_project\images/Dhokla/Dhokala (32).jpeg; C:\recipe_project\images/Dhokla/Dhokala (32).jpg; C:\recipe_project\images/Dhokla/Dhokala (33).jpeg; C:\recipe_project\images/Dhokla/Dhokala (33).jpg; C:\recipe_project\images/Dhokla/Dhokala (34).jpeg; C:\recipe_project\images/Dhokla/Dhokala (34).jpg; C:\recipe_project\images/Dhokla/Dhokala (35).jpeg; C:\recipe_project\images/Dhokla/Dhokala (35).jpg; C:\recipe_project\images/Dhokla/Dhokala (36).jpeg; C:\recipe_project\images/Dhokla/Dhokala (36).jpg; C:\recipe_project\images/Dhokla/Dhokala (37).jpg; C:\recipe_project\images/Dhokla/Dhokala (4).jpeg; C:\recipe_project\images/Dhokla/Dhokala (4).jpg; C:\recipe_project\images/Dhokla/Dhokala (4).png; C:\recipe_project\images/Dhokla/Dhokala (41).jpg; C:\recipe_project\images/Dhokla/Dhokala (42).jpg; C:\recipe_project\images/Dhokla/Dhokala (43).jpg; C:\recipe_project\images/Dhokla/Dhokala (44).jpg; C:\recipe_project\images/Dhokla/Dhokala (45).jpg; C:\recipe_project\images/Dhokla/Dhokala (46).jpg; C:\recipe_project\images/Dhokla/Dhokala (48).jpg; C:\recipe_project\images/Dhokla/Dhokala (49).jpg; C:\recipe_project\images/Dhokla/Dhokala (5).jpeg; C:\recipe_project\images/Dhokla/Dhokala (5).png; C:\recipe_project\images/Dhokla/Dhokala (51).jpg; C:\recipe_project\images/Dhokla/Dhokala (53).jpg; C:\recipe_project\images/Dhokla/Dhokala (56).jpg; C:\recipe_project\images/Dhokla/Dhokala (58).jpg; C:\recipe_project\images/Dhokla/Dhokala (6).jpeg; C:\recipe_project\images/Dhokla/Dhokala (6).jpg; C:\recipe_project\images/Dhokla/Dhokala (6).png; C:\recipe_project\images/Dhokla/Dhokala (7).jpeg; C:\recipe_project\images/Dhokla/Dhokala (7).jpg; C:\recipe_project\images/Dhokla/Dhokala (7).png; C:\recipe_project\images/Dhokla/Dhokala (8).jpeg; C:\recipe_project\images/Dhokla/Dhokala (8).png; C:\recipe_project\images/Dhokla/Dhokala (9).jpeg; C:\recipe_project\images/Dhokla/Dhokala (9).jpg; C:\recipe_project\images/Dhokla/Dhokala (9).png,Sev Khamani also known as Amiri Khaman is a classic Gujarati dish that are traditionally made from lentil cakes that are steamed and crumbled. The Amiri Khaman can also be made from leftover dhokla and gujarati’s are known for their love for food and also know how to reuse the leftovers to make tasty dishes like this simple Khamani. ,Gujarati Recipes﻿,North Indian Breakfast,High Protein Vegetarian,Total in 50 M,"

							 		1 teaspoon Oil 

							 		1 teaspoon Sesame seeds (Til seeds) 

							 		15 Khaman dhokla							 		, pieces							 	

							 		1 sprig Curry leaves							 		, roughly torn							 	

							 		2 Green Chillies							 		, thinly sliced							 	

							 		1 Onion							 		, finely chopped							 	

							 		1/2 cup Sev 

							 		1/4 cup Coriander (Dhania) Leaves							 		, finely chopped							 	

							 		1/4 cup Fresh coconut							 		, grated							 	

Salt							 		, to taste							 	
","To begin making the Amiri Khaman Recipe, in a large bowl, crumble the Khaman Dhokla into coarse crumbs using your fingers. Heat oil in a pan; add the  sesame seeds and allow them to crackle. Stir in the curry leaves, green chillies and sauté until tender and the green chillies are slightly soft.Stir in the crumbled Khaman Dhokla, salt to the above seasoning and stir gently.Turn off the heat and stir in the grated coconut, chopped onions, chopped coriander leaves, sev and pomegranate and serve hot. Transfer the Amiri Khaman | Sev Khamani to a serving dish and serve immediately. Note: Khaman Dhokla will already have some salt in it; so use caution in adding salt to the Amiri KhamanServe Amiri Khaman Recipe along with Masala Chai Recipe - Indian Spiced Tea for a wholesome breakfast.",1.0,khaman dhokla,88,"1, 2, 3, 4, 5, 6, 7, 8, 9, 10, 11, 12, 13, 14, 15, 17, 18, 19, 21, 22, 23, 24, 25, 26, 27, 28, 29, 30, 31, 32, 33, 35, 36, 37, 38, 42, 43, 44, 45, 46, 48, 49, 50, 51, 52, 53, 54, 55, 56, 57, 58, 59, 60, 61, 62, 63, 64, 65, 66, 67, 70, 71, 72, 74, 75, 76, 77, 78, 79, 81, 82, 83, 85, 87, 89, 92, 94, 95, 96, 97, 98, 99, 100, 101, 103, 104, 105, 106",YES,Original recipe dataset,Original dataset,,
Dhokla,Gujarati Khatta Dhokla Recipe,C:\recipe_project\images/Dhokla/Dhokala (24).jpg; C:\recipe_project\images/Dhokla/Dhokala (25).jpeg; C:\recipe_project\images/Dhokla/Dhokala (25).jpg; C:\recipe_project\images/Dhokla/Dhokala (38).jpg; C:\recipe_project\images/Dhokla/Dhokala (47).jpg; C:\recipe_project\images/Dhokla/Dhokala (50).jpg; C:\recipe_project\images/Dhokla/Dhokala (52).jpg; C:\recipe_project\images/Dhokla/Dhokala (54).jpg; C:\recipe_project\images/Dhokla/Dhokala (55).jpg; C:\recipe_project\images/Dhokla/Dhokala (8).jpg,"Gujarati Khatta Dhokla is a healthy dal cake, made with a batter of rice and dals like - urad dal and chana dal, flavoured with ginger and green chilli which is steamed and seasoned with mustard and sesame seeds. ",Gujarati Recipes﻿,Snack,Vegetarian,Total in 50 M,"

							 		1 cup Rice 

							 		1 cup White Urad Dal (Whole) 

							 		1 cup Chana dal (Bengal Gram Dal) 

							 		2 tablespoons Curd (Dahi / Yogurt) 

							 		2 Green Chillies 

							 		1 inch Ginger 

Red Chilli powder							 		, for sprinkling							 	

							 		1 tablespoon Oil 

Salt							 		, to taste							 	
Ingredients for seasoning

							 		1 tablespoon Oil 

							 		1 teaspoon Mustard seeds (Rai/ Kadugu) 

							 		1 teaspoon Sesame seeds (Til seeds) 

							 		1/4 teaspoon Asafoetida (hing) 

							 		1 sprig Curry leaves							 		, finely chopped							 	

Coriander (Dhania) Leaves							 		, for garnishing							 	
","To begin making the Gujarati Khatta Dhokla Recipe, soak the rice, and dals in 3 cups of water for 6 hours.Once soaked, drain the water from the rice and the dal. Transfer to a tall jar of the mixer grinder and grind the soaked dal along with green chillies, ginger, yogurt adding little water at time to make a thick batter.The consistency of the batter should be such that when you use a ladle to pour, it should be of thick flowing consistency and not a thin batter.Transfer the dhokla batter into a large bowl, stir in the salt and allow the dholka batter to ferment for 8 hours or overnight.Once fermented you will notice the batter has risen. Gently stir in the oil into the batter taking care to keep the fluffy consistency.Generously grease the dhokla plates with oil all round the sides and the base. Pour in the batter into the plates until it is half full. Sprinkle a little red chilli powder around the top of the dough.Place the dhokla plates in a steamer and steam for about 10 minutes on high heat, until the dhokla is cooked. When a greased knife inserted into the center, it should come out clean.Allow the Khatta dhokla to rest for 5 minutes before serving them.Heat oil in a small pan on medium heat; add the mustard seeds, sesame seeds, asafoetida, curry leaves and allow them to crackle and turn off heat.Drizzle the seasoning over the Khatta Dhokla and garnish with coriander leaves.Serve the Khatta Dhokla into desired shapes and serve with Green Chutney.",1.0,khatta dhokla,10,"39, 40, 41, 68, 80, 86, 88, 90, 91, 102",YES,Original recipe dataset,Original dataset,,
Dhokla,Roasted Pumpkin Rava Dhokla Recipe - Sooji Dhokla,C:\recipe_project\images/Dhokla/Dhokala (14).jpg; C:\recipe_project\images/Dhokla/Dhokala (16).jpg; C:\recipe_project\images/Dhokla/Dhokala (28).jpg; C:\recipe_project\images/Dhokla/Dhokala (39).jpg; C:\recipe_project\images/Dhokla/Dhokala (40).jpg,"Roasted Pumpkin Rava Dhokla Recipe, is a healthy twist to the classic rava dhokla, where along with curd, roasted pumpkin puree is added to the dhokla batter. ",Gujarati Recipes﻿,North Indian Breakfast,Vegetarian,Total in 30 M,"

							 		1 cup Kaddu (Parangikai/ Pumpkin)							 		, peeled and diced							 	

							 		1 teaspoon Oil 

							 		1 cup Sooji (Semolina/ Rava) 

							 		1/4 cup Curd (Dahi / Yogurt) 

Salt							 		, to taste							 	

							 		1 teaspoon Green Chilli							 		, made into paste using pestle and motor							 	

							 		1 teaspoon Enos Fruit Salt 
For the tadka

							 		1 tablespoon Oil 

							 		1/2 teaspoon Mustard seeds (Rai/ Kadugu) 

							 		1/2 teaspoon Cumin seeds (Jeera) 

							 		1 pinch Asafoetida (hing) 

							 		1/2 teaspoon Sesame seeds (Til seeds) 

							 		1 sprig Curry leaves 

Coriander (Dhania) Leaves							 		, to garnish							 	
","To begin making the Roasted Pumpkin Rava Dhokla Recipe, heat a skillet with with oil on medium heat. Once the oil is hot, add in the pumpkin, sprinkle a little salt and roast for 4-5 minutes until it becomes soft and tender. Do not add any water while roasting the pumpkin. Cover the pan and allow the pumpkin to cook in it's own steam.Once done turn off the heat, and allow the pumpkin to cool. Once the pumpkin has cooled, transfer the pumpkin to a mixer jar and grind to a smooth paste. Transfer the pumpkin puree to a mixing bowl. In the bowl with with the pumpkin puree add and combine the rava, curd, cooking oil, salt and  green chilliMix vigorously and allow it to rest for a good 30 minutes. After the 30 minutes you will see the sooji has fluffed up well. Preheat the steamer with water and keep it ready.Grease a plate generously with oil. Add eno's fruit salt and give it a good mix. Pour the Roasted Pumpkin Rava Dhokla batter into the plate mouldNow place the plate in the steamer, cover and steam for 10-12 minutes until firm. Open the lid, insert a greased knife to check if its done. If the greased knife comes out clean the dhokla is steamed. Demould and transfer Roasted Pumpkin Rava Dhokla to a serving plate. ",1.0,rava dhokla,5,"16, 20, 47, 69, 73",YES,Original recipe dataset,Original dataset,,
Dhokla,Dhokla Sandwich With Capsicum And Paneer Recipe,C:\recipe_project\images/Dhokla/Dhokala (22).jpeg,Dhokla Sandwich With Capsicum And Paneer Recipe is a twist to the usual dhokla that we have for our breakfast. Dhoklas are one of the famous breakfast dishes in Gujarat that are steamed and eaten with a pudina Chutney on the side.,North Indian Recipes,Snack,Vegetarian,Total in 55 M,"
For the Dhokla

							 		1 cup Poha (Flattened rice)							 		, ground to powder							 	

							 		1 cup Curd (Dahi / Yogurt) 

							 		1/2 cup Sooji (Semolina/ Rava) 

							 		1/2 cup Gram flour (besan) 

							 		1 Green Chilli							 		, chopped							 	

							 		1 teaspoon Cumin seeds (Jeera) 

							 		1 inch Ginger							 		, chopped							 	

							 		1 teaspoon Enos Fruit Salt 

Salt							 		, to taste							 	

Oil 
For the Tempering

							 		1 teaspoon Cumin seeds (Jeera) 

							 		1 teaspoon Mustard seeds (Rai/ Kadugu) 

							 		1 sprig Curry leaves 

							 		1 pinch Asafoetida (hing) 

Oil 
For the Stuffing

							 		1 Red Bell pepper (Capsicum)							 		, chopped							 	

							 		1 Yellow Bell Pepper (Capsicum)							 		, chopped							 	

							 		1 Green bell peppers							 		, chopped							 	

							 		1 cup Paneer (Homemade Cottage Cheese)							 		, crumbled							 	

							 		1/2 cup Green Chutney (Coriander & Mint) 

							 		2 tablespoons Red Chilli sauce 
","To begin making the Dhokla Sandwich with Capsicum and Paneer Recipe, firstly prepare a steamer filled with water and grease the dhokla plates. Keep aside.Grind the poha to a smooth powder in a mixer grinder and keep it aside. In the same mixer, add green chillies, ginger and cumin seeds and grind to a coarse paste.Add this paste to a mixing bowl and combine all the other ingredients - semolina, powdered poha, besan, salt, Enos fruit salt and mix well.Add yogurt and enough water and mix to form a thick batter. Rest the batter for 15 minutes until you move on to chop ingredients for your stuffing. Pour the dhokla batter into the greased dhokla plates.Preheat a steamer with water and place the dhokla batter for steaming. Steam on high heat for about 10 minutes until a tester inserted in the center comes out clean.Once steamed, remove the Dhokla from the steamer and keep aside for 5 minutes. Set aside to cool down.Heat a pan with oil, add bell peppers and saute for 10 minutes until it softens. Later add crumbled paneer and keep sautéing until the paneer is cooked.Once that is done, you can add the mint and coriander chutney, red chili garlic sauce and check for salt. Stir well until the mixture is evenly coated with the masala. Set aside to cool.Cut the dhokla to triangles or rectangular shapes as you wish and flip it over. Heat a grilling pan, once the pan becomes hot drizzle some oil and place the dhokla to get the grilled marks on top.Flip the dhokla pieces and grill them on the other hand as well and take them out. Take two grilled pieces of dhokla and stuff them with the filling and place them on the serving plate. Do the same for the rest of the pieces.Heat oil in a pan; add in the mustard seeds, cumin seed, hing and curry leaves and allow it to crackle. Turn off heat and pour the seasoning over the dhokla and serve hot. Serve the Dhokla Sandwich with Capsicum And Paneer Recipe along with Apple Almond Date Smoothie or Masala Chai to make it a complete breakfast or you can serve it with a fruit bowl to enjoy your evening snack.",1.0,sandwich dhokla,1,34,YES,Original recipe dataset,Original dataset,,
Dhokla,white dhokla,C:\recipe_project\images/Dhokla/Dhokala (5).jpg; C:\recipe_project\images/Dhokla/Dhokala (57).jpg,,,,,,2 cups rice; 1 cup urad dal; 1/2 cup sour curd; 1 tsp salt; 1 tsp sugar; 1 tsp ginger-green chilli paste; 1 tsp fruit salt; 1 tbsp oil; 1 tsp mustard seeds; curry leaves; coriander,"1. Soak rice and urad dal separately for 4–6 hours. 2. Grind with curd and water to a smooth batter and ferment 6–8 hours. 3. Mix salt, sugar and ginger-chilli paste. 4. Just before steaming, fold in fruit salt. 5. Pour into a greased steamer plate and steam 12–15 minutes. 6. Cool, cut into pieces and temper with oil, mustard seeds and curry leaves.",,white dhokla,2,"84, 93",YES,Hebbars Kitchen – Idli Dhokla,Reputable website – adapted variant,https://hebbarskitchen.com/hi/instant-idli-dhokla-recipe/,Base recipe adapted to predicted variety
Dosa,Mysore Masala Dosa Made With Ragi Dosa Batter,C:\recipe_project\images/Dosa/Dosa (1).jpeg; C:\recipe_project\images/Dosa/Dosa (11).jpeg; C:\recipe_project\images/Dosa/Dosa (12).jpeg; C:\recipe_project\images/Dosa/Dosa (12).jpg; C:\recipe_project\images/Dosa/Dosa (14).jpeg; C:\recipe_project\images/Dosa/Dosa (16).jpeg; C:\recipe_project\images/Dosa/Dosa (17).jpeg; C:\recipe_project\images/Dosa/Dosa (19).jpg; C:\recipe_project\images/Dosa/Dosa (21).jpeg; C:\recipe_project\images/Dosa/Dosa (22).jpeg; C:\recipe_project\images/Dosa/Dosa (22).jpg; C:\recipe_project\images/Dosa/Dosa (24).jpg; C:\recipe_project\images/Dosa/Dosa (27).jpg; C:\recipe_project\images/Dosa/Dosa (3).jpeg; C:\recipe_project\images/Dosa/Dosa (31).jpg; C:\recipe_project\images/Dosa/Dosa (32).jpg; C:\recipe_project\images/Dosa/Dosa (33).jpg; C:\recipe_project\images/Dosa/Dosa (36).jpg; C:\recipe_project\images/Dosa/Dosa (38).jpg; C:\recipe_project\images/Dosa/Dosa (4).jpg; C:\recipe_project\images/Dosa/Dosa (4).png; C:\recipe_project\images/Dosa/Dosa (47).jpg; C:\recipe_project\images/Dosa/Dosa (48).jpg; C:\recipe_project\images/Dosa/Dosa (49).jpg; C:\recipe_project\images/Dosa/Dosa (5).jpg; C:\recipe_project\images/Dosa/Dosa (5).png; C:\recipe_project\images/Dosa/Dosa (51).jpg; C:\recipe_project\images/Dosa/Dosa (54).jpg; C:\recipe_project\images/Dosa/Dosa (55).jpg; C:\recipe_project\images/Dosa/Dosa (56).jpg; C:\recipe_project\images/Dosa/Dosa (57).jpg; C:\recipe_project\images/Dosa/Dosa (58).jpg; C:\recipe_project\images/Dosa/Dosa (59).jpg; C:\recipe_project\images/Dosa/Dosa (6).jpeg; C:\recipe_project\images/Dosa/Dosa (6).jpg; C:\recipe_project\images/Dosa/Dosa (6).png; C:\recipe_project\images/Dosa/Dosa (60).jpg; C:\recipe_project\images/Dosa/Dosa (61).jpg; C:\recipe_project\images/Dosa/Dosa (62).jpg; C:\recipe_project\images/Dosa/Dosa (63).jpg; C:\recipe_project\images/Dosa/Dosa (64).jpg; C:\recipe_project\images/Dosa/Dosa (66).jpg; C:\recipe_project\images/Dosa/Dosa (68).jpg; C:\recipe_project\images/Dosa/Dosa (69).jpg; C:\recipe_project\images/Dosa/Dosa (7).jpg; C:\recipe_project\images/Dosa/Dosa (72).jpg; C:\recipe_project\images/Dosa/Dosa (8).jpeg; C:\recipe_project\images/Dosa/Dosa (9).jpg,"Mysore Masala Dosa Recipe is a famous breakfast dish among the  Southern part of India. In this recipe we have used a ragi idli dosa batter to make the Masala Dosa. Traditionally, idli boiled rice and urad dal, along with some jaggery is used to make the dosa.",Karnataka,South Indian Breakfast,Vegetarian,Total in 60 M,"
For the Dosa Batter

							 		1 cup Idli Rice							 		, (a special rice available in the indian stores for making idli and dosas)							 	

							 		1/2 cup Ragi Seeds 

							 		1 cup White Urad Dal (Whole) 

							 		1 teaspoon Methi Seeds (Fenugreek Seeds) 

Water							 		, for soaking the rice							 	
For the red Chutney

							 		1 Onion							 		, chopped							 	

							 		3 tablespoon Roasted Gram Dal (Pottukadalai) 

							 		2 Dry Red Chillies 

							 		4 cloves Garlic 

							 		1 inch Ginger							 		, chopped							 	

Salt							 		, to taste							 	
For the Potato Palya

							 		4 Potatoes (Aloo) 

							 		1 teaspoon Cumin seeds (Jeera) 

							 		1 sprig Curry leaves 

							 		1 pinch Asafoetida (hing) 

							 		1 Onion							 		, sliced							 	

							 		1 teaspoon Turmeric powder (Haldi) 

							 		4 sprig Coriander (Dhania) Leaves							 		, chopped							 	

Salt							 		, to taste 							 	
","To begin making the Mysore Masala Dosa Recipe, we will first make the Ragi (Millet) Idli Dosa Batter.Add idli rice and ragi in a big bowl together, the level of water required is an inch above the rice in the bowl. Let it soak for about 6 hours.Soak the urad dal and fenugreek in water such that all of the dal is completely immersed in water. The level of water will be 2 inches above the dal in the bowl. Let it soak for about 6 hours.First grind the urad dal into a fine smooth batter. While grinding just enough water to make it into a very very smooth batter. The batter will look fluffy.Grind the rice and millet mixture into a smooth batter, adding just the required amount of water to grind into an almost smooth batter. Adding too much water will make the mixture too watery. Combine the urad and rice batter, add salt to taste and set aside for at least 12 hours or overnight until the batter ferments. You will notice the batter would have risen in volume.Hence you should place the batter in a large container so it has enough room to increase in its volume.*Note on fermenting the Ragi Idli & Dosa BatterFermenting has to take place where the weather is warm. So ideally in summer, the batter ferments very well and doubles or triples its quantity.But in cold places, the batter has to be kept in an oven. If your oven has a light, then turn on the light for a few hours with the batter in the oven.Once the oven is warm, turn off the light and let the batter ferment. If your oven does not have a light, then preheat the oven to warm, turn off oven then keep the batter in the oven to ferment. This process can be mastered with experience.*To Make the Red ChutneySoak the dry red chilli in warm water for at least 20 minutes.Once done you can add all the ingredients - Onion, ginger, garlic, roasted gram dal, soaked dry red chillies and salt into a mixer and grind with little water to form a coarse paste.You can check for seasoning and adjust the salt or spice level if you want later on and set aside in a bowl.*To make the PalyaPressure cook the potatoes with 2 cups of water, sprinkle little salt and cook for atleast 4 whistle.Once done allow the pressure cooker to release naturally, and drain all the water and peel off the skin and mash the potatoes and set aside.Heat a flat skillet with oil, add mustard seeds and allow it to sizzle for few seconds. Sprinkle with hing and add curry leaves and allow it to sparkle for few seconds.Add sliced onions, ginger and garlic for few minutes and sauté until the onions turn translucent.Add turmeric powder, salt and boiled potatoes and mix well until it is well combined. Check for salt and add coriander leaves at the end and stir. Add it into a bowl and keep it ready.*To make the Mysore Masala DosaThe next step is to assemble the dosa. Heat a dosa Tawa. Pour a small ladleful of dosa batter onto the Tawa and spread evenly with the back of the ladle to make a medium-sized dosa.Drizzle half a teaspoon of oil around the dosa and cook over low heat for few seconds. Spread a little red chutney all over the dosa and place some potato masala in the center of the dosa.Continue to cook the dosa over low heat till the dosa turned a little brown. Gently fold over one side and transfer the dosa to a serving plate.Serve Mysore Masala Dosa Recipe along with south Indian coconut chutney & Bangalore Restaurant Style Sambar to make your breakfast complete.",1.0,masala dosa,48,"1, 6, 8, 9, 12, 16, 18, 23, 29, 31, 32, 34, 37, 40, 44, 45, 46, 49, 51, 54, 55, 63, 64, 65, 67, 68, 70, 73, 74, 75, 76, 77, 78, 79, 80, 81, 82, 83, 84, 85, 86, 88, 90, 91, 93, 96, 97, 100",YES,Original recipe dataset,Original dataset,,
Dosa,Mysore Masala Dosa Made With Ragi Dosa Batter,C:\recipe_project\images/Dosa/Dosa (10).jpg; C:\recipe_project\images/Dosa/Dosa (17).jpg; C:\recipe_project\images/Dosa/Dosa (20).jpg; C:\recipe_project\images/Dosa/Dosa (34).jpg; C:\recipe_project\images/Dosa/Dosa (46).jpg; C:\recipe_project\images/Dosa/Dosa (70).jpg; C:\recipe_project\images/Dosa/Dosa (71).jpg,"Mysore Masala Dosa Recipe is a famous breakfast dish among the  Southern part of India. In this recipe we have used a ragi idli dosa batter to make the Masala Dosa. Traditionally, idli boiled rice and urad dal, along with some jaggery is used to make the dosa.",Karnataka,South Indian Breakfast,Vegetarian,Total in 60 M,"
For the Dosa Batter

							 		1 cup Idli Rice							 		, (a special rice available in the indian stores for making idli and dosas)							 	

							 		1/2 cup Ragi Seeds 

							 		1 cup White Urad Dal (Whole) 

							 		1 teaspoon Methi Seeds (Fenugreek Seeds) 

Water							 		, for soaking the rice							 	
For the red Chutney

							 		1 Onion							 		, chopped							 	

							 		3 tablespoon Roasted Gram Dal (Pottukadalai) 

							 		2 Dry Red Chillies 

							 		4 cloves Garlic 

							 		1 inch Ginger							 		, chopped							 	

Salt							 		, to taste							 	
For the Potato Palya

							 		4 Potatoes (Aloo) 

							 		1 teaspoon Cumin seeds (Jeera) 

							 		1 sprig Curry leaves 

							 		1 pinch Asafoetida (hing) 

							 		1 Onion							 		, sliced							 	

							 		1 teaspoon Turmeric powder (Haldi) 

							 		4 sprig Coriander (Dhania) Leaves							 		, chopped							 	

Salt							 		, to taste 							 	
","To begin making the Mysore Masala Dosa Recipe, we will first make the Ragi (Millet) Idli Dosa Batter.Add idli rice and ragi in a big bowl together, the level of water required is an inch above the rice in the bowl. Let it soak for about 6 hours.Soak the urad dal and fenugreek in water such that all of the dal is completely immersed in water. The level of water will be 2 inches above the dal in the bowl. Let it soak for about 6 hours.First grind the urad dal into a fine smooth batter. While grinding just enough water to make it into a very very smooth batter. The batter will look fluffy.Grind the rice and millet mixture into a smooth batter, adding just the required amount of water to grind into an almost smooth batter. Adding too much water will make the mixture too watery. Combine the urad and rice batter, add salt to taste and set aside for at least 12 hours or overnight until the batter ferments. You will notice the batter would have risen in volume.Hence you should place the batter in a large container so it has enough room to increase in its volume.*Note on fermenting the Ragi Idli & Dosa BatterFermenting has to take place where the weather is warm. So ideally in summer, the batter ferments very well and doubles or triples its quantity.But in cold places, the batter has to be kept in an oven. If your oven has a light, then turn on the light for a few hours with the batter in the oven.Once the oven is warm, turn off the light and let the batter ferment. If your oven does not have a light, then preheat the oven to warm, turn off oven then keep the batter in the oven to ferment. This process can be mastered with experience.*To Make the Red ChutneySoak the dry red chilli in warm water for at least 20 minutes.Once done you can add all the ingredients - Onion, ginger, garlic, roasted gram dal, soaked dry red chillies and salt into a mixer and grind with little water to form a coarse paste.You can check for seasoning and adjust the salt or spice level if you want later on and set aside in a bowl.*To make the PalyaPressure cook the potatoes with 2 cups of water, sprinkle little salt and cook for atleast 4 whistle.Once done allow the pressure cooker to release naturally, and drain all the water and peel off the skin and mash the potatoes and set aside.Heat a flat skillet with oil, add mustard seeds and allow it to sizzle for few seconds. Sprinkle with hing and add curry leaves and allow it to sparkle for few seconds.Add sliced onions, ginger and garlic for few minutes and sauté until the onions turn translucent.Add turmeric powder, salt and boiled potatoes and mix well until it is well combined. Check for salt and add coriander leaves at the end and stir. Add it into a bowl and keep it ready.*To make the Mysore Masala DosaThe next step is to assemble the dosa. Heat a dosa Tawa. Pour a small ladleful of dosa batter onto the Tawa and spread evenly with the back of the ladle to make a medium-sized dosa.Drizzle half a teaspoon of oil around the dosa and cook over low heat for few seconds. Spread a little red chutney all over the dosa and place some potato masala in the center of the dosa.Continue to cook the dosa over low heat till the dosa turned a little brown. Gently fold over one side and transfer the dosa to a serving plate.Serve Mysore Masala Dosa Recipe along with south Indian coconut chutney & Bangalore Restaurant Style Sambar to make your breakfast complete.",1.0,mysore masala dosa,7,"5, 19, 28, 47, 62, 94, 95",YES,Original recipe dataset,Original dataset,,
Dosa,Spring Onion Dosa Recipe,C:\recipe_project\images/Dosa/Dosa (14).jpg; C:\recipe_project\images/Dosa/Dosa (16).jpg; C:\recipe_project\images/Dosa/Dosa (2).jpg; C:\recipe_project\images/Dosa/Dosa (20).jpeg; C:\recipe_project\images/Dosa/Dosa (26).jpg; C:\recipe_project\images/Dosa/Dosa (42).jpg,"Spring Onion Dosa is an aromatic and tasty dosa which is made with the addition spring onions. They are mild in taste and mostly grown in mildly cool temperature. Spring Onions lack fully developed bulbs and the entire plant is used in making salads, soups and chutney",Karnataka,South Indian Breakfast,Vegetarian,Total in 390 M,"

							 		1 cup Spring Onion (Bulb & Greens)							 		, chopped							 	

							 		1 cup Spring Onion Greens							 		, chopped							 	

							 		2 cups Dosa rice 

							 		1/2 cup Poha (Flattened rice) 

							 		2 tablespoons White Urad Dal (Split) 

							 		1 tablespoon Methi Seeds (Fenugreek Seeds) 

							 		6 Dry Red Chillies 

							 		1/4 cup Fresh coconut							 		, grated							 	

							 		2 tablespoon Jaggery							 		, grated							 	

Water							 		, as required for batter							 	

Oil							 		, to prepare dosa							 	

Salt							 		, to taste							 	
","To begin making the Spring Onion Dosa, clean dosa rice with water and soak in water for 4 hours.Soak urad dal and methi seeds separately in water for 4 hours. Clean thick poha with water and soak with little water for 15 mins.After 4 hours, take a mixer jar add half of soaked rice, urad dal, methi seeds and grind into fine paste. Pour this into a mixing vessel.Now add remaining rice, soaked poha, red chilies and grated fresh coconut in a mixer jar and grind into fine paste.Pour this ground paste into the batter bowl and mix everything properly. Add grated jaggery and mix well. Next add the finely chopped spring onion (both bulbs and greens), salt into the batter and mix well. Add water as required to prepare the medium thick batter. Heat a skillet and pour the Spring Onion dosa batter over the heated skillet.Sprinkle oil on the surface and close with a lid. Cook the dosa properly from both the sides. Serve hot with butter, ghee, and liquid jaggery.Serve Spring Onion Dosa along with Dhaniya Pudina Chutney, South Indian Coconut Chutney or any other chutney of your choice.",1.0,onion dosa,6,"13, 17, 25, 27, 36, 58",YES,Original recipe dataset,Original dataset,,
Dosa,Vazhaipoo Bajra Adai Recipe - Banana Flower & Pearl Millet Dosa,C:\recipe_project\images/Dosa/Dosa (1).jpg; C:\recipe_project\images/Dosa/Dosa (1).png; C:\recipe_project\images/Dosa/Dosa (10).jpeg; C:\recipe_project\images/Dosa/Dosa (11).jpg; C:\recipe_project\images/Dosa/Dosa (13).jpeg; C:\recipe_project\images/Dosa/Dosa (13).jpg; C:\recipe_project\images/Dosa/Dosa (15).jpeg; C:\recipe_project\images/Dosa/Dosa (18).jpg; C:\recipe_project\images/Dosa/Dosa (19).jpeg; C:\recipe_project\images/Dosa/Dosa (2).jpeg; C:\recipe_project\images/Dosa/Dosa (23).jpg; C:\recipe_project\images/Dosa/Dosa (25).jpg; C:\recipe_project\images/Dosa/Dosa (28).jpg; C:\recipe_project\images/Dosa/Dosa (29).jpg; C:\recipe_project\images/Dosa/Dosa (3).jpg; C:\recipe_project\images/Dosa/Dosa (3).png; C:\recipe_project\images/Dosa/Dosa (30).jpg; C:\recipe_project\images/Dosa/Dosa (35).jpg; C:\recipe_project\images/Dosa/Dosa (37).jpg; C:\recipe_project\images/Dosa/Dosa (39).jpg; C:\recipe_project\images/Dosa/Dosa (4).jpeg; C:\recipe_project\images/Dosa/Dosa (40).jpg; C:\recipe_project\images/Dosa/Dosa (41).jpg; C:\recipe_project\images/Dosa/Dosa (43).jpg; C:\recipe_project\images/Dosa/Dosa (44).jpg; C:\recipe_project\images/Dosa/Dosa (5).jpeg; C:\recipe_project\images/Dosa/Dosa (50).jpg; C:\recipe_project\images/Dosa/Dosa (52).jpg; C:\recipe_project\images/Dosa/Dosa (53).jpg; C:\recipe_project\images/Dosa/Dosa (65).jpg; C:\recipe_project\images/Dosa/Dosa (67).jpg; C:\recipe_project\images/Dosa/Dosa (7).jpeg; C:\recipe_project\images/Dosa/Dosa (9).jpeg,"Vazhaipoo Bajra Adai Recipe (Banana Flower & Pearl Millet Crepe), a nutritious meal that is made with banana flower which is mixed along with 5 different kinds of dals like moong dal, toor dal, urad dal and channa dal. In order to keep it highly nutritious we have also added pearl millet which is rich in fiber and protein content. Banana flower is rich in protein content, it is also helpful in managing diabetics. The adai as a whole will give you a healthy start for your day.",Tamil Nadu,South Indian Breakfast,Diabetic Friendly,Total in 210 M,"

							 		1 Banana flower (Vazhaipoo)							 		, cleaned and chopped							 	

							 		1 Onion							 		, chopped							 	

							 		1 teaspoon Turmeric powder (Haldi) 

Salt							 		, to taste							 	
To Grind

							 		1/4 cup White Urad Dal (Split) 

							 		1/4 cup Arhar dal (Split Toor Dal) 

							 		1/4 cup Chana dal (Bengal Gram Dal) 

							 		1 cup Bajra (seeds) 

							 		1 tablespoon Whole Black Pepper Corns 

							 		3 sprig Curry leaves 
","To begin making the Vazhaipoo Bajra Adai Recipe, soak the dals and millet in water for at least 3 hours.Once the dals are soaked, grind them along with pepper and curry leaves to a coarse batter by adding little bit of water.The batter must be the same consistency of a dosa batter and not too runny. Once all of it is ground keep, stir in the salt and keep the Bajra adai batter aside aside.Move ahead to clean the banana flower, take out the petals first and you will notice small white florets at the bottom, pluck them out.Keep a container with buttermilk ready in order to add the used florets. From each banana floret, the stamen (kaalan) and the thin white colored cover portions must be removed and should be soaked in the buttermilk.Once u have done removing all the florets, drain the buttermilk and chop the florets into small pieces.Heat a kadai with oil, add onions and saute till they turn translucent. Add chopped florets, sprinkle with salt and turmeric and saute until the florets are cooked.Add these sautéed Banana Flower into the Bajra Adai batter and mix well to combine.Heat a dosa tawa, once it becomes hot, use a ladle to take little batter and pour it in the center and spread it in concentric circles with the back ladle to form a thin Adai.Drizzle oil around the Banana Flower Bajra Adai cook until the Adai is crisp and golden brown on both sides.Serve the Vazhaipoo Bajra Adai Recipe along with Coconut chutney and Sambar to make it a wholesome high protein meal.",1.0,plain dosa,33,"2, 3, 4, 7, 10, 11, 14, 21, 22, 24, 33, 35, 38, 39, 41, 42, 43, 48, 50, 52, 53, 56, 57, 59, 60, 66, 69, 71, 72, 87, 89, 92, 99",YES,Original recipe dataset,Original dataset,,
Dosa,Ragi Rava Dosa Recipe With Oats - Finger Millet & Oats Dosa Recipe,C:\recipe_project\images/Dosa/Dosa (21).jpg; C:\recipe_project\images/Dosa/Dosa (45).jpg,"Ragi Rava Dosa Recipe With Oats is delicious and healthy combination of Oat and Ragi made into a batter and prepared to make a crispy dosa. Ragi and Oatmeal flour are whisked together and spiced up with green chillies, coriander leaves and cumin seeds.",Indian,South Indian Breakfast,Diabetic Friendly,Total in 25 M,"

							 		1/2 cup Ragi Flour (Finger Millet/ Nagli) 

							 		1/4 cup Instant Oats (Oatmeal) 

							 		1/4 cup Rice flour 

							 		1/4 cup Sooji (Semolina/ Rava) 

							 		3-1/2 cups Water 

							 		2 Green Chillies							 		, finely chopped							 	

							 		1 inch Ginger							 		, grated							 	

							 		1/2 teaspoon Whole Black Peppercorns							 		, crushed							 	

							 		1 teaspoon Cumin powder (Jeera) 

							 		2 sprig Coriander (Dhania) Leaves							 		, chopped							 	

Salt							 		, to taste							 	

Ghee							 		, for cooking the dosa							 	
","To begin making the Ragi Rava Dosa Recipe, in a large bowl combine the Semolina, Ragi & Rice flours and salt. Stir 3 cups of water to make a thick batter. Allow the batter to rest for about 10 minutes.Stir in the remaining ingredients into the ragi rava dosa batter - green chillies, grated ginger, peppercorns, cumin seeds and finely chopped coriander leaves. Combine well.Finally add 1/2 cup more water to the batter to make it of thin pouring consistency. It will be thinner than the pancake/dosa batter.When the ragi rava dosa batter is thin, it spreads wild on a heated skillet, producing holes in the dosa and making it crispHeat a iron skillet or dosa tawa on high heat. Make sure the skillet is very hot. To test the heat, sprinkle some water on the skillet, it will sizzle when its hot. Pour a ladle of the ragi rava dosa batter starting from the outer edges. The batter will sizzle and spread itself forming holes. Pour the batter from a height, Fill in the batter where there are gaps. Although allow the dosa to have a few holes.Turn the heat to medium, if you want a crisp ragi oats dosa. The slower it cooks, the crispier it gets.Drizzle about 1/2 teaspoon of ghee around the dosa and allow it to cook for 2-3 minutes on medium heat.Once golden and crisp on one side turn it over and allow to cook for another minute. At this stage the dosa will be thin and crisp, with one side golden brown in color.Remove the Ragi Rava Dosa With Oats off the skillet. Repeat to make the remaining dosas.Serve the Ragi Rava Dosa With Oats with just a cup of yogurt, or with Thakkali Vengaya Sambar and Tomato Chutney or even just along with jaggery and butter.",1.0,rava dosa,2,"30, 61",YES,Original recipe dataset,Original dataset,,
Dosa,Karnataka Style Set Dosa Recipe,C:\recipe_project\images/Dosa/Dosa (15).jpg; C:\recipe_project\images/Dosa/Dosa (18).jpeg; C:\recipe_project\images/Dosa/Dosa (2).png; C:\recipe_project\images/Dosa/Dosa (8).jpg,"Dosas are an integral part of the South Indian cuisine and almost every region in south, has their own unique twist to making the dosas. The Karnataka Style Set Dosa is a thick dosa that comes in a set of three when you visit any Darshinis or Sagars in and around the state of Karnataka.",Karnataka,South Indian Breakfast,Vegetarian,Total in 390 M,"

							 		2 cups Idli Rice 

							 		1/2 cup White Urad Dal (Whole) 

							 		2 teaspoons Methi Seeds (Fenugreek Seeds) 

							 		1 cup Poha (Flattened rice) 

							 		2 teaspoons Salt 
","To begin making the Karnataka Style Set Dosa Recipe, we will first soak the rice and flattened rice/poha together in one bowl and the urad dal along with the fenugreek seeds in another bowl. Soak them for at least 6 hours.After 6 hours, grind the urad dal into a fine smooth batter. While grinding add just enough water to make it into a very very smooth batter. The batter will look fluffy. Pour this batter into a large container.Grind the rice and flattened rice into a smooth paste, adding just the required amount of water to grind into a almost smooth batter and thick batter. Adding too much water will make the dosa batter too watery. Combine the urad and rice batter, add salt to taste and set aside for at least 12 hours or overnight until the batter ferments. You will notice the batter would have doubled in volume.Do make sure you place the batter in a large container so it has enough room to increase in its volume.Once risen in volume, stir the batter just a little to combine it through. Take care not to stir it vigorously, as it will loose it fluffiness.Heat a skillet over medium heat. You will know its heat just right, when you sprinkle some water over the skillet, it will sizzle. Pour a ladleful of batter over the skillet and allow it to spread on its own (just a bit). The set dosa is like a pancake. It's a little thick and fluffy. Cover the dosa with a lid and allow to cook in its own steam for a few minutes.Once you notice the top is steamed and cooked through, you can remove it from the skillet and serve. Proceed the same way to make the remaining set dosas.Serve the Karnataka Style Set Dosas along with three different types of chutneys like Tomato Onion Chutney, Coconut Coriander Chutney and Ginger Walnut Chutney. ",1.0,set dosa,4,"15, 20, 26, 98",YES,Original recipe dataset,Original dataset,,
Idli,fried idli,C:\recipe_project\images/Idli/Idli (40).jpeg,,,,,,"8 idlis; 2 tbsp oil; 1/2 tsp mustard seeds; 1/2 tsp cumin; 1 green chilli, chopped; 6 curry leaves; 1/4 tsp turmeric; salt; 2 tbsp coriander",1. Cut cooled idlis into bite-size pieces. 2. Heat oil and splutter mustard and cumin. 3. Add chilli and curry leaves. 4. Add turmeric and idli pieces with a little salt. 5. Toss on medium heat until the pieces are lightly crisp and golden. 6. Garnish with coriander and serve.,,fried idli,1,58,YES,Swasthi's Recipes – Idli,Reputable website – adapted variant,https://www.indianhealthyrecipes.com/idli-recipe-how-to-make-soft-idlis/,Base recipe adapted to predicted variety
Idli,Kanchipuram Idlis Recipe,C:\recipe_project\images/Idli/Idli (1).jpg; C:\recipe_project\images/Idli/Idli (17).jpeg; C:\recipe_project\images/Idli/Idli (19).jpg; C:\recipe_project\images/Idli/Idli (20).jpg; C:\recipe_project\images/Idli/Idli (22).jpg; C:\recipe_project\images/Idli/Idli (23).jpg; C:\recipe_project\images/Idli/Idli (24).jpeg; C:\recipe_project\images/Idli/Idli (24).jpg; C:\recipe_project\images/Idli/Idli (28).jpg; C:\recipe_project\images/Idli/Idli (3).jpg; C:\recipe_project\images/Idli/Idli (5).jpg; C:\recipe_project\images/Idli/Idli (7).jpg; C:\recipe_project\images/Idli/Idli (71).jpeg,"Kanchipuram Idlis Recipe is a variety of idly from Tamil Nadu - an Indian state known for its variety of breakfast options including Idli, sambar and chutney, dosa, vadas and so many more. Some particular South Indian towns have their own variations of idlis, and this one is from the town of Kanchipuram. You could call it the signature idli of the area. Prepared with assorted spices, these idlis are a mouthwatering treat and a lovely deviation from the regular idli. Traditionally, they are steamed in mandhari leaves but I have seen my mom make them in steel bowls and glasses, which always made a fun idli eating experience for us, as kids. Kanchipuram idlis can be made in regular idli plates too and can be served with Sambar, Kathirikai Gothsu, Chutney Podi, or Coconut Chutney.",South Indian Recipes,South Indian Breakfast,High Protein Vegetarian,Total in 75 M,"
For batter

							 		1 cup Idli Rice 

							 		1/2 cup Black Urad Dal (Whole) 

							 		1 teaspoon Methi Seeds (Fenugreek Seeds) 

Salt							 		, to taste							 	
For tempering

							 		1 tablespoon Ghee 

							 		2 teaspoon Cumin seeds (Jeera) 

							 		1 teaspoon Whole Black Peppercorns 

							 		1 sprig Curry leaves 

							 		1 inch Ginger							 		, finely chopped							 	

							 		1/4 teaspoon Asafoetida (hing) 
","To make the Kanchipuram Idlis, first soak the rice, urad dal and fenugreek seeds in water for about 5 hours, or overnight.Rinse the soaked grains once or twice and grind into a slightly thick coarse batter with very little water. Add salt, mix well and place it in a steel vessel with enough space for it to rise as it ferments.Let it rest overnight.Place a pan on the heat and warm some oil/ghee. Add cumin seeds, pepper corns, curry leaves, finely chopped ginger, and sauté for a minute. Add asafetida and mix again. Turn off heatAdd this prepared tempering to the fermented batter and mix well.Grease idli plates with oil, pour the batter into them and place them in a steamer.Add enough water into the steamer, shut the lid and allow it to steam it for 10 to 12 minutes until the Idli is cooked.If a spoon inserted inside the idli should come out clean, and the idli should be soft and fluffy.Remove the idli from steamer and cool it for 3 minutes. With the help of butter knife scrape out the idli from the moulds and serve hot with Sambar, Kathirikai Gothsu, Chutney Podi or Coconut Chutney.",1.0,plain idli,13,"2, 17, 22, 26, 30, 32, 33, 34, 42, 45, 69, 93, 95",YES,Original recipe dataset,Original dataset,,
Idli,Thatte Idli Recipe,C:\recipe_project\images/Idli/Idli (1).jpeg; C:\recipe_project\images/Idli/Idli (10).jpeg; C:\recipe_project\images/Idli/Idli (10).jpg; C:\recipe_project\images/Idli/Idli (11).jpeg; C:\recipe_project\images/Idli/Idli (11).jpg; C:\recipe_project\images/Idli/Idli (12).jpeg; C:\recipe_project\images/Idli/Idli (12).jpg; C:\recipe_project\images/Idli/Idli (13).jpeg; C:\recipe_project\images/Idli/Idli (13).jpg; C:\recipe_project\images/Idli/Idli (14).jpeg; C:\recipe_project\images/Idli/Idli (14).jpg; C:\recipe_project\images/Idli/Idli (15).jpeg; C:\recipe_project\images/Idli/Idli (15).jpg; C:\recipe_project\images/Idli/Idli (16).jpeg; C:\recipe_project\images/Idli/Idli (16).jpg; C:\recipe_project\images/Idli/Idli (17).jpg; C:\recipe_project\images/Idli/Idli (18).jpeg; C:\recipe_project\images/Idli/Idli (18).jpg; C:\recipe_project\images/Idli/Idli (19).jpeg; C:\recipe_project\images/Idli/Idli (2).jpeg; C:\recipe_project\images/Idli/Idli (2).jpg; C:\recipe_project\images/Idli/Idli (20).jpeg; C:\recipe_project\images/Idli/Idli (21).jpeg; C:\recipe_project\images/Idli/Idli (21).jpg; C:\recipe_project\images/Idli/Idli (22).jpeg; C:\recipe_project\images/Idli/Idli (23).jpeg; C:\recipe_project\images/Idli/Idli (25).jpeg; C:\recipe_project\images/Idli/Idli (25).jpg; C:\recipe_project\images/Idli/Idli (26).jpeg; C:\recipe_project\images/Idli/Idli (26).jpg; C:\recipe_project\images/Idli/Idli (27).jpeg; C:\recipe_project\images/Idli/Idli (27).jpg; C:\recipe_project\images/Idli/Idli (28).jpeg; C:\recipe_project\images/Idli/Idli (29).jpeg; C:\recipe_project\images/Idli/Idli (3).jpeg; C:\recipe_project\images/Idli/Idli (30).jpeg; C:\recipe_project\images/Idli/Idli (31).jpeg; C:\recipe_project\images/Idli/Idli (32).jpeg; C:\recipe_project\images/Idli/Idli (33).jpeg; C:\recipe_project\images/Idli/Idli (34).jpeg; C:\recipe_project\images/Idli/Idli (35).jpeg; C:\recipe_project\images/Idli/Idli (36).jpeg; C:\recipe_project\images/Idli/Idli (37).jpeg; C:\recipe_project\images/Idli/Idli (38).jpeg; C:\recipe_project\images/Idli/Idli (39).jpeg; C:\recipe_project\images/Idli/Idli (4).jpeg; C:\recipe_project\images/Idli/Idli (4).jpg; C:\recipe_project\images/Idli/Idli (41).jpeg; C:\recipe_project\images/Idli/Idli (42).jpeg; C:\recipe_project\images/Idli/Idli (43).jpeg; C:\recipe_project\images/Idli/Idli (44).jpeg; C:\recipe_project\images/Idli/Idli (45).jpeg; C:\recipe_project\images/Idli/Idli (46).jpeg; C:\recipe_project\images/Idli/Idli (47).jpeg; C:\recipe_project\images/Idli/Idli (48).jpeg; C:\recipe_project\images/Idli/Idli (49).jpeg; C:\recipe_project\images/Idli/Idli (5).jpeg; C:\recipe_project\images/Idli/Idli (50).jpeg; C:\recipe_project\images/Idli/Idli (51).jpeg; C:\recipe_project\images/Idli/Idli (52).jpeg; C:\recipe_project\images/Idli/Idli (53).jpeg; C:\recipe_project\images/Idli/Idli (54).jpeg; C:\recipe_project\images/Idli/Idli (55).jpeg; C:\recipe_project\images/Idli/Idli (56).jpeg; C:\recipe_project\images/Idli/Idli (57).jpeg; C:\recipe_project\images/Idli/Idli (58).jpeg; C:\recipe_project\images/Idli/Idli (59).jpeg; C:\recipe_project\images/Idli/Idli (6).jpeg; C:\recipe_project\images/Idli/Idli (6).jpg; C:\recipe_project\images/Idli/Idli (60).jpeg; C:\recipe_project\images/Idli/Idli (61).jpeg; C:\recipe_project\images/Idli/Idli (62).jpeg; C:\recipe_project\images/Idli/Idli (63).jpeg; C:\recipe_project\images/Idli/Idli (64).jpeg; C:\recipe_project\images/Idli/Idli (65).jpeg; C:\recipe_project\images/Idli/Idli (66).jpeg; C:\recipe_project\images/Idli/Idli (67).jpeg; C:\recipe_project\images/Idli/Idli (68).jpeg; C:\recipe_project\images/Idli/Idli (69).jpeg; C:\recipe_project\images/Idli/Idli (7).jpeg; C:\recipe_project\images/Idli/Idli (70).jpeg; C:\recipe_project\images/Idli/Idli (72).jpeg; C:\recipe_project\images/Idli/Idli (73).jpeg; C:\recipe_project\images/Idli/Idli (74).jpeg; C:\recipe_project\images/Idli/Idli (75).jpeg; C:\recipe_project\images/Idli/Idli (76).jpeg; C:\recipe_project\images/Idli/Idli (8).jpeg; C:\recipe_project\images/Idli/Idli (8).jpg; C:\recipe_project\images/Idli/Idli (9).jpeg; C:\recipe_project\images/Idli/Idli (9).jpg,"Thatte Idli is one of the Karnataka's famous breakfast dish. It is a regular dish in every household in Karnataka and is very easy and quick to make. It is also named as Plate idli. This recipe is made with Urad dal, Poha and Sabudana.",Karnataka,South Indian Breakfast,Vegetarian,Total in 20 M,"

							 		3 cups Rice 

							 		1 cup Black Urad Dal (Split) 

							 		1 cup Poha (Flattened rice) 

							 		1/2 cup Sabudana (Tapioca Pearls) 

							 		1/2 teaspoon Cooking soda							 		, optional							 	

Salt							 		, to taste							 	

Oil							 		, as required to grease							 	
","To begin with Thatte Idli, wash all the ingredients and soak each separately.Soak rice and sabudana for about 4-5 hours and urad dal and beaten rice for 1-1.5 hours.Grind the urad dal first in a mixer or a grinder, into a smooth paste adding enough water. Add the water in intervals.Once, urad dal is done, add rice, poha and sabudana and grind adding little water. Grind them all together into a smooth batter and make sure that the final batter should be smoother than the normal idli batter.Transfer the ground batter to a big vessel, add salt, mix well and keep aside for fermentation for about 10-12 hours.After 10-12 hours, mix gently before pouring into the greased idli plate. If you want to add the soda, you can add it before pouring it into the greased plates.Steam the idlis for 8-10 minutes in an idli steamer. Serve Thatte Idli with Mixed Vegetable Sambar and South Indian Coconut Chutney for a perfect meal.",1.0,thatte idli,90,"1, 3, 4, 5, 6, 7, 8, 9, 10, 11, 12, 13, 14, 15, 16, 18, 19, 20, 21, 23, 24, 25, 27, 28, 29, 31, 35, 36, 37, 38, 39, 40, 41, 43, 44, 46, 47, 48, 49, 50, 51, 52, 53, 54, 55, 56, 57, 59, 60, 61, 62, 63, 64, 65, 66, 67, 68, 70, 71, 72, 73, 74, 75, 76, 77, 78, 79, 80, 81, 82, 83, 84, 85, 86, 87, 88, 89, 90, 91, 92, 94, 96, 97, 98, 99, 100, 101, 102, 103, 104",YES,Original recipe dataset,Original dataset,,
Malai Kofta,Malai Kofta Curry Recipe - Creamy and Healthy Paneer Aloo Kofta Curry,C:\recipe_project\images/Malai Kofta/1469258122-malai-kofta.jpg; C:\recipe_project\images/Malai Kofta/1677133503-ingredients.jpg; C:\recipe_project\images/Malai Kofta/360_F_130058194_x6lBJhCpwcvFXfugxEVbkoov8Ru91IHo.jpg; C:\recipe_project\images/Malai Kofta/Malai-Kofta-Curry-5.jpg; C:\recipe_project\images/Malai Kofta/Malai-Kofta-Recipe-500x500.jpg; C:\recipe_project\images/Malai Kofta/Malai-kofta-163965912316x9.jpg; C:\recipe_project\images/Malai Kofta/Paneer-Kofta-Blog-Thumbnail-480x270.jpg; C:\recipe_project\images/Malai Kofta/Sofyt-creamy-Malai-Kofta-recipe.jpg; C:\recipe_project\images/Malai Kofta/Untitled-design-1-1.png; C:\recipe_project\images/Malai Kofta/image (10).jpeg; C:\recipe_project\images/Malai Kofta/image (6).jpeg; C:\recipe_project\images/Malai Kofta/image (7).jpeg; C:\recipe_project\images/Malai Kofta/images (103).jpeg; C:\recipe_project\images/Malai Kofta/images (105).jpeg; C:\recipe_project\images/Malai Kofta/images (106).jpeg; C:\recipe_project\images/Malai Kofta/images (115).jpeg; C:\recipe_project\images/Malai Kofta/images (12).jpeg; C:\recipe_project\images/Malai Kofta/images (122).jpeg; C:\recipe_project\images/Malai Kofta/images (127).jpeg; C:\recipe_project\images/Malai Kofta/images (128).jpeg; C:\recipe_project\images/Malai Kofta/images (133).jpeg; C:\recipe_project\images/Malai Kofta/images (137).jpeg; C:\recipe_project\images/Malai Kofta/images (138).jpeg; C:\recipe_project\images/Malai Kofta/images (158).jpeg; C:\recipe_project\images/Malai Kofta/images (16).jpeg; C:\recipe_project\images/Malai Kofta/images (20).jpeg; C:\recipe_project\images/Malai Kofta/images (206).jpeg; C:\recipe_project\images/Malai Kofta/images (228).jpeg; C:\recipe_project\images/Malai Kofta/images (235).jpeg; C:\recipe_project\images/Malai Kofta/images (26).jpeg; C:\recipe_project\images/Malai Kofta/images (275).jpeg; C:\recipe_project\images/Malai Kofta/images (294).jpeg; C:\recipe_project\images/Malai Kofta/images (299).jpeg; C:\recipe_project\images/Malai Kofta/images (33).jpeg; C:\recipe_project\images/Malai Kofta/images (34).jpeg; C:\recipe_project\images/Malai Kofta/images (347).jpeg; C:\recipe_project\images/Malai Kofta/images (348).jpeg; C:\recipe_project\images/Malai Kofta/images (353).jpeg; C:\recipe_project\images/Malai Kofta/images (37).jpeg; C:\recipe_project\images/Malai Kofta/images (374).jpeg; C:\recipe_project\images/Malai Kofta/images (43).jpeg; C:\recipe_project\images/Malai Kofta/images (44).jpeg; C:\recipe_project\images/Malai Kofta/images (46).jpeg; C:\recipe_project\images/Malai Kofta/images (5).jpeg; C:\recipe_project\images/Malai Kofta/images (54).jpeg; C:\recipe_project\images/Malai Kofta/images (55).jpeg; C:\recipe_project\images/Malai Kofta/images (56).jpeg; C:\recipe_project\images/Malai Kofta/images (6).jpeg; C:\recipe_project\images/Malai Kofta/images (64).jpeg; C:\recipe_project\images/Malai Kofta/images (66).jpeg; C:\recipe_project\images/Malai Kofta/images (67).jpeg; C:\recipe_project\images/Malai Kofta/images (75).jpeg; C:\recipe_project\images/Malai Kofta/images (78).jpeg; C:\recipe_project\images/Malai Kofta/images (81).jpeg; C:\recipe_project\images/Malai Kofta/malai-kofta-curry-is-a-mughlai-speciality-dish-served-in-a-b.jpg; C:\recipe_project\images/Malai Kofta/malai-kofta-indian-cuisine-dish-260nw-1934982644.jpg; C:\recipe_project\images/Malai Kofta/malai_kofta_1633695688.jpg; C:\recipe_project\images/Malai Kofta/malai_kofta_417x250_1.jpg; C:\recipe_project\images/Malai Kofta/malai_kofta_recipe-sixteen_nine.jpg; C:\recipe_project\images/Malai Kofta/paneer_620x330_81519709592.jpg,The Malai Kofta recipe is a delicious preparation paneer and potato balls simmered in a spiced tomato gravy. This recipe of kofta is a healthy twist to the traditionally deep fried kofta recipes that you would make.,North Indian Recipes,Main Course,Vegetarian,Total in 60 M,"
Ingredients for Malai Koftas

							 		3 Potatoes (Aloo)							 		, boiled, peeled and mashed							 	

							 		1-1/2 cups Paneer (Homemade Cottage Cheese)							 		, crumbled							 	

							 		1/2 teaspoon Garam masala powder 

							 		1/2 teaspoon Red Chilli powder 

							 		2 tablespoons Gram flour (besan) 

							 		1/4 cup Coriander (Dhania) Leaves							 		, finely chopped							 	

							 		1/2 cup Sultana Raisins							 		, a handful, to stuff the kofta’s							 	

Salt							 		, to taste							 	

Oil							 		, for cooking							 	
Ingredients for Gravy

							 		1 tablespoon Ghee							 		, for cooking							 	

							 		1 inch Ginger							 		, finely chopped							 	

							 		4 cloves Garlic							 		, finely chopped							 	

							 		1 Onion							 		, finely chopped							 	

							 		2 cups Homemade tomato puree 

							 		2 teaspoons Coriander Powder (Dhania) 

							 		1/2 teaspoon Garam masala powder 

							 		1/2 teaspoon Turmeric powder (Haldi) 

							 		1 teaspoon Red Chilli powder 

							 		1/2 teaspoon Cardamom Powder (Elaichi) 

							 		1 tablespoon Honey 

							 		1/4 cup Fresh cream 

							 		1 tablespoon Kasuri Methi (Dried Fenugreek Leaves)							 		, for garnishing							 	

Salt							 		, to taste							 	
","To begin making the Malai Kofta Recipe, combine all the ingredients for the koftas in a bowl and divide them into lemon size balls.Flatten the balls in the palm of your hands and place a couple of raisins in the center. Close the kofta dough back into a ball and keep aside.The next step is to cook the Malai Koftas either in the Kuzhi Paniyaram PanIf you plan to use the Kuzhi Paniyaram Pan; then place the kofta balls in the pan's cavities; drizzle the koftas with a little oil and pan fry them until golden brown on both sides. You will have to flip the kofta balls so they fry on all sides evenly. The next step is to make the Kofta CurryHeat oil in a heavy bottomed pan; add in the grated ginger, garlic, onions and sauté for a few seconds until the onions soften.Stir in the tomato puree, honey, turmeric powder, cardamom powder, garam masala powder, coriander powder, salt and chilli powder to taste.Bring the kofta curry to a boil and simmer for a couple of minutes till the tomatoes get cooked through.Finally add in the cream and the kasuri methi and stir it into the kofta curry.Adjust the consistency of the malai kofta curry by adding water if required. Do make sure to check the salt and spice levels and adjust according to your taste. When you are ready to serve, place the kofta curry in the serving bowl and add the warm malai kofta balls in the curry, garnish with coriander leaves and serve hot.Serve Non Fried Malai Kofta Recipe with Tawa parathas and Mixed Vegetable Pulao Recipe and Mooli Raita for lunch or dinner. You can even serve the Malai Kofta for a indian dinner party menu.",1.0,classic malai kofta,60,"1, 2, 3, 7, 8, 9, 10, 11, 12, 13, 18, 19, 20, 22, 23, 24, 26, 27, 29, 30, 33, 35, 36, 40, 41, 42, 43, 45, 48, 51, 52, 55, 58, 64, 65, 68, 69, 70, 75, 76, 81, 82, 84, 85, 86, 87, 88, 92, 93, 95, 96, 100, 101, 102, 108, 110, 113, 114, 115, 116",YES,Original recipe dataset,Original dataset,,
Malai Kofta,Malai Kofta Curry Recipe - Creamy and Healthy Paneer Aloo Kofta Curry,C:\recipe_project\images/Malai Kofta/Malai-Kofta-1-of-1-9.jpg; C:\recipe_project\images/Malai Kofta/image (3).jpeg; C:\recipe_project\images/Malai Kofta/image (5).jpeg; C:\recipe_project\images/Malai Kofta/images (104).jpeg; C:\recipe_project\images/Malai Kofta/images (116).jpeg; C:\recipe_project\images/Malai Kofta/images (126).jpeg; C:\recipe_project\images/Malai Kofta/images (129).jpeg; C:\recipe_project\images/Malai Kofta/images (136).jpeg; C:\recipe_project\images/Malai Kofta/images (22).jpeg; C:\recipe_project\images/Malai Kofta/images (23).jpeg; C:\recipe_project\images/Malai Kofta/images (237).jpeg; C:\recipe_project\images/Malai Kofta/images (24).jpeg; C:\recipe_project\images/Malai Kofta/images (284).jpeg; C:\recipe_project\images/Malai Kofta/images (286).jpeg; C:\recipe_project\images/Malai Kofta/images (306).jpeg; C:\recipe_project\images/Malai Kofta/images (31).jpeg; C:\recipe_project\images/Malai Kofta/images (340).jpeg; C:\recipe_project\images/Malai Kofta/images (355).jpeg; C:\recipe_project\images/Malai Kofta/images (357).jpeg; C:\recipe_project\images/Malai Kofta/images (367).jpeg; C:\recipe_project\images/Malai Kofta/images (378).jpeg; C:\recipe_project\images/Malai Kofta/images (42).jpeg; C:\recipe_project\images/Malai Kofta/images (45).jpeg; C:\recipe_project\images/Malai Kofta/images (58).jpeg; C:\recipe_project\images/Malai Kofta/images (70).jpeg; C:\recipe_project\images/Malai Kofta/images (84).jpeg; C:\recipe_project\images/Malai Kofta/images (96).jpeg; C:\recipe_project\images/Malai Kofta/malai-kofta-1-360x360.jpg; C:\recipe_project\images/Malai Kofta/malai-kofta-2.jpg; C:\recipe_project\images/Malai Kofta/picture-malai-kofta_871710-29670.jpg; C:\recipe_project\images/Malai Kofta/stock-photo-malai-kofta-curry-in-black-bowl-at-dark-slate-ba.jpg,The Malai Kofta recipe is a delicious preparation paneer and potato balls simmered in a spiced tomato gravy. This recipe of kofta is a healthy twist to the traditionally deep fried kofta recipes that you would make.,North Indian Recipes,Main Course,Vegetarian,Total in 60 M,"
Ingredients for Malai Koftas

							 		3 Potatoes (Aloo)							 		, boiled, peeled and mashed							 	

							 		1-1/2 cups Paneer (Homemade Cottage Cheese)							 		, crumbled							 	

							 		1/2 teaspoon Garam masala powder 

							 		1/2 teaspoon Red Chilli powder 

							 		2 tablespoons Gram flour (besan) 

							 		1/4 cup Coriander (Dhania) Leaves							 		, finely chopped							 	

							 		1/2 cup Sultana Raisins							 		, a handful, to stuff the kofta’s							 	

Salt							 		, to taste							 	

Oil							 		, for cooking							 	
Ingredients for Gravy

							 		1 tablespoon Ghee							 		, for cooking							 	

							 		1 inch Ginger							 		, finely chopped							 	

							 		4 cloves Garlic							 		, finely chopped							 	

							 		1 Onion							 		, finely chopped							 	

							 		2 cups Homemade tomato puree 

							 		2 teaspoons Coriander Powder (Dhania) 

							 		1/2 teaspoon Garam masala powder 

							 		1/2 teaspoon Turmeric powder (Haldi) 

							 		1 teaspoon Red Chilli powder 

							 		1/2 teaspoon Cardamom Powder (Elaichi) 

							 		1 tablespoon Honey 

							 		1/4 cup Fresh cream 

							 		1 tablespoon Kasuri Methi (Dried Fenugreek Leaves)							 		, for garnishing							 	

Salt							 		, to taste							 	
","To begin making the Malai Kofta Recipe, combine all the ingredients for the koftas in a bowl and divide them into lemon size balls.Flatten the balls in the palm of your hands and place a couple of raisins in the center. Close the kofta dough back into a ball and keep aside.The next step is to cook the Malai Koftas either in the Kuzhi Paniyaram PanIf you plan to use the Kuzhi Paniyaram Pan; then place the kofta balls in the pan's cavities; drizzle the koftas with a little oil and pan fry them until golden brown on both sides. You will have to flip the kofta balls so they fry on all sides evenly. The next step is to make the Kofta CurryHeat oil in a heavy bottomed pan; add in the grated ginger, garlic, onions and sauté for a few seconds until the onions soften.Stir in the tomato puree, honey, turmeric powder, cardamom powder, garam masala powder, coriander powder, salt and chilli powder to taste.Bring the kofta curry to a boil and simmer for a couple of minutes till the tomatoes get cooked through.Finally add in the cream and the kasuri methi and stir it into the kofta curry.Adjust the consistency of the malai kofta curry by adding water if required. Do make sure to check the salt and spice levels and adjust according to your taste. When you are ready to serve, place the kofta curry in the serving bowl and add the warm malai kofta balls in the curry, garnish with coriander leaves and serve hot.Serve Non Fried Malai Kofta Recipe with Tawa parathas and Mixed Vegetable Pulao Recipe and Mooli Raita for lunch or dinner. You can even serve the Malai Kofta for a indian dinner party menu.",1.0,paneer malai kofta,31,"6, 15, 17, 21, 25, 28, 31, 34, 44, 46, 49, 50, 53, 54, 61, 62, 66, 71, 72, 73, 77, 80, 83, 90, 98, 103, 104, 105, 106, 117, 118",YES,Original recipe dataset,Original dataset,,
Malai Kofta,Malai Kofta Curry Recipe - Creamy and Healthy Paneer Aloo Kofta Curry,C:\recipe_project\images/Malai Kofta/IMG_2719.jpg; C:\recipe_project\images/Malai Kofta/images (141).jpeg; C:\recipe_project\images/Malai Kofta/images (142).jpeg; C:\recipe_project\images/Malai Kofta/images (232).jpeg; C:\recipe_project\images/Malai Kofta/images (297).jpeg; C:\recipe_project\images/Malai Kofta/images (302).jpeg; C:\recipe_project\images/Malai Kofta/images (32).jpeg; C:\recipe_project\images/Malai Kofta/images (40).jpeg; C:\recipe_project\images/Malai Kofta/malai-kofta-curry-is-a-mughlai-speciality-dish-served-in-a-b (1).jpg; C:\recipe_project\images/Malai Kofta/malai-kofta-curry-mughlai-special-260nw-1252380541.jpg; C:\recipe_project\images/Malai Kofta/malai-kofta-indian-vegetarian-meatballs-curry-traditionally-.jpg,The Malai Kofta recipe is a delicious preparation paneer and potato balls simmered in a spiced tomato gravy. This recipe of kofta is a healthy twist to the traditionally deep fried kofta recipes that you would make.,North Indian Recipes,Main Course,Vegetarian,Total in 60 M,"
Ingredients for Malai Koftas

							 		3 Potatoes (Aloo)							 		, boiled, peeled and mashed							 	

							 		1-1/2 cups Paneer (Homemade Cottage Cheese)							 		, crumbled							 	

							 		1/2 teaspoon Garam masala powder 

							 		1/2 teaspoon Red Chilli powder 

							 		2 tablespoons Gram flour (besan) 

							 		1/4 cup Coriander (Dhania) Leaves							 		, finely chopped							 	

							 		1/2 cup Sultana Raisins							 		, a handful, to stuff the kofta’s							 	

Salt							 		, to taste							 	

Oil							 		, for cooking							 	
Ingredients for Gravy

							 		1 tablespoon Ghee							 		, for cooking							 	

							 		1 inch Ginger							 		, finely chopped							 	

							 		4 cloves Garlic							 		, finely chopped							 	

							 		1 Onion							 		, finely chopped							 	

							 		2 cups Homemade tomato puree 

							 		2 teaspoons Coriander Powder (Dhania) 

							 		1/2 teaspoon Garam masala powder 

							 		1/2 teaspoon Turmeric powder (Haldi) 

							 		1 teaspoon Red Chilli powder 

							 		1/2 teaspoon Cardamom Powder (Elaichi) 

							 		1 tablespoon Honey 

							 		1/4 cup Fresh cream 

							 		1 tablespoon Kasuri Methi (Dried Fenugreek Leaves)							 		, for garnishing							 	

Salt							 		, to taste							 	
","To begin making the Malai Kofta Recipe, combine all the ingredients for the koftas in a bowl and divide them into lemon size balls.Flatten the balls in the palm of your hands and place a couple of raisins in the center. Close the kofta dough back into a ball and keep aside.The next step is to cook the Malai Koftas either in the Kuzhi Paniyaram PanIf you plan to use the Kuzhi Paniyaram Pan; then place the kofta balls in the pan's cavities; drizzle the koftas with a little oil and pan fry them until golden brown on both sides. You will have to flip the kofta balls so they fry on all sides evenly. The next step is to make the Kofta CurryHeat oil in a heavy bottomed pan; add in the grated ginger, garlic, onions and sauté for a few seconds until the onions soften.Stir in the tomato puree, honey, turmeric powder, cardamom powder, garam masala powder, coriander powder, salt and chilli powder to taste.Bring the kofta curry to a boil and simmer for a couple of minutes till the tomatoes get cooked through.Finally add in the cream and the kasuri methi and stir it into the kofta curry.Adjust the consistency of the malai kofta curry by adding water if required. Do make sure to check the salt and spice levels and adjust according to your taste. When you are ready to serve, place the kofta curry in the serving bowl and add the warm malai kofta balls in the curry, garnish with coriander leaves and serve hot.Serve Non Fried Malai Kofta Recipe with Tawa parathas and Mixed Vegetable Pulao Recipe and Mooli Raita for lunch or dinner. You can even serve the Malai Kofta for a indian dinner party menu.",1.0,restaurant style malai kofta,11,"5, 37, 38, 47, 56, 59, 63, 79, 107, 109, 111",YES,Original recipe dataset,Original dataset,,
Malai Kofta,vegetable malai kofta,C:\recipe_project\images/Malai Kofta/9870f890ecf90cdf5b4615ba00686fa5.jpg; C:\recipe_project\images/Malai Kofta/image (2).jpeg; C:\recipe_project\images/Malai Kofta/image (4).jpeg; C:\recipe_project\images/Malai Kofta/images (13).jpeg; C:\recipe_project\images/Malai Kofta/images (143).jpeg; C:\recipe_project\images/Malai Kofta/images (298).jpeg; C:\recipe_project\images/Malai Kofta/images (303).jpeg; C:\recipe_project\images/Malai Kofta/images (346).jpeg; C:\recipe_project\images/Malai Kofta/images (369).jpeg; C:\recipe_project\images/Malai Kofta/images (382).jpeg; C:\recipe_project\images/Malai Kofta/images (57).jpeg; C:\recipe_project\images/Malai Kofta/images (59).jpeg; C:\recipe_project\images/Malai Kofta/images (65).jpeg; C:\recipe_project\images/Malai Kofta/images (68).jpeg; C:\recipe_project\images/Malai Kofta/images (74).jpeg; C:\recipe_project\images/Malai Kofta/malai-kofta-recipe.jpg,,,,,,"200 g paneer, grated; 1 boiled potato; 2 tbsp cornflour; 1 tbsp chopped cashews; 1 tbsp raisins; 1 tsp ginger; 1–2 green chillies; salt; 2 cups onion-tomato-cashew gravy; 1/4 cup cream; 1 tsp garam masala; oil for frying","1. Mix paneer, potato, cornflour, nuts, raisins, ginger, chilli and salt; shape into balls. 2. Deep-fry the koftas until golden. 3. Prepare a smooth onion-tomato-cashew gravy and simmer with garam masala. 4. Add cream and adjust salt. 5. Place the fried koftas in the warm gravy just before serving.",,vegetable malai kofta,16,"4, 14, 16, 32, 39, 57, 60, 67, 74, 78, 89, 91, 94, 97, 99, 112",YES,Swasthi's Recipes – Malai Kofta,Reputable website – adapted variant,https://www.indianhealthyrecipes.com/malai-kofta-recipe/,Base recipe adapted to predicted variety
Puran Poli,Puran Poli Recipe | Gujarati & Maharastrian | Sweet Spiced Stuffed Paratha With Jaggery,C:\recipe_project\images/Puran Poli/PuranPoli (11).jpg; C:\recipe_project\images/Puran Poli/PuranPoli (4).jpg; C:\recipe_project\images/Puran Poli/PuranPoli (48).jpg; C:\recipe_project\images/Puran Poli/PuranPoli (59).jpg; C:\recipe_project\images/Puran Poli/PuranPoli (79).jpg; C:\recipe_project\images/Puran Poli/PuranPoli (83).jpg; C:\recipe_project\images/Puran Poli/PuranPoli (84).jpg,Puran Poli is also called as Vedhmi in Gujarat; Puran Poli is one of the favorites with my family. Come every special occasion or a festival Puran Poli features in the menu along another family favorite Undhiyu. Though puran poli is sweet dish; many Gujarati families have them along with the vegetables as an alternative to other flat breads.,Gujarati Recipes﻿,Dessert,Vegetarian,Total in 80 M,"
Ingredients for the dough

							 		2 cups Whole Wheat Flour 

							 		1/4 teaspoon Salt 

							 		2 tablespoons Oil 

Ghee							 		, for cooking/ serving							 	
Ingredients for the filling

							 		1 cup Arhar dal (Split Toor Dal) 

							 		3/4 cup Jaggery 

							 		10 Saffron strands 

							 		1 teaspoon Cardamom Powder (Elaichi) 

							 		1/2 teaspoon Nutmeg powder 

							 		2 tablespoons Gram flour (besan)							 		, or more if required							 	
","To begin making the Gujarati Puran Poli Recipe, we will first make the dough. Add whole wheat flour into a large bowl; add salt and combine it with little water at a time and knead until the dough gathers together to form a firm dough yet soft dough. Add the 2 tablespoons of oil to coat the dough and knead for a couple of more minutes until smooth and firm. Cover and let the dough sit in a cool place until we get the puran filling ready. Divide the dough into 6 portions.Soak the dal for 15 to 20 minutes in water.Add the soaked dal with 1-1/4 cups of water (includes the soaked water) into the pressure cooker and pressure cook for 4 to 5 whistles and turn off the heat. Allow the pressure to release naturally. Once the pressure releases, give the dal a quick mash.The next step is the make the puran filling. Into a heavy bottomed pan, add the cooked dal, and jaggery.Keep stirring until the jaggery dissolves completely.Stir in the saffron, cardamom and nutmeg to the jaggery mixture until well combined to make the puran poli filling. Add the besan at this point and mix it into the dal mixture and ensure it blends well without any lumps.Continue stirring the puran poli mixture until the dal mixture begins to thicken and leaves the sides of the pan.At this point turn off the heat and allow the puran poli mixture to cool completely. Divide the dough and puran mixture into 6 portions.Keeping a little flour for dusting handy on a plate; roll out the puran poli dough into 3 inch diameter circles.Place a portion of the puran poli mixture into the center of the circle.Bring edges of the circle towards the center and fold over to cover the entire filling; making sure the edges are all sealed well by pinching them together if there is any opening.Flatten the stuffed dough; dust over a little flour and roll gently into a 4 to 6 inch diameter circle taking care not to put too much pressure as the puran can come out of the dough.Preheat a skillet on medium high; place the rolled puran poli onto the skillet to cook until golden brown on both sides. At this point you can cook it along with ghee to make the puran poli crisp and delicious. Or you can make a dry puran poli and serve it along with ghee.Repeat the above process for all the remaining dough and puran portions.Serve the Gujarati Puran Poli hot with ghee smeared on the top as it is or along with Undhiyu and Gujarati Kadhi to make a delicious meal. ",1.0,classic puran poli,7,"16, 70, 79, 91, 115, 121, 122",YES,Original recipe dataset,Original dataset,,
Puran Poli,Puran Poli Recipe | Gujarati & Maharastrian | Sweet Spiced Stuffed Paratha With Jaggery,C:\recipe_project\images/Puran Poli/PuranPoli (1).png; C:\recipe_project\images/Puran Poli/PuranPoli (103).jpg; C:\recipe_project\images/Puran Poli/PuranPoli (109).jpg; C:\recipe_project\images/Puran Poli/PuranPoli (18).jpeg; C:\recipe_project\images/Puran Poli/PuranPoli (28).jpg; C:\recipe_project\images/Puran Poli/PuranPoli (30).jpg; C:\recipe_project\images/Puran Poli/PuranPoli (8).jpeg; C:\recipe_project\images/Puran Poli/PuranPoli (85).jpg,Puran Poli is also called as Vedhmi in Gujarat; Puran Poli is one of the favorites with my family. Come every special occasion or a festival Puran Poli features in the menu along another family favorite Undhiyu. Though puran poli is sweet dish; many Gujarati families have them along with the vegetables as an alternative to other flat breads.,Gujarati Recipes﻿,Dessert,Vegetarian,Total in 80 M,"
Ingredients for the dough

							 		2 cups Whole Wheat Flour 

							 		1/4 teaspoon Salt 

							 		2 tablespoons Oil 

Ghee							 		, for cooking/ serving							 	
Ingredients for the filling

							 		1 cup Arhar dal (Split Toor Dal) 

							 		3/4 cup Jaggery 

							 		10 Saffron strands 

							 		1 teaspoon Cardamom Powder (Elaichi) 

							 		1/2 teaspoon Nutmeg powder 

							 		2 tablespoons Gram flour (besan)							 		, or more if required							 	
","To begin making the Gujarati Puran Poli Recipe, we will first make the dough. Add whole wheat flour into a large bowl; add salt and combine it with little water at a time and knead until the dough gathers together to form a firm dough yet soft dough. Add the 2 tablespoons of oil to coat the dough and knead for a couple of more minutes until smooth and firm. Cover and let the dough sit in a cool place until we get the puran filling ready. Divide the dough into 6 portions.Soak the dal for 15 to 20 minutes in water.Add the soaked dal with 1-1/4 cups of water (includes the soaked water) into the pressure cooker and pressure cook for 4 to 5 whistles and turn off the heat. Allow the pressure to release naturally. Once the pressure releases, give the dal a quick mash.The next step is the make the puran filling. Into a heavy bottomed pan, add the cooked dal, and jaggery.Keep stirring until the jaggery dissolves completely.Stir in the saffron, cardamom and nutmeg to the jaggery mixture until well combined to make the puran poli filling. Add the besan at this point and mix it into the dal mixture and ensure it blends well without any lumps.Continue stirring the puran poli mixture until the dal mixture begins to thicken and leaves the sides of the pan.At this point turn off the heat and allow the puran poli mixture to cool completely. Divide the dough and puran mixture into 6 portions.Keeping a little flour for dusting handy on a plate; roll out the puran poli dough into 3 inch diameter circles.Place a portion of the puran poli mixture into the center of the circle.Bring edges of the circle towards the center and fold over to cover the entire filling; making sure the edges are all sealed well by pinching them together if there is any opening.Flatten the stuffed dough; dust over a little flour and roll gently into a 4 to 6 inch diameter circle taking care not to put too much pressure as the puran can come out of the dough.Preheat a skillet on medium high; place the rolled puran poli onto the skillet to cook until golden brown on both sides. At this point you can cook it along with ghee to make the puran poli crisp and delicious. Or you can make a dry puran poli and serve it along with ghee.Repeat the above process for all the remaining dough and puran portions.Serve the Gujarati Puran Poli hot with ghee smeared on the top as it is or along with Undhiyu and Gujarati Kadhi to make a delicious meal. ",1.0,dal puran poli,8,"2, 8, 14, 29, 53, 59, 116, 123",YES,Original recipe dataset,Original dataset,,
Puran Poli,Puran Poli Recipe | Gujarati & Maharastrian | Sweet Spiced Stuffed Paratha With Jaggery,C:\recipe_project\images/Puran Poli/PuranPoli (18).jpg; C:\recipe_project\images/Puran Poli/PuranPoli (23).jpg; C:\recipe_project\images/Puran Poli/PuranPoli (36).jpg; C:\recipe_project\images/Puran Poli/PuranPoli (39).jpg; C:\recipe_project\images/Puran Poli/PuranPoli (4).jpeg; C:\recipe_project\images/Puran Poli/PuranPoli (41).jpg; C:\recipe_project\images/Puran Poli/PuranPoli (42).jpg; C:\recipe_project\images/Puran Poli/PuranPoli (47).jpg; C:\recipe_project\images/Puran Poli/PuranPoli (49).jpg; C:\recipe_project\images/Puran Poli/PuranPoli (6).jpg; C:\recipe_project\images/Puran Poli/PuranPoli (68).jpg; C:\recipe_project\images/Puran Poli/PuranPoli (69).jpg; C:\recipe_project\images/Puran Poli/PuranPoli (7).jpg; C:\recipe_project\images/Puran Poli/PuranPoli (74).jpg; C:\recipe_project\images/Puran Poli/PuranPoli (75).jpg; C:\recipe_project\images/Puran Poli/PuranPoli (80).jpg; C:\recipe_project\images/Puran Poli/PuranPoli (81).jpg; C:\recipe_project\images/Puran Poli/PuranPoli (82).jpg; C:\recipe_project\images/Puran Poli/PuranPoli (86).jpg; C:\recipe_project\images/Puran Poli/PuranPoli (99).jpg,Puran Poli is also called as Vedhmi in Gujarat; Puran Poli is one of the favorites with my family. Come every special occasion or a festival Puran Poli features in the menu along another family favorite Undhiyu. Though puran poli is sweet dish; many Gujarati families have them along with the vegetables as an alternative to other flat breads.,Gujarati Recipes﻿,Dessert,Vegetarian,Total in 80 M,"
Ingredients for the dough

							 		2 cups Whole Wheat Flour 

							 		1/4 teaspoon Salt 

							 		2 tablespoons Oil 

Ghee							 		, for cooking/ serving							 	
Ingredients for the filling

							 		1 cup Arhar dal (Split Toor Dal) 

							 		3/4 cup Jaggery 

							 		10 Saffron strands 

							 		1 teaspoon Cardamom Powder (Elaichi) 

							 		1/2 teaspoon Nutmeg powder 

							 		2 tablespoons Gram flour (besan)							 		, or more if required							 	
","To begin making the Gujarati Puran Poli Recipe, we will first make the dough. Add whole wheat flour into a large bowl; add salt and combine it with little water at a time and knead until the dough gathers together to form a firm dough yet soft dough. Add the 2 tablespoons of oil to coat the dough and knead for a couple of more minutes until smooth and firm. Cover and let the dough sit in a cool place until we get the puran filling ready. Divide the dough into 6 portions.Soak the dal for 15 to 20 minutes in water.Add the soaked dal with 1-1/4 cups of water (includes the soaked water) into the pressure cooker and pressure cook for 4 to 5 whistles and turn off the heat. Allow the pressure to release naturally. Once the pressure releases, give the dal a quick mash.The next step is the make the puran filling. Into a heavy bottomed pan, add the cooked dal, and jaggery.Keep stirring until the jaggery dissolves completely.Stir in the saffron, cardamom and nutmeg to the jaggery mixture until well combined to make the puran poli filling. Add the besan at this point and mix it into the dal mixture and ensure it blends well without any lumps.Continue stirring the puran poli mixture until the dal mixture begins to thicken and leaves the sides of the pan.At this point turn off the heat and allow the puran poli mixture to cool completely. Divide the dough and puran mixture into 6 portions.Keeping a little flour for dusting handy on a plate; roll out the puran poli dough into 3 inch diameter circles.Place a portion of the puran poli mixture into the center of the circle.Bring edges of the circle towards the center and fold over to cover the entire filling; making sure the edges are all sealed well by pinching them together if there is any opening.Flatten the stuffed dough; dust over a little flour and roll gently into a 4 to 6 inch diameter circle taking care not to put too much pressure as the puran can come out of the dough.Preheat a skillet on medium high; place the rolled puran poli onto the skillet to cook until golden brown on both sides. At this point you can cook it along with ghee to make the puran poli crisp and delicious. Or you can make a dry puran poli and serve it along with ghee.Repeat the above process for all the remaining dough and puran portions.Serve the Gujarati Puran Poli hot with ghee smeared on the top as it is or along with Undhiyu and Gujarati Kadhi to make a delicious meal. ",1.0,gujarati puran poli,20,"30, 43, 65, 68, 69, 72, 73, 78, 80, 93, 102, 103, 105, 110, 111, 118, 119, 120, 124, 139",YES,Original recipe dataset,Original dataset,,
Puran Poli,Katachi Amti Recipe (Spicy Accompaniment To Maharashtrian Puran Poli),C:\recipe_project\images/Puran Poli/PuranPoli (1).jpg; C:\recipe_project\images/Puran Poli/PuranPoli (10).jpeg; C:\recipe_project\images/Puran Poli/PuranPoli (10).jpg; C:\recipe_project\images/Puran Poli/PuranPoli (100).jpg; C:\recipe_project\images/Puran Poli/PuranPoli (101).jpg; C:\recipe_project\images/Puran Poli/PuranPoli (102).jpg; C:\recipe_project\images/Puran Poli/PuranPoli (104).jpg; C:\recipe_project\images/Puran Poli/PuranPoli (105).jpg; C:\recipe_project\images/Puran Poli/PuranPoli (106).jpg; C:\recipe_project\images/Puran Poli/PuranPoli (107).jpg; C:\recipe_project\images/Puran Poli/PuranPoli (108).jpg; C:\recipe_project\images/Puran Poli/PuranPoli (11).jpeg; C:\recipe_project\images/Puran Poli/PuranPoli (12).jpeg; C:\recipe_project\images/Puran Poli/PuranPoli (12).jpg; C:\recipe_project\images/Puran Poli/PuranPoli (13).jpeg; C:\recipe_project\images/Puran Poli/PuranPoli (13).jpg; C:\recipe_project\images/Puran Poli/PuranPoli (14).jpeg; C:\recipe_project\images/Puran Poli/PuranPoli (14).jpg; C:\recipe_project\images/Puran Poli/PuranPoli (15).jpeg; C:\recipe_project\images/Puran Poli/PuranPoli (15).jpg; C:\recipe_project\images/Puran Poli/PuranPoli (16).jpeg; C:\recipe_project\images/Puran Poli/PuranPoli (16).jpg; C:\recipe_project\images/Puran Poli/PuranPoli (17).jpeg; C:\recipe_project\images/Puran Poli/PuranPoli (17).jpg; C:\recipe_project\images/Puran Poli/PuranPoli (19).jpeg; C:\recipe_project\images/Puran Poli/PuranPoli (19).jpg; C:\recipe_project\images/Puran Poli/PuranPoli (2).jpeg; C:\recipe_project\images/Puran Poli/PuranPoli (2).jpg; C:\recipe_project\images/Puran Poli/PuranPoli (2).png; C:\recipe_project\images/Puran Poli/PuranPoli (20).jpeg; C:\recipe_project\images/Puran Poli/PuranPoli (20).jpg; C:\recipe_project\images/Puran Poli/PuranPoli (21).jpeg; C:\recipe_project\images/Puran Poli/PuranPoli (21).jpg; C:\recipe_project\images/Puran Poli/PuranPoli (22).jpeg; C:\recipe_project\images/Puran Poli/PuranPoli (22).jpg; C:\recipe_project\images/Puran Poli/PuranPoli (23).jpeg; C:\recipe_project\images/Puran Poli/PuranPoli (24).jpeg; C:\recipe_project\images/Puran Poli/PuranPoli (24).jpg; C:\recipe_project\images/Puran Poli/PuranPoli (25).jpeg; C:\recipe_project\images/Puran Poli/PuranPoli (25).jpg; C:\recipe_project\images/Puran Poli/PuranPoli (26).jpeg; C:\recipe_project\images/Puran Poli/PuranPoli (26).jpg; C:\recipe_project\images/Puran Poli/PuranPoli (27).jpeg; C:\recipe_project\images/Puran Poli/PuranPoli (27).jpg; C:\recipe_project\images/Puran Poli/PuranPoli (28).jpeg; C:\recipe_project\images/Puran Poli/PuranPoli (29).jpeg; C:\recipe_project\images/Puran Poli/PuranPoli (29).jpg; C:\recipe_project\images/Puran Poli/PuranPoli (3).jpeg; C:\recipe_project\images/Puran Poli/PuranPoli (3).jpg; C:\recipe_project\images/Puran Poli/PuranPoli (3).png; C:\recipe_project\images/Puran Poli/PuranPoli (31).jpg; C:\recipe_project\images/Puran Poli/PuranPoli (32).jpg; C:\recipe_project\images/Puran Poli/PuranPoli (33).jpg; C:\recipe_project\images/Puran Poli/PuranPoli (34).jpg; C:\recipe_project\images/Puran Poli/PuranPoli (35).jpg; C:\recipe_project\images/Puran Poli/PuranPoli (37).jpg; C:\recipe_project\images/Puran Poli/PuranPoli (38).jpg; C:\recipe_project\images/Puran Poli/PuranPoli (40).jpg; C:\recipe_project\images/Puran Poli/PuranPoli (43).jpg; C:\recipe_project\images/Puran Poli/PuranPoli (44).jpg; C:\recipe_project\images/Puran Poli/PuranPoli (45).jpg; C:\recipe_project\images/Puran Poli/PuranPoli (46).jpg; C:\recipe_project\images/Puran Poli/PuranPoli (5).jpg; C:\recipe_project\images/Puran Poli/PuranPoli (50).jpg; C:\recipe_project\images/Puran Poli/PuranPoli (51).jpg; C:\recipe_project\images/Puran Poli/PuranPoli (52).jpg; C:\recipe_project\images/Puran Poli/PuranPoli (53).jpg; C:\recipe_project\images/Puran Poli/PuranPoli (54).jpg; C:\recipe_project\images/Puran Poli/PuranPoli (55).jpg; C:\recipe_project\images/Puran Poli/PuranPoli (56).jpg; C:\recipe_project\images/Puran Poli/PuranPoli (57).jpg; C:\recipe_project\images/Puran Poli/PuranPoli (58).jpg; C:\recipe_project\images/Puran Poli/PuranPoli (6).jpeg; C:\recipe_project\images/Puran Poli/PuranPoli (60).jpg; C:\recipe_project\images/Puran Poli/PuranPoli (61).jpg; C:\recipe_project\images/Puran Poli/PuranPoli (62).jpg; C:\recipe_project\images/Puran Poli/PuranPoli (63).jpg; C:\recipe_project\images/Puran Poli/PuranPoli (64).jpg; C:\recipe_project\images/Puran Poli/PuranPoli (65).jpg; C:\recipe_project\images/Puran Poli/PuranPoli (66).jpg; C:\recipe_project\images/Puran Poli/PuranPoli (67).jpg; C:\recipe_project\images/Puran Poli/PuranPoli (7).jpeg; C:\recipe_project\images/Puran Poli/PuranPoli (70).jpg; C:\recipe_project\images/Puran Poli/PuranPoli (71).jpg; C:\recipe_project\images/Puran Poli/PuranPoli (72).jpg; C:\recipe_project\images/Puran Poli/PuranPoli (73).jpg; C:\recipe_project\images/Puran Poli/PuranPoli (76).jpg; C:\recipe_project\images/Puran Poli/PuranPoli (77).jpg; C:\recipe_project\images/Puran Poli/PuranPoli (78).jpg; C:\recipe_project\images/Puran Poli/PuranPoli (8).jpg; C:\recipe_project\images/Puran Poli/PuranPoli (87).jpg; C:\recipe_project\images/Puran Poli/PuranPoli (88).jpg; C:\recipe_project\images/Puran Poli/PuranPoli (89).jpg; C:\recipe_project\images/Puran Poli/PuranPoli (9).jpeg; C:\recipe_project\images/Puran Poli/PuranPoli (9).jpg; C:\recipe_project\images/Puran Poli/PuranPoli (90).jpg; C:\recipe_project\images/Puran Poli/PuranPoli (91).jpg; C:\recipe_project\images/Puran Poli/PuranPoli (92).jpg; C:\recipe_project\images/Puran Poli/PuranPoli (93).jpg; C:\recipe_project\images/Puran Poli/PuranPoli (94).jpg; C:\recipe_project\images/Puran Poli/PuranPoli (95).jpg; C:\recipe_project\images/Puran Poli/PuranPoli (96).jpg; C:\recipe_project\images/Puran Poli/PuranPoli (97).jpg; C:\recipe_project\images/Puran Poli/PuranPoli (98).jpg,"Katachi Amti is a typical accompaniment to the quintessential Maharashtrian sweet Puran Poli. Majority of the festive fares in Maharashtra feature Puran Poli- Katchi Amti combo as its star attraction. Katachi Amti is made from the stock leftover from cooking Chana Dal, which is used as a stuffing for Puran Poli. This stock is thinned down and flavoured with different spices.",Maharashtrian Recipes,Lunch,Vegetarian,Total in 25 M,"

							 		2 cups Dal Stock							 		, water left over from cooking the chana dal for puran poli							 	

							 		1 cup Water							 		, (or as required to thin down the stock)							 	

							 		3 Cloves (Laung) 

							 		1 to 2 Whole Black Peppercorns 

							 		1 teaspoon Mustard seeds (Rai/ Kadugu) 

							 		1 teaspoon Cumin seeds (Jeera) 

							 		1 Bay leaf (tej patta) 

							 		5 to 6 Curry leaves							 		, torn into pieces							 	

							 		1 teaspoon Jaggery							 		, grated (adjust the amount to taste)							 	

							 		1 teaspoon Tamarind Paste							 		, (adjust the amount to taste)							 	

							 		1/2 teaspoon Maharashtrian Goda Masala 

							 		1 tablespoon Oil 

Coriander (Dhania) Leaves							 		, Handful, chopped							 	

Salt							 		, to taste							 	
","To begin making the Katachi Amti recipe, first mix water with the stock (also called as Kat).Heat the oil in a saucepan. Add the mustard seeds.Once they splutter, add the cloves, bay leaf and peppercorns.Fry for few seconds and then add the cumin seeds. Add curry leaves and coriander leaves.Add the diluted Kat. Add jaggery, tamarind pulp, Masala and season with salt.Bring it to a rolling boil and serve hot. Spicy Katchi Amti complements the sweet Puran Poli or you can also serve it with steamed rice.",1.0,maharashtrian puran poli,104,"1, 3, 4, 5, 6, 7, 9, 10, 11, 12, 13, 15, 17, 18, 19, 20, 21, 22, 23, 24, 25, 26, 27, 28, 31, 32, 33, 34, 35, 36, 37, 38, 39, 40, 41, 42, 44, 45, 46, 47, 48, 49, 50, 51, 52, 54, 55, 56, 57, 58, 60, 61, 62, 63, 64, 66, 67, 71, 74, 75, 76, 77, 81, 82, 83, 84, 85, 86, 87, 88, 89, 90, 92, 94, 95, 96, 97, 98, 99, 100, 101, 104, 106, 107, 108, 109, 112, 113, 114, 117, 125, 126, 127, 128, 129, 130, 131, 132, 133, 134, 135, 136, 137, 138",YES,Original recipe dataset,Original dataset,,
Samosa,aloo samosa,C:\recipe_project\images/Samosa/HD-wallpaper-samosa-food-snacks.jpg; C:\recipe_project\images/Samosa/Samosa (1).png; C:\recipe_project\images/Samosa/Samosa (10).jpeg; C:\recipe_project\images/Samosa/Samosa (11).jpg; C:\recipe_project\images/Samosa/Samosa (13).jpeg; C:\recipe_project\images/Samosa/Samosa (14).jpeg; C:\recipe_project\images/Samosa/Samosa (16).jpg; C:\recipe_project\images/Samosa/Samosa (17).jpg; C:\recipe_project\images/Samosa/Samosa (2).jpg; C:\recipe_project\images/Samosa/Samosa (4).jpg; C:\recipe_project\images/Samosa/Samosa (41).jpg; C:\recipe_project\images/Samosa/Samosa (48).jpg; C:\recipe_project\images/Samosa/Samosa (5).jpg; C:\recipe_project\images/Samosa/Samosa (9).jpg; C:\recipe_project\images/Samosa/samosa-in-the-kitchen-table-foodgraphy-ai-generated-photo.jpg; C:\recipe_project\images/Samosa/wp6619640.jpg,,,,,,"2 cups maida; 3 tbsp oil; salt; water as needed; 2 boiled potatoes, peas, cumin, chilli, garam masala, amchur, salt; oil for deep frying","1. Mix flour, oil and salt; add water and make a firm dough. 2. Prepare the filling by cooking the listed vegetables or chicken with the spices until dry; cool completely. 3. Divide dough, roll thin discs and cut each in half. 4. Shape each half into a cone and fill. 5. Seal the edge with water. 6. Deep-fry on medium-low heat until crisp and golden; drain and serve.",,aloo samosa,16,"1, 5, 6, 9, 12, 14, 19, 21, 27, 55, 58, 65, 68, 90, 112, 115",YES,Hebbars Kitchen – Samosa,Reputable website – adapted variant,https://hebbarskitchen.com/hi/samosa-recipe-samosa-banane-ki-vidhi/,Base recipe adapted to predicted variety
Samosa,chicken samosa,C:\recipe_project\images/Samosa/HD-wallpaper-samosa-hardwood-comfort-food.jpg; C:\recipe_project\images/Samosa/Samosa (1).jpeg; C:\recipe_project\images/Samosa/Samosa (1).jpg; C:\recipe_project\images/Samosa/Samosa (12).jpeg; C:\recipe_project\images/Samosa/Samosa (12).jpg; C:\recipe_project\images/Samosa/Samosa (15).jpeg; C:\recipe_project\images/Samosa/Samosa (17).jpeg; C:\recipe_project\images/Samosa/Samosa (18).jpeg; C:\recipe_project\images/Samosa/Samosa (18).jpg; C:\recipe_project\images/Samosa/Samosa (19).jpeg; C:\recipe_project\images/Samosa/Samosa (19).jpg; C:\recipe_project\images/Samosa/Samosa (2).jpeg; C:\recipe_project\images/Samosa/Samosa (21).jpeg; C:\recipe_project\images/Samosa/Samosa (21).jpg; C:\recipe_project\images/Samosa/Samosa (22).jpg; C:\recipe_project\images/Samosa/Samosa (25).jpg; C:\recipe_project\images/Samosa/Samosa (28).jpg; C:\recipe_project\images/Samosa/Samosa (30).jpg; C:\recipe_project\images/Samosa/Samosa (31).jpg; C:\recipe_project\images/Samosa/Samosa (32).jpg; C:\recipe_project\images/Samosa/Samosa (33).jpg; C:\recipe_project\images/Samosa/Samosa (34).jpg; C:\recipe_project\images/Samosa/Samosa (37).jpg; C:\recipe_project\images/Samosa/Samosa (38).jpg; C:\recipe_project\images/Samosa/Samosa (39).jpg; C:\recipe_project\images/Samosa/Samosa (4).jpeg; C:\recipe_project\images/Samosa/Samosa (4).png; C:\recipe_project\images/Samosa/Samosa (44).jpg; C:\recipe_project\images/Samosa/Samosa (45).jpg; C:\recipe_project\images/Samosa/Samosa (46).jpg; C:\recipe_project\images/Samosa/Samosa (49).jpg; C:\recipe_project\images/Samosa/Samosa (5).jpeg; C:\recipe_project\images/Samosa/Samosa (52).jpg; C:\recipe_project\images/Samosa/Samosa (53).jpg; C:\recipe_project\images/Samosa/Samosa (54).jpg; C:\recipe_project\images/Samosa/Samosa (55).jpg; C:\recipe_project\images/Samosa/Samosa (56).jpg; C:\recipe_project\images/Samosa/Samosa (59).jpg; C:\recipe_project\images/Samosa/Samosa (6).jpeg; C:\recipe_project\images/Samosa/Samosa (6).jpg; C:\recipe_project\images/Samosa/Samosa (60).jpg; C:\recipe_project\images/Samosa/Samosa (61).jpg; C:\recipe_project\images/Samosa/Samosa (62).jpg; C:\recipe_project\images/Samosa/Samosa (63).jpg; C:\recipe_project\images/Samosa/Samosa (7).jpg; C:\recipe_project\images/Samosa/Samosa (8).jpeg; C:\recipe_project\images/Samosa/Samosa (8).jpg; C:\recipe_project\images/Samosa/ai-generated-8553025_640.jpg; C:\recipe_project\images/Samosa/ai-generated-8553232_640.jpg; C:\recipe_project\images/Samosa/image (4).jpeg; C:\recipe_project\images/Samosa/image (7).jpeg; C:\recipe_project\images/Samosa/images (11).jpeg; C:\recipe_project\images/Samosa/images (15).jpeg; C:\recipe_project\images/Samosa/images (24).jpeg; C:\recipe_project\images/Samosa/images (32).jpeg; C:\recipe_project\images/Samosa/pngtree-indian-samosa-png-image_9151772.png; C:\recipe_project\images/Samosa/samosa-1366x768.jpg; C:\recipe_project\images/Samosa/samosa-hd-8k-wallpaper-stock-photographic-image_853645-48703.jpg; C:\recipe_project\images/Samosa/wp6619356.jpg,,,,,,"2 cups maida; 3 tbsp oil; salt; water as needed; 250 g minced chicken, onion, ginger-garlic, chilli, garam masala, coriander, salt; oil for deep frying","1. Mix flour, oil and salt; add water and make a firm dough. 2. Prepare the filling by cooking the listed vegetables or chicken with the spices until dry; cool completely. 3. Divide dough, roll thin discs and cut each in half. 4. Shape each half into a cone and fill. 5. Seal the edge with water. 6. Deep-fry on medium-low heat until crisp and golden; drain and serve.",,chicken samosa,59,"2, 3, 4, 10, 11, 16, 20, 22, 23, 24, 25, 26, 31, 32, 33, 36, 39, 44, 45, 46, 47, 48, 51, 52, 53, 54, 56, 61, 62, 63, 66, 67, 71, 72, 73, 74, 75, 78, 79, 80, 81, 82, 83, 84, 86, 87, 88, 91, 92, 96, 97, 100, 102, 103, 105, 107, 108, 110, 114",YES,Hebbars Kitchen – Samosa,Reputable website – adapted variant,https://hebbarskitchen.com/hi/samosa-recipe-samosa-banane-ki-vidhi/,Base recipe adapted to predicted variety
Samosa,corn samosa,C:\recipe_project\images/Samosa/Samosa (15).jpg; C:\recipe_project\images/Samosa/Samosa (20).jpg; C:\recipe_project\images/Samosa/Samosa (23).jpg; C:\recipe_project\images/Samosa/Samosa (27).jpg; C:\recipe_project\images/Samosa/Samosa (29).jpg; C:\recipe_project\images/Samosa/Samosa (51).jpg; C:\recipe_project\images/Samosa/Samosa (7).jpeg; C:\recipe_project\images/Samosa/desktop-wallpaper-samosa.jpg; C:\recipe_project\images/Samosa/image (11).jpeg; C:\recipe_project\images/Samosa/images (4).jpeg; C:\recipe_project\images/Samosa/samosa-indian-spicy-snack-prepared-potatoes-common-street-sn.jpg,,,,,,"2 cups maida; 3 tbsp oil; salt; water as needed; 1 cup sweet corn, onion, green chilli, capsicum, pepper, salt; oil for deep frying","1. Mix flour, oil and salt; add water and make a firm dough. 2. Prepare the filling by cooking the listed vegetables or chicken with the spices until dry; cool completely. 3. Divide dough, roll thin discs and cut each in half. 4. Shape each half into a cone and fill. 5. Seal the edge with water. 6. Deep-fry on medium-low heat until crisp and golden; drain and serve.",,corn samosa,11,"17, 30, 34, 38, 40, 70, 85, 93, 95, 106, 113",YES,Hebbars Kitchen – Samosa,Reputable website – adapted variant,https://hebbarskitchen.com/hi/samosa-recipe-samosa-banane-ki-vidhi/,Base recipe adapted to predicted variety
Samosa,paneer samosa,C:\recipe_project\images/Samosa/Samosa (10).jpg; C:\recipe_project\images/Samosa/Samosa (11).jpeg; C:\recipe_project\images/Samosa/Samosa (16).jpeg; C:\recipe_project\images/Samosa/Samosa (2).png; C:\recipe_project\images/Samosa/Samosa (20).jpeg; C:\recipe_project\images/Samosa/Samosa (3).jpeg; C:\recipe_project\images/Samosa/Samosa (35).jpg; C:\recipe_project\images/Samosa/Samosa (40).jpg; C:\recipe_project\images/Samosa/Samosa (42).jpg; C:\recipe_project\images/Samosa/Samosa (47).jpg; C:\recipe_project\images/Samosa/Samosa (58).jpg; C:\recipe_project\images/Samosa/food-meat-the-dough-cuisine-wallpaper-preview.jpg; C:\recipe_project\images/Samosa/image (9).jpeg; C:\recipe_project\images/Samosa/images (12).jpeg; C:\recipe_project\images/Samosa/images (30).jpeg; C:\recipe_project\images/Samosa/samosa-7180078_640.jpg; C:\recipe_project\images/Samosa/samosa-in-the-kitchen-table-foodgraphy-ai-generated-photo (1).jpg,,,,,,"2 cups maida; 3 tbsp oil; salt; water as needed; 150 g paneer, onion, peas, cumin, chilli, garam masala, salt; oil for deep frying","1. Mix flour, oil and salt; add water and make a firm dough. 2. Prepare the filling by cooking the listed vegetables or chicken with the spices until dry; cool completely. 3. Divide dough, roll thin discs and cut each in half. 4. Shape each half into a cone and fill. 5. Seal the edge with water. 6. Deep-fry on medium-low heat until crisp and golden; drain and serve.",,paneer samosa,17,"7, 8, 18, 28, 29, 41, 49, 57, 59, 64, 77, 94, 99, 101, 104, 109, 111",YES,Hebbars Kitchen – Samosa,Reputable website – adapted variant,https://hebbarskitchen.com/hi/samosa-recipe-samosa-banane-ki-vidhi/,Base recipe adapted to predicted variety
Samosa,vegetable samosa,C:\recipe_project\images/Samosa/Samosa (13).jpg; C:\recipe_project\images/Samosa/Samosa (14).jpg; C:\recipe_project\images/Samosa/Samosa (24).jpg; C:\recipe_project\images/Samosa/Samosa (26).jpg; C:\recipe_project\images/Samosa/Samosa (3).jpg; C:\recipe_project\images/Samosa/Samosa (3).png; C:\recipe_project\images/Samosa/Samosa (36).jpg; C:\recipe_project\images/Samosa/Samosa (43).jpg; C:\recipe_project\images/Samosa/Samosa (50).jpg; C:\recipe_project\images/Samosa/Samosa (57).jpg; C:\recipe_project\images/Samosa/Samosa (9).jpeg; C:\recipe_project\images/Samosa/image (8).jpeg,,,,,,"2 cups maida; 3 tbsp oil; salt; water as needed; potato, peas, carrot, beans, cumin, chilli, garam masala, amchur, salt; oil for deep frying","1. Mix flour, oil and salt; add water and make a firm dough. 2. Prepare the filling by cooking the listed vegetables or chicken with the spices until dry; cool completely. 3. Divide dough, roll thin discs and cut each in half. 4. Shape each half into a cone and fill. 5. Seal the edge with water. 6. Deep-fry on medium-low heat until crisp and golden; drain and serve.",,vegetable samosa,12,"13, 15, 35, 37, 42, 43, 50, 60, 69, 76, 89, 98",YES,Hebbars Kitchen – Samosa,Reputable website – adapted variant,https://hebbarskitchen.com/hi/samosa-recipe-samosa-banane-ki-vidhi/,Base recipe adapted to predicted variety
Aloo Gobi,One Pot Aloo Gobi Sabzi Recipe Using Preethi Electric Pressure Cooker,C:\recipe_project\images/aloo_gobi/6b6b005b7f.jpg; C:\recipe_project\images/aloo_gobi/6fb09a4b62.jpg; C:\recipe_project\images/aloo_gobi/8c5b2f57f4.jpg,"The One Pot Aloo Gobi Sabzi Recipe is made in less than 20 minutes using Electric Pressure Cooker. The Aloo Gobi Sabzi is a classic North Indian dish that is perfectly blended with simple spices like turmeric, cumin and garam masala. The milk spices cooked along with tomatoes, gobi and aloo make this sabzi recipe an absolute delicacy. ",North Indian Recipes,Main Course,,Total in 40 M,"

							 		2 Potatoes (Aloo)							 		, peeled and cubed							 	

							 		1 Cauliflower (gobi)							 		, washed and cut into florets							 	

							 		1 inch Ginger							 		, grated							 	

							 		2 Tomatoes							 		, pureed							 	

							 		1/2 teaspoon Cumin seeds (Jeera) 

							 		1 teaspoon Turmeric powder (Haldi) 

							 		1 teaspoon Garam masala powder 

							 		2 Cardamom (Elaichi) Pods/Seeds 

							 		1/4 teaspoon Red Chilli powder 

							 		2 sprig Coriander (Dhania) Leaves							 		, finely chopped							 	

Oil							 		, as required							 	

Salt							 		, to taste							 	
","To begin making the One Pot Aloo Gobi Ki Sabzi Recipe in the Preethi Electric Pressure Cooker, heat oil in pan and make the setting to the gravy mode; add cumin seeds, ginger, cardamom pods. Allow the cumin seeds to crackle.Once the cumin seeds crackle for a few seconds, add the tomatoes, aloo, gobi, salt, chilli powder, turmeric powder, garam masala and 1/4 cup of water.Stir to combine all the aloo gobi ingredients. Lock the lid in place. Set the timer for 20 minutes and allow it to cook until you hear the beep sound.Once the aloo gobi sabzi is done, allow the pressure to release naturally. Check the salt and pepper to taste and transfer Aloo Gobi sabzi to serving dish and serve warm.Serve the One Pot Aloo Gobi Sabzi along with Traditional Punjabi Kadhi with Methi  and Chawal for a quick weeknight dinner.",1.0,dry aloo gobi,3,"40, 42, 47",YES,Original recipe dataset,Original dataset,,
aloo_gobi,punjabi aloo gobi,C:\recipe_project\images/aloo_gobi/04f6621f19.jpg; C:\recipe_project\images/aloo_gobi/0fd0e8821c.jpg; C:\recipe_project\images/aloo_gobi/1b431ad21c.jpg; C:\recipe_project\images/aloo_gobi/1ce969aa3b.jpg; C:\recipe_project\images/aloo_gobi/3bb33e5e68.jpg,,,,,,"2 cups cauliflower florets; 2 potatoes, cubed; 1 onion; 2 tomatoes; 1 tsp cumin; 1 tsp coriander powder; 1/2 tsp turmeric; 1/2 tsp chilli powder; 1/2 tsp garam masala; 2 tbsp oil; salt; coriander","1. Heat oil and crackle cumin. 2. Add onion and sauté until lightly golden. 3. Add ginger/garlic if used, then tomatoes and powdered spices; cook until the masala is aromatic. 4. Add the main vegetables and toss well. 5. Cover and cook on low heat until tender, stirring occasionally. 6. Adjust salt and garnish with coriander where applicable.",,punjabi aloo gobi,5,"2, 12, 17, 18, 30",YES,Swasthi's Recipes – Aloo Gobi,Reputable website – adapted variant,https://www.indianhealthyrecipes.com/aloo-gobi-recipe/,Base recipe adapted to predicted variety
Aloo Gobi,One Pot Aloo Gobi Sabzi Recipe Using Preethi Electric Pressure Cooker,C:\recipe_project\images/aloo_gobi/00fce13f41.jpg; C:\recipe_project\images/aloo_gobi/07e76a41ce.jpg; C:\recipe_project\images/aloo_gobi/08e086039e.jpg; C:\recipe_project\images/aloo_gobi/08f5340905.jpg; C:\recipe_project\images/aloo_gobi/0ab3a056ed.jpg; C:\recipe_project\images/aloo_gobi/0ab91a93df.jpg; C:\recipe_project\images/aloo_gobi/0b8b93a61c.jpg; C:\recipe_project\images/aloo_gobi/0b97c99f59.jpg; C:\recipe_project\images/aloo_gobi/0bc22d7426.jpg; C:\recipe_project\images/aloo_gobi/0d0d6d5d9e.jpg; C:\recipe_project\images/aloo_gobi/12ec0edc0a.jpg; C:\recipe_project\images/aloo_gobi/14fa89fd86.jpg; C:\recipe_project\images/aloo_gobi/17d0d30093.jpg; C:\recipe_project\images/aloo_gobi/1a4970a193.jpg; C:\recipe_project\images/aloo_gobi/22b3357956.jpg; C:\recipe_project\images/aloo_gobi/28af31112e.jpg; C:\recipe_project\images/aloo_gobi/2a46407f59.jpg; C:\recipe_project\images/aloo_gobi/2d44ca6b73.jpg; C:\recipe_project\images/aloo_gobi/2d60311a69.jpg; C:\recipe_project\images/aloo_gobi/2dc453e97c.jpg; C:\recipe_project\images/aloo_gobi/2e483c3d7b.jpg; C:\recipe_project\images/aloo_gobi/2f43ef19ea.jpg; C:\recipe_project\images/aloo_gobi/2f4a394175.jpg; C:\recipe_project\images/aloo_gobi/2f8013eec0.jpg; C:\recipe_project\images/aloo_gobi/3a085edb5a.jpg; C:\recipe_project\images/aloo_gobi/3c84676bd2.jpg; C:\recipe_project\images/aloo_gobi/4c8f0980a5.jpg; C:\recipe_project\images/aloo_gobi/4ea2b2b60d.jpg; C:\recipe_project\images/aloo_gobi/5b4e957838.jpg; C:\recipe_project\images/aloo_gobi/5b86c2854e.jpg; C:\recipe_project\images/aloo_gobi/5b8c8e25e8.jpg; C:\recipe_project\images/aloo_gobi/5dbe83bc86.jpg; C:\recipe_project\images/aloo_gobi/5fb37a0d68.jpg; C:\recipe_project\images/aloo_gobi/6a0d7b2438.jpg; C:\recipe_project\images/aloo_gobi/6f21bcc3db.jpg; C:\recipe_project\images/aloo_gobi/7dba40f672.jpg; C:\recipe_project\images/aloo_gobi/8a9500f879.jpg; C:\recipe_project\images/aloo_gobi/8b15ba282c.jpg; C:\recipe_project\images/aloo_gobi/8bc7e3ba50.jpg; C:\recipe_project\images/aloo_gobi/8fc7f43930.jpg; C:\recipe_project\images/aloo_gobi/9cb1050e35.jpg; C:\recipe_project\images/aloo_gobi/9e42364d56.jpg,"The One Pot Aloo Gobi Sabzi Recipe is made in less than 20 minutes using Electric Pressure Cooker. The Aloo Gobi Sabzi is a classic North Indian dish that is perfectly blended with simple spices like turmeric, cumin and garam masala. The milk spices cooked along with tomatoes, gobi and aloo make this sabzi recipe an absolute delicacy. ",North Indian Recipes,Main Course,,Total in 40 M,"

							 		2 Potatoes (Aloo)							 		, peeled and cubed							 	

							 		1 Cauliflower (gobi)							 		, washed and cut into florets							 	

							 		1 inch Ginger							 		, grated							 	

							 		2 Tomatoes							 		, pureed							 	

							 		1/2 teaspoon Cumin seeds (Jeera) 

							 		1 teaspoon Turmeric powder (Haldi) 

							 		1 teaspoon Garam masala powder 

							 		2 Cardamom (Elaichi) Pods/Seeds 

							 		1/4 teaspoon Red Chilli powder 

							 		2 sprig Coriander (Dhania) Leaves							 		, finely chopped							 	

Oil							 		, as required							 	

Salt							 		, to taste							 	
","To begin making the One Pot Aloo Gobi Ki Sabzi Recipe in the Preethi Electric Pressure Cooker, heat oil in pan and make the setting to the gravy mode; add cumin seeds, ginger, cardamom pods. Allow the cumin seeds to crackle.Once the cumin seeds crackle for a few seconds, add the tomatoes, aloo, gobi, salt, chilli powder, turmeric powder, garam masala and 1/4 cup of water.Stir to combine all the aloo gobi ingredients. Lock the lid in place. Set the timer for 20 minutes and allow it to cook until you hear the beep sound.Once the aloo gobi sabzi is done, allow the pressure to release naturally. Check the salt and pepper to taste and transfer Aloo Gobi sabzi to serving dish and serve warm.Serve the One Pot Aloo Gobi Sabzi along with Traditional Punjabi Kadhi with Methi  and Chawal for a quick weeknight dinner.",1.0,restaurant style aloo gobi,42,"1, 3, 4, 5, 6, 7, 8, 9, 10, 11, 13, 14, 15, 16, 19, 20, 21, 22, 23, 24, 25, 26, 27, 28, 29, 31, 32, 33, 34, 35, 36, 37, 38, 39, 41, 43, 44, 45, 46, 48, 49, 50",YES,Original recipe dataset,Original dataset,,
Aloo Matar,Mughlai Aloo Matar Gobi Recipe,C:\recipe_project\images/aloo_matar/1ada432911.jpg; C:\recipe_project\images/aloo_matar/4d2b8349d3.jpg; C:\recipe_project\images/aloo_matar/5c6980607d.jpg; C:\recipe_project\images/aloo_matar/5f21cc7cf7.jpg; C:\recipe_project\images/aloo_matar/8d1b4578e9.jpg,"Mughlai Aloo Matar Gobi as the name suggests is a typical Indian side dish higher on spicy side with the flavors of Ghee, Curd and fried onion. If you are planning Indian menu for the party than this dish would fit in well and compliments almost all kinds of dals, curries. During winter cauliflower and green peas are abundantly available in market so this recipe could be tried during the season with the best of local produce. ",Mughlai,Lunch,Vegetarian,Total in 35 M,"

							 		500 gram Cauliflower (gobi) 

							 		2 Potatoes (Aloo) 

							 		1/3 cup Green peas (Matar)							 		, steamed							 	

							 		2 Onions							 		, thinly sliced							 	

							 		2 tablespoon Curd (Dahi / Yogurt) 

							 		2 tablespoons Ghee							 		, plus more for shallow frying							 	

Salt							 		, as per taste							 	

							 		1 teaspoon Turmeric powder (Haldi) 
Ingredients to be ground into paste

							 		1 tablespoon Coriander (Dhania) Seeds 

							 		1 inch Ginger 

							 		4 cloves Garlic 

							 		4 Cloves (Laung) 

							 		3 Kashmiri dry red chillies 

							 		3 Cardamom (Elaichi) Pods/Seeds							 		, peeled with only seeds							 	
","To begin making the Mughlai Aloo Matar Gobi Recipe , we will first clean, wash and cut the cauliflower and potatoes in big pieces. Keep all the remaining ingredients handy and ready.Steam the green peas along with a little salt and a dash of sugar and keep aside.Heat 1 tablespoon of ghee; add in the sliced onions and saute until deep brown in color. Once done, turn off the heat and allow it to cool. Once it cools, make smooth paste of the onions and keep aside.Make paste of all the ingredients mentioned under ""To be ground into paste"" using 1 - 3 tablespoon of water. Keep the chilli paste aside.Once again in the heavy bottomed pan; add in 1 tablespoon of ghee. Add in the onion paste and the chilli paste and saute for about 3 to 4 minutes until you notice the aromas coming out. Make sure to keep the heat in low to medium heat as this can burn the spices.Once the onion and chilli paste as a good aroma, stir in the yogurt, salt and turmeric powder. Saute until you notice the masala has thickened.Finally add in the cut potatoes and cauliflower florets and stir into the masala until the masala get well coated onto the vegetables. Add in 1/2 cup of water, turn the heat to low and cover the pan. Allow the vegetables to cook in the Mughlai Masala for about 15 to 20 minutes or until the vegetables are softened and cooked, but not mushy.Once done, stir in the steamed green peas and finely chopped coriander leaves. Check the salt and spice levels and adjust to suit your taste.Serve the Mughlai Aloo Matar Gobi along with Phulka's or Butter Naan's as a delicious side dish for parties or even a weeknight dinner",1.0,dry aloo matar,5,"10, 23, 32, 36, 46",YES,Original recipe dataset,Original dataset,,
Aloo Matar,Aloo Matar Sabzi Recipe - Potatoes Peas In Tomato Gravy,C:\recipe_project\images/aloo_matar/18a5afc696.jpg; C:\recipe_project\images/aloo_matar/55b1fdc50e.jpg; C:\recipe_project\images/aloo_matar/5e0e8735cf.jpg; C:\recipe_project\images/aloo_matar/6f52a5dbb6.jpg,"Aloo Matar Sabzi Recipe is a very traditional Punjabi dish that is made with potatoes and peas, simmered in light and tangy tomato gravy. The recipe has a delicate addition of spices , it is simmered to perfection brings out the essence of this flavorful dish.",Punjabi,Side Dish,Vegetarian,Total in 44 M,"

							 		3 Potatoes (Aloo)							 		, peeled and diced							 	

							 		1/2 cup Green peas (Matar)							 		, steamed							 	

							 		1 Onion							 		, finely chopped							 	

							 		1 inch Ginger							 		, finely chopped							 	

							 		3 Tomatoes							 		, pureed (1 cup puree)							 	

							 		1/2 teaspoon Cumin seeds (Jeera) 

							 		2 Green Chillies							 		, slit							 	

							 		1/2 teaspoon Garam masala powder 

							 		1/2 teaspoon Turmeric powder (Haldi) 

							 		1 teaspoon Red Chilli powder 

							 		4 sprigs Coriander (Dhania) Leaves							 		, finely chopped							 	

Salt							 		, to taste							 	

							 		1/2 teaspoon Sugar							 		, to taste							 	

							 		1 tablespoon Ghee							 		, or oil for cooking							 	
","To begin making the Aloo Matar Sabzi Recipe, prep all the ingredients and keep aside.Heat a tablespoon of ghee or oil in a pressure cooker; add in the cumin seeds and allow it to crackle. Once the cumin seeds crackle add in the onions and ginger and saute on low heat until the onions soften.Once the onions soften, add the tomato puree, green chillies and cook the tomatoes for two to three minutes.Once the tomatoes have softened add turmeric powder, garam masala powder, salt and chilli powder and stir well. Add the chopped and peeled potatoes into the pressure cooker. Add 1/2 a cup of water.Cover the pressure cooker and allow the Aloo Matar Sabzi to cook for 3 to 4 whistles and turn off the heat.Allow the pressure to release naturally, as the potatoes will continue to cook as long as there is pressure inside the cooker.Once the pressure has released, open the cooker and give the Aloo Matar Sabzi a stir. Adjust the consistency of the sabzi, by adding little water if required and post that check the salt and spices and adjust according to taste.Finally stir in the green peas and give the Aloo Matar Sabzi a brisk boil and turn off the heat.Transfer the Aloo Matar Sabzi to a serving bowl , stir in the chopped coriander leaves and serve hot.Serve the Aloo Mutter Sabzi along with steamed rice, parathas, phulka's or naan's for a perfect weeknight dinner.",1.0,gravy aloo matar,4,"6, 26, 33, 40",YES,Original recipe dataset,Original dataset,,
aloo_matar,punjabi aloo matar,C:\recipe_project\images/aloo_matar/06b47185d9.jpg; C:\recipe_project\images/aloo_matar/11d98db2fe.jpg; C:\recipe_project\images/aloo_matar/13c9bdabbc.jpg; C:\recipe_project\images/aloo_matar/1aa0bfd414.jpg; C:\recipe_project\images/aloo_matar/31de4c7ed9.jpg; C:\recipe_project\images/aloo_matar/34a9630f01.jpg; C:\recipe_project\images/aloo_matar/3a99bdbae2.jpg; C:\recipe_project\images/aloo_matar/3dca55f96b.jpg; C:\recipe_project\images/aloo_matar/4d14f4450e.jpg; C:\recipe_project\images/aloo_matar/4e282ef582.jpg; C:\recipe_project\images/aloo_matar/52cb18d1d3.jpg; C:\recipe_project\images/aloo_matar/5acd382ee2.jpg; C:\recipe_project\images/aloo_matar/5bd4b9eacd.jpg; C:\recipe_project\images/aloo_matar/5ee0ddf533.jpg; C:\recipe_project\images/aloo_matar/7a6ee0d943.jpg; C:\recipe_project\images/aloo_matar/8fbcf699e6.jpg; C:\recipe_project\images/aloo_matar/9e6d8a158f.jpg,,,,,,"250 g potatoes, cubed; 3/4 cup green peas; 1 onion; 2 tomatoes; 1 tsp cumin; 1 tsp coriander powder; 1/2 tsp turmeric; 3/4 tsp chilli powder; 1/2 tsp garam masala; 2 tbsp oil; salt; coriander","1. Heat oil and crackle cumin. 2. Add onion and sauté until lightly golden. 3. Add ginger/garlic if used, then tomatoes and powdered spices; cook until the masala is aromatic. 4. Add the main vegetables and toss well. 5. Cover and cook on low heat until tender, stirring occasionally. 6. Adjust salt and garnish with coriander where applicable.",,punjabi aloo matar,17,"2, 3, 4, 9, 13, 14, 15, 17, 22, 24, 25, 28, 30, 35, 41, 47, 50",YES,Swasthi's Recipes – Aloo Matar,Reputable website – adapted variant,https://www.indianhealthyrecipes.com/aloo-matar-recipe-aloo-mutter-recipe/,Base recipe adapted to predicted variety
Aloo Matar,Mughlai Aloo Matar Gobi Recipe,C:\recipe_project\images/aloo_matar/02df621fdd.jpg; C:\recipe_project\images/aloo_matar/14f3ca9153.jpg; C:\recipe_project\images/aloo_matar/18c83308e5.jpg; C:\recipe_project\images/aloo_matar/1a63aeb2fd.jpg; C:\recipe_project\images/aloo_matar/21e56f6d06.jpg; C:\recipe_project\images/aloo_matar/2db15a615e.jpg; C:\recipe_project\images/aloo_matar/3b6982147e.jpg; C:\recipe_project\images/aloo_matar/41cd12677f.jpg; C:\recipe_project\images/aloo_matar/42ad1e8c14.jpg; C:\recipe_project\images/aloo_matar/48c588fa18.jpg; C:\recipe_project\images/aloo_matar/4a7bc66884.jpg; C:\recipe_project\images/aloo_matar/58c57dc4b2.jpg; C:\recipe_project\images/aloo_matar/5b4370d687.jpg; C:\recipe_project\images/aloo_matar/5c4c3e95f5.jpg; C:\recipe_project\images/aloo_matar/5e5698e2f0.jpg; C:\recipe_project\images/aloo_matar/6b4b319bd7.jpg; C:\recipe_project\images/aloo_matar/6bf25a6a56.jpg; C:\recipe_project\images/aloo_matar/6cf842e34c.jpg; C:\recipe_project\images/aloo_matar/7a891c23dd.jpg; C:\recipe_project\images/aloo_matar/7d3544d9f9.jpg; C:\recipe_project\images/aloo_matar/7e392ca2af.jpg; C:\recipe_project\images/aloo_matar/7effdc5dc6.jpg; C:\recipe_project\images/aloo_matar/9c2abe92f7.jpg; C:\recipe_project\images/aloo_matar/9dcac3cc68.jpg,"Mughlai Aloo Matar Gobi as the name suggests is a typical Indian side dish higher on spicy side with the flavors of Ghee, Curd and fried onion. If you are planning Indian menu for the party than this dish would fit in well and compliments almost all kinds of dals, curries. During winter cauliflower and green peas are abundantly available in market so this recipe could be tried during the season with the best of local produce. ",Mughlai,Lunch,Vegetarian,Total in 35 M,"

							 		500 gram Cauliflower (gobi) 

							 		2 Potatoes (Aloo) 

							 		1/3 cup Green peas (Matar)							 		, steamed							 	

							 		2 Onions							 		, thinly sliced							 	

							 		2 tablespoon Curd (Dahi / Yogurt) 

							 		2 tablespoons Ghee							 		, plus more for shallow frying							 	

Salt							 		, as per taste							 	

							 		1 teaspoon Turmeric powder (Haldi) 
Ingredients to be ground into paste

							 		1 tablespoon Coriander (Dhania) Seeds 

							 		1 inch Ginger 

							 		4 cloves Garlic 

							 		4 Cloves (Laung) 

							 		3 Kashmiri dry red chillies 

							 		3 Cardamom (Elaichi) Pods/Seeds							 		, peeled with only seeds							 	
","To begin making the Mughlai Aloo Matar Gobi Recipe , we will first clean, wash and cut the cauliflower and potatoes in big pieces. Keep all the remaining ingredients handy and ready.Steam the green peas along with a little salt and a dash of sugar and keep aside.Heat 1 tablespoon of ghee; add in the sliced onions and saute until deep brown in color. Once done, turn off the heat and allow it to cool. Once it cools, make smooth paste of the onions and keep aside.Make paste of all the ingredients mentioned under ""To be ground into paste"" using 1 - 3 tablespoon of water. Keep the chilli paste aside.Once again in the heavy bottomed pan; add in 1 tablespoon of ghee. Add in the onion paste and the chilli paste and saute for about 3 to 4 minutes until you notice the aromas coming out. Make sure to keep the heat in low to medium heat as this can burn the spices.Once the onion and chilli paste as a good aroma, stir in the yogurt, salt and turmeric powder. Saute until you notice the masala has thickened.Finally add in the cut potatoes and cauliflower florets and stir into the masala until the masala get well coated onto the vegetables. Add in 1/2 cup of water, turn the heat to low and cover the pan. Allow the vegetables to cook in the Mughlai Masala for about 15 to 20 minutes or until the vegetables are softened and cooked, but not mushy.Once done, stir in the steamed green peas and finely chopped coriander leaves. Check the salt and spice levels and adjust to suit your taste.Serve the Mughlai Aloo Matar Gobi along with Phulka's or Butter Naan's as a delicious side dish for parties or even a weeknight dinner",1.0,restaurant style aloo matar,24,"1, 5, 7, 8, 11, 12, 16, 18, 19, 20, 21, 27, 29, 31, 34, 37, 38, 39, 42, 43, 44, 45, 48, 49",YES,Original recipe dataset,Original dataset,,
Aloo Matar,Sookha Aloo Matar Methi Sabzi Recipe,C:\recipe_project\images/aloo_methi/0a4b4b3cf1.jpg; C:\recipe_project\images/aloo_methi/15a80951a5.jpg; C:\recipe_project\images/aloo_methi/1b402a1561.jpg; C:\recipe_project\images/aloo_methi/24c0ad6d85.jpg; C:\recipe_project\images/aloo_methi/2a32f33e72.jpg; C:\recipe_project\images/aloo_methi/31d1f1c67c.jpg; C:\recipe_project\images/aloo_methi/4a6b625181.jpg; C:\recipe_project\images/aloo_methi/5da5a55a04.jpg; C:\recipe_project\images/aloo_methi/6a2813f2cc.jpg; C:\recipe_project\images/aloo_methi/8bde04e3ad.jpg; C:\recipe_project\images/aloo_methi/9c79487995.jpg; C:\recipe_project\images/aloo_methi/9d8a08417f.jpg,"Sookha Aloo Matar Methi Sabzi Recipe is a delicious easy to make sabzi recipe. It has the goodness of the fresh fenugreek leaves, potatoes and green peas combined with mild spices. It makes for a great accompaniment for phulkas or parathas. If you have all the ingredients ready, it is the quickest recipe to cook for the rushed mornings.",North Indian Recipes,Lunch,Vegetarian,Total in 25 M,"

							 		4 Potatoes (Aloo)							 		, boiled							 	

							 		3/4 cup Green peas (Matar) 

							 		1 cup Methi Leaves (Fenugreek Leaves)							 		, roughly chopped							 	

							 		1 Onion							 		, finely chopped							 	

							 		1 teaspoon Red Chilli powder 

							 		2 teaspoon Coriander Powder (Dhania) 

							 		1/2 teaspoon Turmeric powder (Haldi) 

							 		1 teaspoon Garam masala powder 

							 		2 teaspoon Oil 

Salt							 		, to taste							 	
","To begin making Sookha Aloo Matar Methi Sabzi Recipe, pressure cook the potatoes using a pressure cooker for 2 whistles. After the pressure releases naturally open the pressure cooker. Peel the skin of the potatoes and chop into big cubes and keep aside.Likewise, steam the peas and keep aside.Heat oil in a heavy bottomed pan, add the onions and saute until it turns translucent.After the onions have turned translucent add in methi leaves and saute for 2 minutes till the methi leaves wilt a little and releases a nice aroma.Add the red chilli powder, turmeric, coriander powder and saute until the raw smell goes away.Add the peas and boiled potatoes cubes, season with salt and mix well. Saute Sookha Aloo Matar Methi Sabzi until all the ingredients come together.Add the garam masala to Sookha Aloo Matar Methi Sabzi and  stir well. Switch off the flame.Serve the Sookha Aloo Matar Methi Sabzi Recipe along with Phulka or Paratha and Homemade Yogurt (Curd) for kids lunch box or with Phulka, Dal Tadka and Salad for weeknight lunch.",1.0,aloo methi sabzi,12,"3, 10, 13, 14, 16, 23, 30, 34, 37, 44, 48, 49",YES,Original recipe dataset,Original dataset,,
Aloo Gobi,आलू गोभी मेथी टूक - Aloo Gobi Methi Tuk (Recipe In Hindi),C:\recipe_project\images/aloo_methi/0b12f2389d.jpg,आलू गोभी मेथी टूक एक सरल डिश है जिसे सिंधी भोजन में बनाया जाता है. इसमें आलू और गोभी को रोज के मसलो के साथ पकाया जाता है. इसमें मेथी का भी प्रयोग होता है जो इसके स्वाद को और भी बढ़ाता है. आप इसे अपने रोज के खाने के लिए भी बना सकते है.,Sindhi,Appetizer,Vegetarian,Total in 35 M,"

							 		2 आलू							 		, काट ले							 	

							 		1 कप गोभी							 		, काट ले							 	

							 		1 कप मेथी							 		, धो कर काट ले							 	

तेल							 		, प्रयोग अनुसार							 	

							 		1 छोटा चमच्च जीरा 

हींग							 		, चुटकी भर							 	

							 		1 छोटा चमच्च अदरक							 		, पेस्ट							 	

							 		1/2 छोटा चमच्च हरी मिर्च							 		, पेस्ट							 	

							 		2 छोटा चमच्च चाट मसाला पाउडर 

नमक							 		, स्वाद अनुसार							 	
","आलू गोभी मेथी टूक बनाने के लिए सबसे पहले एक कढ़ाई में तेल गरम कर ले. इसमें आलू डाले और नरम होने तक पका ले. अलग से निकाल ले.  उसी कढ़ाई में थोड़ा और तेल डाले। इसमें गोभी डाले और सुनहरा होने तक पका ले. अलग से रख दे. इसी कढ़ाई में थोड़ा और तेल डाले। इसमें जीरा, हींग डाले और 10 सेकण्ड्स तक पकने दे. अब इसमें अदरक और हरी मिर्च का पेस्ट डाले और 2 मिनट के लिए पका ले.2 मिनट के बाद इसमें मेथी डाले और 5 मिनट के लिए पकने दे. मेथी के पकने के बाद इसमें अल्लो और गोभी डाले और अच्छी तरह से मिला ले. चाट मसाला, नमक डाले और 2 मिनट के लिए पकने दे. परोसे। आलू गोभी मेथी टूक को सिंधी कढ़ी और फुल्के के साथ दिन के खाने के लिए परोसे।",1.0,dry aloo methi,1,4,YES,Original recipe dataset,Original dataset,,
aloo_methi,punjabi aloo methi,C:\recipe_project\images/aloo_methi/001c2203a4.jpg; C:\recipe_project\images/aloo_methi/0b6b26d00a.jpg; C:\recipe_project\images/aloo_methi/0c104b390d.jpg; C:\recipe_project\images/aloo_methi/0e2c7a076c.jpg; C:\recipe_project\images/aloo_methi/0e6a031183.jpg; C:\recipe_project\images/aloo_methi/28c7c4094e.jpg; C:\recipe_project\images/aloo_methi/2c1495a822.jpg; C:\recipe_project\images/aloo_methi/2f34acd41f.jpg; C:\recipe_project\images/aloo_methi/3d6018a893.jpg; C:\recipe_project\images/aloo_methi/3e0d94025c.jpg; C:\recipe_project\images/aloo_methi/47d61411a1.jpg; C:\recipe_project\images/aloo_methi/56a8eed2ec.jpg; C:\recipe_project\images/aloo_methi/63d22b4a1d.jpg; C:\recipe_project\images/aloo_methi/6e517be73a.jpg; C:\recipe_project\images/aloo_methi/8a7f709899.jpg; C:\recipe_project\images/aloo_methi/8ddb452856.jpg; C:\recipe_project\images/aloo_methi/9f3551eeff.jpg,,,,,,"250 g potatoes, cubed; 1 1/2 cups chopped fresh methi leaves; 2 garlic cloves; 3/4 tsp cumin; 1/4 tsp turmeric; 1/2 tsp chilli powder; 1/2 tsp garam masala; 2 tbsp oil; salt","1. Heat oil and crackle cumin. 2. Add onion and sauté until lightly golden. 3. Add ginger/garlic if used, then tomatoes and powdered spices; cook until the masala is aromatic. 4. Add the main vegetables and toss well. 5. Cover and cook on low heat until tender, stirring occasionally. 6. Adjust salt and garnish with coriander where applicable.",,punjabi aloo methi,17,"1, 5, 6, 7, 8, 15, 17, 22, 26, 27, 29, 33, 35, 39, 42, 45, 50",YES,Swasthi's Recipes – Aloo Methi,Reputable website – adapted variant,https://www.indianhealthyrecipes.com/aloo-methi-recipe-dry-aloo-methi/,Base recipe adapted to predicted variety
Aloo Gobi,आलू गोभी मेथी टूक - Aloo Gobi Methi Tuk (Recipe In Hindi),C:\recipe_project\images/aloo_methi/04d19d2fb4.jpg; C:\recipe_project\images/aloo_methi/13c322cce9.jpg; C:\recipe_project\images/aloo_methi/17e1ad03d5.jpg; C:\recipe_project\images/aloo_methi/1a8618c36b.jpg; C:\recipe_project\images/aloo_methi/2c750ec26b.jpg; C:\recipe_project\images/aloo_methi/2ce2a442ce.jpg; C:\recipe_project\images/aloo_methi/2da5c297ec.jpg; C:\recipe_project\images/aloo_methi/2f0ef14a4b.jpg; C:\recipe_project\images/aloo_methi/34d79a3ae9.jpg; C:\recipe_project\images/aloo_methi/3b1cfb8bed.jpg; C:\recipe_project\images/aloo_methi/40a487b1ee.jpg; C:\recipe_project\images/aloo_methi/4ab137bb15.jpg; C:\recipe_project\images/aloo_methi/4f19693fdb.jpg; C:\recipe_project\images/aloo_methi/65ee5c1ea2.jpg; C:\recipe_project\images/aloo_methi/6af3609135.jpg; C:\recipe_project\images/aloo_methi/7b9bfef079.jpg; C:\recipe_project\images/aloo_methi/7dd01e2bbc.jpg; C:\recipe_project\images/aloo_methi/8af9fdd584.jpg; C:\recipe_project\images/aloo_methi/8e3ac5953c.jpg; C:\recipe_project\images/aloo_methi/9c43b4e63e.jpg,आलू गोभी मेथी टूक एक सरल डिश है जिसे सिंधी भोजन में बनाया जाता है. इसमें आलू और गोभी को रोज के मसलो के साथ पकाया जाता है. इसमें मेथी का भी प्रयोग होता है जो इसके स्वाद को और भी बढ़ाता है. आप इसे अपने रोज के खाने के लिए भी बना सकते है.,Sindhi,Appetizer,Vegetarian,Total in 35 M,"

							 		2 आलू							 		, काट ले							 	

							 		1 कप गोभी							 		, काट ले							 	

							 		1 कप मेथी							 		, धो कर काट ले							 	

तेल							 		, प्रयोग अनुसार							 	

							 		1 छोटा चमच्च जीरा 

हींग							 		, चुटकी भर							 	

							 		1 छोटा चमच्च अदरक							 		, पेस्ट							 	

							 		1/2 छोटा चमच्च हरी मिर्च							 		, पेस्ट							 	

							 		2 छोटा चमच्च चाट मसाला पाउडर 

नमक							 		, स्वाद अनुसार							 	
","आलू गोभी मेथी टूक बनाने के लिए सबसे पहले एक कढ़ाई में तेल गरम कर ले. इसमें आलू डाले और नरम होने तक पका ले. अलग से निकाल ले.  उसी कढ़ाई में थोड़ा और तेल डाले। इसमें गोभी डाले और सुनहरा होने तक पका ले. अलग से रख दे. इसी कढ़ाई में थोड़ा और तेल डाले। इसमें जीरा, हींग डाले और 10 सेकण्ड्स तक पकने दे. अब इसमें अदरक और हरी मिर्च का पेस्ट डाले और 2 मिनट के लिए पका ले.2 मिनट के बाद इसमें मेथी डाले और 5 मिनट के लिए पकने दे. मेथी के पकने के बाद इसमें अल्लो और गोभी डाले और अच्छी तरह से मिला ले. चाट मसाला, नमक डाले और 2 मिनट के लिए पकने दे. परोसे। आलू गोभी मेथी टूक को सिंधी कढ़ी और फुल्के के साथ दिन के खाने के लिए परोसे।",1.0,restaurant style aloo methi,20,"2, 9, 11, 12, 18, 19, 20, 21, 24, 25, 28, 31, 32, 36, 38, 40, 41, 43, 46, 47",YES,Original recipe dataset,Original dataset,,
anarsa,jaggery anarsa,C:\recipe_project\images/anarsa/08d5d2be70.jpg; C:\recipe_project\images/anarsa/0a1d7d085c.jpg; C:\recipe_project\images/anarsa/0b9a4d0ea8.jpg; C:\recipe_project\images/anarsa/0f964b310f.jpg; C:\recipe_project\images/anarsa/15b99a14c3.jpg; C:\recipe_project\images/anarsa/19e9391328.jpg; C:\recipe_project\images/anarsa/1c5af2c89c.jpg; C:\recipe_project\images/anarsa/1e6623ddfb.jpg; C:\recipe_project\images/anarsa/1f2cc8da58.jpg; C:\recipe_project\images/anarsa/2a3fea2107.jpg; C:\recipe_project\images/anarsa/2a667719d6.jpg; C:\recipe_project\images/anarsa/2bf44d9f27.jpg; C:\recipe_project\images/anarsa/2d5317d3d7.jpg; C:\recipe_project\images/anarsa/2d6823df8f.jpg; C:\recipe_project\images/anarsa/2e2b1fc3ef.jpg; C:\recipe_project\images/anarsa/3b2423109c.jpg; C:\recipe_project\images/anarsa/3c222dedb7.jpg; C:\recipe_project\images/anarsa/4a6fadbe8f.jpg; C:\recipe_project\images/anarsa/4b8a4e7da7.jpg; C:\recipe_project\images/anarsa/4be6e630c3.jpg; C:\recipe_project\images/anarsa/4ce846d106.jpg; C:\recipe_project\images/anarsa/4cfef304e0.jpg; C:\recipe_project\images/anarsa/4d492d90ce.jpg; C:\recipe_project\images/anarsa/4dd5ccddce.jpg; C:\recipe_project\images/anarsa/4f1b1e5bff.jpg; C:\recipe_project\images/anarsa/5b789d408c.jpg; C:\recipe_project\images/anarsa/5c2b11b7fd.jpg; C:\recipe_project\images/anarsa/5fa2d6663e.jpg; C:\recipe_project\images/anarsa/6b1186175c.jpg; C:\recipe_project\images/anarsa/6ea0975860.jpg; C:\recipe_project\images/anarsa/7a00e0bc6f.jpg; C:\recipe_project\images/anarsa/7b43d28e95.jpg; C:\recipe_project\images/anarsa/7c657fc3fc.jpg; C:\recipe_project\images/anarsa/7cc9f68c49.jpg; C:\recipe_project\images/anarsa/7cd5035533.jpg; C:\recipe_project\images/anarsa/7cdb785243.jpg; C:\recipe_project\images/anarsa/7d2f741bbb.jpg; C:\recipe_project\images/anarsa/7ed98ee1b1.jpg; C:\recipe_project\images/anarsa/8a323e291a.jpg; C:\recipe_project\images/anarsa/8c63eb9fa3.jpg; C:\recipe_project\images/anarsa/8cf2dcb428.jpg; C:\recipe_project\images/anarsa/8e67edf646.jpg; C:\recipe_project\images/anarsa/8fca8c3dce.jpg; C:\recipe_project\images/anarsa/9b4b1974be.jpg; C:\recipe_project\images/anarsa/9db598a567.jpg; C:\recipe_project\images/anarsa/9fba3d6a83.jpg,,,,,,2 cups rice; 2 cups grated jaggery; 2 tsp ghee; 2 tbsp milk; poppy or sesame seeds; ghee/oil for frying,"1. Soak rice for several days, changing the water daily, then drain and dry it well. 2. Grind to a fine powder and sieve. 3. Mix with the specified sweetener, ghee and enough milk to form a soft dough. 4. Rest the dough. 5. Shape small portions into thick discs, coating with poppy or sesame seeds. 6. Deep-fry on medium heat until golden and drain.",,jaggery anarsa,46,"1, 2, 4, 5, 6, 7, 8, 9, 10, 11, 12, 13, 14, 15, 16, 17, 18, 19, 20, 21, 22, 23, 24, 25, 26, 27, 28, 29, 30, 31, 33, 35, 36, 37, 38, 39, 40, 42, 43, 44, 45, 46, 47, 48, 49, 50",YES,NDTV Food – Aanarsa,Reputable website – adapted variant,https://food.ndtv.com/recipe-aanarsa-951252,Base recipe adapted to predicted variety
anarsa,plain anarsa,C:\recipe_project\images/anarsa/7a149db8d2.jpg,,,,,,2 cups rice; 2 cups sugar; 2 tsp ghee; 2 tbsp milk; poppy or sesame seeds; ghee/oil for frying,"1. Soak rice for several days, changing the water daily, then drain and dry it well. 2. Grind to a fine powder and sieve. 3. Mix with the specified sweetener, ghee and enough milk to form a soft dough. 4. Rest the dough. 5. Shape small portions into thick discs, coating with poppy or sesame seeds. 6. Deep-fry on medium heat until golden and drain.",,plain anarsa,1,34,YES,NDTV Food – Aanarsa,Reputable website – adapted variant,https://food.ndtv.com/recipe-aanarsa-951252,Base recipe adapted to predicted variety
anarsa,rice flour anarsa,C:\recipe_project\images/anarsa/6fb51f38d5.jpg; C:\recipe_project\images/anarsa/7ecbf8df97.jpg,,,,,,2 cups rice; 2 cups fine rice flour; 2 tsp ghee; 2 tbsp milk; poppy or sesame seeds; ghee/oil for frying,"1. Soak rice for several days, changing the water daily, then drain and dry it well. 2. Grind to a fine powder and sieve. 3. Mix with the specified sweetener, ghee and enough milk to form a soft dough. 4. Rest the dough. 5. Shape small portions into thick discs, coating with poppy or sesame seeds. 6. Deep-fry on medium heat until golden and drain.",,rice flour anarsa,2,"32, 41",YES,NDTV Food – Aanarsa,Reputable website – adapted variant,https://food.ndtv.com/recipe-aanarsa-951252,Base recipe adapted to predicted variety
anarsa,til anarsa,C:\recipe_project\images/anarsa/0b3026c349.jpg,,,,,,2 cups rice; 2 cups grated jaggery; 2 tbsp sesame seeds; 2 tsp ghee; 2 tbsp milk; poppy or sesame seeds; ghee/oil for frying,"1. Soak rice for several days, changing the water daily, then drain and dry it well. 2. Grind to a fine powder and sieve. 3. Mix with the specified sweetener, ghee and enough milk to form a soft dough. 4. Rest the dough. 5. Shape small portions into thick discs, coating with poppy or sesame seeds. 6. Deep-fry on medium heat until golden and drain.",,til anarsa,1,3,YES,NDTV Food – Aanarsa,Reputable website – adapted variant,https://food.ndtv.com/recipe-aanarsa-951252,Base recipe adapted to predicted variety
basundi,dry fruit basundi,C:\recipe_project\images/basundi/06e17f49cf.jpg; C:\recipe_project\images/basundi/0aa640e7e9.jpg; C:\recipe_project\images/basundi/15ca7940b4.jpg; C:\recipe_project\images/basundi/19ef78b83a.jpg; C:\recipe_project\images/basundi/1b18f801a2.jpg; C:\recipe_project\images/basundi/1b5244073f.jpg; C:\recipe_project\images/basundi/28ac202c97.jpg; C:\recipe_project\images/basundi/2c4ffd1cd9.jpg; C:\recipe_project\images/basundi/2c94643610.jpg; C:\recipe_project\images/basundi/2cd09a2e29.jpg; C:\recipe_project\images/basundi/2f88194623.jpg; C:\recipe_project\images/basundi/30d70456b7.jpg; C:\recipe_project\images/basundi/34f9285d55.jpg; C:\recipe_project\images/basundi/3bf6f9808b.jpg; C:\recipe_project\images/basundi/3f6c5531b8.jpg; C:\recipe_project\images/basundi/3f95d28db6.jpg; C:\recipe_project\images/basundi/3feb521725.jpg; C:\recipe_project\images/basundi/47b70b293e.jpg; C:\recipe_project\images/basundi/4a17bf7777.jpg; C:\recipe_project\images/basundi/4ff74ddd31.jpg; C:\recipe_project\images/basundi/5b1ca61db2.jpg; C:\recipe_project\images/basundi/5b4b01279d.jpg; C:\recipe_project\images/basundi/5de688d670.jpg; C:\recipe_project\images/basundi/5ff5982dff.jpg; C:\recipe_project\images/basundi/6c6338276d.jpg; C:\recipe_project\images/basundi/6eb3c1956e.jpg; C:\recipe_project\images/basundi/6f7ce485be.jpg; C:\recipe_project\images/basundi/6ff7890373.jpg; C:\recipe_project\images/basundi/7bbcf9c022.jpg; C:\recipe_project\images/basundi/7ffbde2364.jpg; C:\recipe_project\images/basundi/8a31c345ab.jpg; C:\recipe_project\images/basundi/8a90200861.jpg; C:\recipe_project\images/basundi/8c20fad020.jpg; C:\recipe_project\images/basundi/8c9522d5e4.jpg; C:\recipe_project\images/basundi/8fca8929e4.jpg; C:\recipe_project\images/basundi/9e5e83dc2b.jpg,,,,,,"2 litres full-fat milk; 3/4 cup sugar; 1/4 cup mixed almonds, cashews and pistachios; 1/4 tsp cardamom powder; 1 tsp saffron if desired","1. Bring milk to a boil in a heavy pan. 2. Add sugar and simmer on low heat, stirring and scraping the cream back into the milk. 3. Reduce the milk to about half its volume and thicken it. 4. Add the named nuts or saffron variant and cardamom. 5. Cool and refrigerate before serving.",,dry fruit basundi,36,"1, 3, 6, 7, 8, 9, 10, 11, 12, 14, 16, 17, 18, 20, 21, 22, 23, 25, 26, 27, 30, 31, 32, 33, 34, 36, 37, 38, 39, 42, 43, 44, 45, 46, 48, 50",YES,Archana's Kitchen – Basundi,Reputable website – adapted variant,https://www.archanaskitchen.com/recipe/basundi-recipe-a-nutty-condensed-milk-pudding,Base recipe adapted to predicted variety
basundi,kesar basundi,C:\recipe_project\images/basundi/50d65510c5.jpg,,,,,,2 litres full-fat milk; 3/4 cup sugar; 2 pinches saffron; 1/4 tsp cardamom powder; 1 tsp saffron if desired,"1. Bring milk to a boil in a heavy pan. 2. Add sugar and simmer on low heat, stirring and scraping the cream back into the milk. 3. Reduce the milk to about half its volume and thicken it. 4. Add the named nuts or saffron variant and cardamom. 5. Cool and refrigerate before serving.",,kesar basundi,1,28,YES,Archana's Kitchen – Basundi,Reputable website – adapted variant,https://www.archanaskitchen.com/recipe/basundi-recipe-a-nutty-condensed-milk-pudding,Base recipe adapted to predicted variety
basundi,pistachio basundi,C:\recipe_project\images/basundi/0b9994480b.jpg; C:\recipe_project\images/basundi/2cca354366.jpg; C:\recipe_project\images/basundi/2eba715182.jpg; C:\recipe_project\images/basundi/40bb9d5e12.jpg; C:\recipe_project\images/basundi/6c8138fcc2.jpg; C:\recipe_project\images/basundi/7e800e7f9e.jpg; C:\recipe_project\images/basundi/7fd14d6e5a.jpg; C:\recipe_project\images/basundi/8ffae01100.jpg,,,,,,2 litres full-fat milk; 3/4 cup sugar; 1/4 cup chopped pistachios; 1/4 tsp cardamom powder; 1 tsp saffron if desired,"1. Bring milk to a boil in a heavy pan. 2. Add sugar and simmer on low heat, stirring and scraping the cream back into the milk. 3. Reduce the milk to about half its volume and thicken it. 4. Add the named nuts or saffron variant and cardamom. 5. Cool and refrigerate before serving.",,pistachio basundi,8,"4, 13, 15, 24, 35, 40, 41, 49",YES,Archana's Kitchen – Basundi,Reputable website – adapted variant,https://www.archanaskitchen.com/recipe/basundi-recipe-a-nutty-condensed-milk-pudding,Base recipe adapted to predicted variety
basundi,plain basundi,C:\recipe_project\images/basundi/07c8fff646.jpg; C:\recipe_project\images/basundi/11d9442e9b.jpg; C:\recipe_project\images/basundi/3af89bf6e8.jpg; C:\recipe_project\images/basundi/52fa0ae6a9.jpg; C:\recipe_project\images/basundi/8fb7d8f3f0.jpg,,,,,,2 litres full-fat milk; 3/4 cup sugar; 1/4 tsp cardamom powder; 1/4 tsp cardamom powder; 1 tsp saffron if desired,"1. Bring milk to a boil in a heavy pan. 2. Add sugar and simmer on low heat, stirring and scraping the cream back into the milk. 3. Reduce the milk to about half its volume and thicken it. 4. Add the named nuts or saffron variant and cardamom. 5. Cool and refrigerate before serving.",,plain basundi,5,"2, 5, 19, 29, 47",YES,Archana's Kitchen – Basundi,Reputable website – adapted variant,https://www.archanaskitchen.com/recipe/basundi-recipe-a-nutty-condensed-milk-pudding,Base recipe adapted to predicted variety
bhatura,aloo bhatura,C:\recipe_project\images/bhatura/1a1920e559.jpg; C:\recipe_project\images/bhatura/24e4bcbbd9.jpg; C:\recipe_project\images/bhatura/26af243f03.jpg; C:\recipe_project\images/bhatura/5e5fcfafab.jpg; C:\recipe_project\images/bhatura/7d511d084f.jpg,,,,,,2 cups maida; 1 cup boiled mashed potato; 1/2 cup curd; 1 tbsp semolina; 1 tbsp oil; 1 tsp sugar; 1 1/2 tsp yeast; 1 1/2 tsp salt; lukewarm water; oil for frying,"1. Mix flour, semolina, salt, sugar and oil. 2. Add curd and activated yeast with water and knead into a soft dough. 3. Rest covered until slightly risen. 4. Divide into balls and, for stuffed bhatura, fill and seal. 5. Roll into discs. 6. Deep-fry in hot oil, turning once, until puffed and cooked. 7. Drain and serve hot.",,aloo bhatura,5,"12, 17, 19, 30, 38",YES,Archana's Kitchen – Bhatura,Reputable website – adapted variant,https://www.archanaskitchen.com/recipe/bhatura-puffed-yogurt-bread,Base recipe adapted to predicted variety
bhatura,crispy bhatura,C:\recipe_project\images/bhatura/005c62055f.jpg; C:\recipe_project\images/bhatura/10e2670c3b.jpg; C:\recipe_project\images/bhatura/18e4d65d85.jpg; C:\recipe_project\images/bhatura/1bb2a0ca01.jpg; C:\recipe_project\images/bhatura/1ce23e9981.jpg; C:\recipe_project\images/bhatura/25f97b0569.jpg; C:\recipe_project\images/bhatura/5ecb6ad613.jpg; C:\recipe_project\images/bhatura/5fa68259c7.jpg; C:\recipe_project\images/bhatura/6b717b959f.jpg; C:\recipe_project\images/bhatura/8a31746a32.jpg; C:\recipe_project\images/bhatura/8b37f8729e.jpg; C:\recipe_project\images/bhatura/8e4b799a9a.jpg; C:\recipe_project\images/bhatura/9bcde83d8d.jpg; C:\recipe_project\images/bhatura/9f68d9dfe2.jpg,,,,,,2 cups maida; 1 tbsp extra semolina; 1/2 cup curd; 1 tbsp semolina; 1 tbsp oil; 1 tsp sugar; 1 1/2 tsp yeast; 1 1/2 tsp salt; lukewarm water; oil for frying,"1. Mix flour, semolina, salt, sugar and oil. 2. Add curd and activated yeast with water and knead into a soft dough. 3. Rest covered until slightly risen. 4. Divide into balls and, for stuffed bhatura, fill and seal. 5. Roll into discs. 6. Deep-fry in hot oil, turning once, until puffed and cooked. 7. Drain and serve hot.",,crispy bhatura,14,"1, 7, 11, 13, 14, 18, 31, 33, 34, 42, 44, 46, 47, 49",YES,Archana's Kitchen – Bhatura,Reputable website – adapted variant,https://www.archanaskitchen.com/recipe/bhatura-puffed-yogurt-bread,Base recipe adapted to predicted variety
bhatura,plain bhatura,C:\recipe_project\images/bhatura/016dd09bb1.jpg; C:\recipe_project\images/bhatura/2b9a862167.jpg; C:\recipe_project\images/bhatura/4bf6c18d87.jpg; C:\recipe_project\images/bhatura/6bfc35793f.jpg,,,,,,2 cups maida; no filling; 1/2 cup curd; 1 tbsp semolina; 1 tbsp oil; 1 tsp sugar; 1 1/2 tsp yeast; 1 1/2 tsp salt; lukewarm water; oil for frying,"1. Mix flour, semolina, salt, sugar and oil. 2. Add curd and activated yeast with water and knead into a soft dough. 3. Rest covered until slightly risen. 4. Divide into balls and, for stuffed bhatura, fill and seal. 5. Roll into discs. 6. Deep-fry in hot oil, turning once, until puffed and cooked. 7. Drain and serve hot.",,plain bhatura,4,"2, 20, 25, 36",YES,Archana's Kitchen – Bhatura,Reputable website – adapted variant,https://www.archanaskitchen.com/recipe/bhatura-puffed-yogurt-bread,Base recipe adapted to predicted variety
bhatura,stuffed bhatura,C:\recipe_project\images/bhatura/0b3ed8d096.jpg; C:\recipe_project\images/bhatura/0c336b5378.jpg; C:\recipe_project\images/bhatura/0da0ea24b2.jpg; C:\recipe_project\images/bhatura/0e84306e25.jpg; C:\recipe_project\images/bhatura/14b6125138.jpg; C:\recipe_project\images/bhatura/14fcac8706.jpg; C:\recipe_project\images/bhatura/17afbffe7d.jpg; C:\recipe_project\images/bhatura/1ed8f97fe2.jpg; C:\recipe_project\images/bhatura/23c3ce067e.jpg; C:\recipe_project\images/bhatura/2ec3c7d2d5.jpg; C:\recipe_project\images/bhatura/3db3e71567.jpg; C:\recipe_project\images/bhatura/3f2be0dce2.jpg; C:\recipe_project\images/bhatura/4a2173df91.jpg; C:\recipe_project\images/bhatura/4e052c4c31.jpg; C:\recipe_project\images/bhatura/4fe1f53b08.jpg; C:\recipe_project\images/bhatura/5cbcf3fdae.jpg; C:\recipe_project\images/bhatura/5d49d7fc8c.jpg; C:\recipe_project\images/bhatura/5f5c3e7090.jpg; C:\recipe_project\images/bhatura/6b7d6a02b0.jpg; C:\recipe_project\images/bhatura/6ca43de67f.jpg; C:\recipe_project\images/bhatura/7dfec3ba4c.jpg; C:\recipe_project\images/bhatura/7f4e67b3a2.jpg; C:\recipe_project\images/bhatura/8a31202469.jpg; C:\recipe_project\images/bhatura/8aacc3a978.jpg; C:\recipe_project\images/bhatura/8d41747def.jpg; C:\recipe_project\images/bhatura/9bdae15cf5.jpg; C:\recipe_project\images/bhatura/9ff0e71a7b.jpg,,,,,,2 cups maida; 1 cup spiced mashed potato or paneer filling; 1/2 cup curd; 1 tbsp semolina; 1 tbsp oil; 1 tsp sugar; 1 1/2 tsp yeast; 1 1/2 tsp salt; lukewarm water; oil for frying,"1. Mix flour, semolina, salt, sugar and oil. 2. Add curd and activated yeast with water and knead into a soft dough. 3. Rest covered until slightly risen. 4. Divide into balls and, for stuffed bhatura, fill and seal. 5. Roll into discs. 6. Deep-fry in hot oil, turning once, until puffed and cooked. 7. Drain and serve hot.",,stuffed bhatura,27,"3, 4, 5, 6, 8, 9, 10, 15, 16, 21, 22, 23, 24, 26, 27, 28, 29, 32, 35, 37, 39, 40, 41, 43, 45, 48, 50",YES,Archana's Kitchen – Bhatura,Reputable website – adapted variant,https://www.archanaskitchen.com/recipe/bhatura-puffed-yogurt-bread,Base recipe adapted to predicted variety
Bhindi Masala,Aloo Bhindi Masala Gravy Recipe,C:\recipe_project\images/bhindi_masala/0ad2da976e.jpg; C:\recipe_project\images/bhindi_masala/0b61920a7a.jpg; C:\recipe_project\images/bhindi_masala/0f179154b5.jpg; C:\recipe_project\images/bhindi_masala/21bda167f0.jpg; C:\recipe_project\images/bhindi_masala/2d37c537f0.jpg; C:\recipe_project\images/bhindi_masala/8d3a874c20.jpg,Aloo Bhindi Masala Gravy Recipe is an everyday gravy sabzi that is cooked along with spices in a tomato and onion gravy. It is simple to make and uses everyday masalas to make the gravy flavourful. It makes a delicious side dish to be served along with phulkas and a dal tadka for lunch or dinner.,North Indian Recipes,Lunch,Vegetarian,Total in 35 M,"
For the roasted Bhindi

							 		250 grams Bhindi (Lady Finger/Okra)							 		, cut into 1-1/2 inch pieces							 	

							 		1/2 teaspoon SSP Asafoetida (Hing) 

							 		1 teaspoon Mustard oil 

Salt							 		, to taste							 	
For the roasted Potatoes

							 		2 Potato (Aloo)							 		, peeled and cut into wedges							 	

							 		1/4 teaspoon Asafoetida (hing)							 		, a pinch							 	

							 		1/2 teaspoon Cumin seeds (Jeera) 

							 		1/2 teaspoon Turmeric powder (Haldi) 

Salt							 		, to taste							 	

							 		1 tablespoon Mustard oil 
For the gravy

							 		1 Onion							 		, finely chopped							 	

							 		6 cloves Garlic							 		, finely chopped							 	

							 		1 inch Ginger							 		, finely chopped							 	

							 		1 cup Tomatoes							 		, puree							 	

							 		1 inch Cinnamon Stick (Dalchini) 

							 		1 Bay leaf (tej patta) 

							 		1/2 teaspoon Turmeric powder (Haldi) 

							 		1 teaspoon Red Chilli powder 

							 		1 teaspoon Coriander Powder (Dhania) 

Water							 		, as required							 	

Salt							 		, to taste							 	

Oil							 		, as required							 	

							 		1 tablespoon Kasuri Methi (Dried Fenugreek Leaves) 

Coriander (Dhania) Leaves							 		, a few, chopped, for garnish							 	
","To begin making the Aloo Bhindi Masala Gravy Recipe, first we will pan fry the bhindi.Into a preheated pan add oil. Once the oil is hot add the asafoetida, bhindi and salt to taste. Saute for a minute and the cover the pan. Keep your ladle in the pan to keep the lid ajar a little. This will help the bhindis to cook well but not get soggy at the same time.Cook the bhindi until they are completely done. Stir occasionally to cook them evenly. Once done keep the bhindi aside. Next we will roast the potatoes. Into a preheated pan add mustard oil, cumin seeds, asafoetida, turmeric powder, potatoes and salt to taste.Saute for a minute and then cover the pan.Cook the potatoes until cooked through. Once done turn off the heat and keep aside.  We will finally make the gravy for the Aloo Bhindi Masala.Into  preheated pan add oil, onions, garlic, ginger and saute until the onions soften and turn golden brown in color. Once done add the cinnamon, bay leaf, tomato puree, turmeric powder, red chili powder, coriander powder and salt to taste.Bring the masala to a brisk boil for 3 to 4 minutes.After 4 minutes add the roasted potatoes and bhindi in to the masala.Stir well to combine and simmer the aloo bhindi masala for 3 to 4 minutes.Finally stir in the kasuri methi. Cook for a minute and turn off the heat. Transfer the Aloo bhindi masala gravy into a serving bowl. Garnish it with some chopped coriander leaves and serve.Serve this simple and tasty Aloo Bhindi Masala Gravy Recipe along with Lasooni Dal, Tomato Onion Cucumber Raita and Phulka for an everyday meal.",1.0,dry bhindi masala,6,"4, 6, 12, 17, 20, 40",YES,Original recipe dataset,Original dataset,,
Bhindi Masala,Aloo Bhindi Masala Gravy Recipe,C:\recipe_project\images/bhindi_masala/9cc4848768.jpg; C:\recipe_project\images/bhindi_masala/9ee3fee3c5.jpg,Aloo Bhindi Masala Gravy Recipe is an everyday gravy sabzi that is cooked along with spices in a tomato and onion gravy. It is simple to make and uses everyday masalas to make the gravy flavourful. It makes a delicious side dish to be served along with phulkas and a dal tadka for lunch or dinner.,North Indian Recipes,Lunch,Vegetarian,Total in 35 M,"
For the roasted Bhindi

							 		250 grams Bhindi (Lady Finger/Okra)							 		, cut into 1-1/2 inch pieces							 	

							 		1/2 teaspoon SSP Asafoetida (Hing) 

							 		1 teaspoon Mustard oil 

Salt							 		, to taste							 	
For the roasted Potatoes

							 		2 Potato (Aloo)							 		, peeled and cut into wedges							 	

							 		1/4 teaspoon Asafoetida (hing)							 		, a pinch							 	

							 		1/2 teaspoon Cumin seeds (Jeera) 

							 		1/2 teaspoon Turmeric powder (Haldi) 

Salt							 		, to taste							 	

							 		1 tablespoon Mustard oil 
For the gravy

							 		1 Onion							 		, finely chopped							 	

							 		6 cloves Garlic							 		, finely chopped							 	

							 		1 inch Ginger							 		, finely chopped							 	

							 		1 cup Tomatoes							 		, puree							 	

							 		1 inch Cinnamon Stick (Dalchini) 

							 		1 Bay leaf (tej patta) 

							 		1/2 teaspoon Turmeric powder (Haldi) 

							 		1 teaspoon Red Chilli powder 

							 		1 teaspoon Coriander Powder (Dhania) 

Water							 		, as required							 	

Salt							 		, to taste							 	

Oil							 		, as required							 	

							 		1 tablespoon Kasuri Methi (Dried Fenugreek Leaves) 

Coriander (Dhania) Leaves							 		, a few, chopped, for garnish							 	
","To begin making the Aloo Bhindi Masala Gravy Recipe, first we will pan fry the bhindi.Into a preheated pan add oil. Once the oil is hot add the asafoetida, bhindi and salt to taste. Saute for a minute and the cover the pan. Keep your ladle in the pan to keep the lid ajar a little. This will help the bhindis to cook well but not get soggy at the same time.Cook the bhindi until they are completely done. Stir occasionally to cook them evenly. Once done keep the bhindi aside. Next we will roast the potatoes. Into a preheated pan add mustard oil, cumin seeds, asafoetida, turmeric powder, potatoes and salt to taste.Saute for a minute and then cover the pan.Cook the potatoes until cooked through. Once done turn off the heat and keep aside.  We will finally make the gravy for the Aloo Bhindi Masala.Into  preheated pan add oil, onions, garlic, ginger and saute until the onions soften and turn golden brown in color. Once done add the cinnamon, bay leaf, tomato puree, turmeric powder, red chili powder, coriander powder and salt to taste.Bring the masala to a brisk boil for 3 to 4 minutes.After 4 minutes add the roasted potatoes and bhindi in to the masala.Stir well to combine and simmer the aloo bhindi masala for 3 to 4 minutes.Finally stir in the kasuri methi. Cook for a minute and turn off the heat. Transfer the Aloo bhindi masala gravy into a serving bowl. Garnish it with some chopped coriander leaves and serve.Serve this simple and tasty Aloo Bhindi Masala Gravy Recipe along with Lasooni Dal, Tomato Onion Cucumber Raita and Phulka for an everyday meal.",1.0,gravy bhindi masala,2,"46, 49",YES,Original recipe dataset,Original dataset,,
Bhindi Masala,Paneer Stuffed Bhindi Masala Recipe,C:\recipe_project\images/bhindi_masala/01eaebcbec.jpg; C:\recipe_project\images/bhindi_masala/06d2073358.jpg; C:\recipe_project\images/bhindi_masala/09ab4b950b.jpg; C:\recipe_project\images/bhindi_masala/0aff82ae15.jpg; C:\recipe_project\images/bhindi_masala/0ba897c635.jpg; C:\recipe_project\images/bhindi_masala/0bca32a43c.jpg; C:\recipe_project\images/bhindi_masala/0d7b98db59.jpg; C:\recipe_project\images/bhindi_masala/0d8b6a852c.jpg; C:\recipe_project\images/bhindi_masala/0dd082619b.jpg; C:\recipe_project\images/bhindi_masala/11dd1ab280.jpg; C:\recipe_project\images/bhindi_masala/17bd5d7493.jpg; C:\recipe_project\images/bhindi_masala/1b707637e4.jpg; C:\recipe_project\images/bhindi_masala/1f71179ba6.jpg; C:\recipe_project\images/bhindi_masala/23f644af28.jpg; C:\recipe_project\images/bhindi_masala/2b26a71880.jpg; C:\recipe_project\images/bhindi_masala/2e34c2526f.jpg; C:\recipe_project\images/bhindi_masala/30eb4cadc8.jpg; C:\recipe_project\images/bhindi_masala/3b90c4f75e.jpg; C:\recipe_project\images/bhindi_masala/3bede0f616.jpg; C:\recipe_project\images/bhindi_masala/3c65b09a7e.jpg; C:\recipe_project\images/bhindi_masala/3d93c477ca.jpg; C:\recipe_project\images/bhindi_masala/3fff4e97d4.jpg; C:\recipe_project\images/bhindi_masala/4cbdca970b.jpg; C:\recipe_project\images/bhindi_masala/5ced6c6553.jpg; C:\recipe_project\images/bhindi_masala/5f6c13abfb.jpg; C:\recipe_project\images/bhindi_masala/6ad7721d3f.jpg; C:\recipe_project\images/bhindi_masala/6bf714b783.jpg; C:\recipe_project\images/bhindi_masala/6e04e0d816.jpg; C:\recipe_project\images/bhindi_masala/6e634babae.jpg; C:\recipe_project\images/bhindi_masala/7edfa5141a.jpg; C:\recipe_project\images/bhindi_masala/7f41ba6d1d.jpg; C:\recipe_project\images/bhindi_masala/8acb9a6822.jpg; C:\recipe_project\images/bhindi_masala/8ae34525e2.jpg; C:\recipe_project\images/bhindi_masala/8d1656e7e2.jpg; C:\recipe_project\images/bhindi_masala/8d42b9557a.jpg; C:\recipe_project\images/bhindi_masala/8d781400d3.jpg; C:\recipe_project\images/bhindi_masala/8f5f6fc68b.jpg; C:\recipe_project\images/bhindi_masala/8fe8c28c22.jpg; C:\recipe_project\images/bhindi_masala/9b38f50f87.jpg; C:\recipe_project\images/bhindi_masala/9dd4de3b27.jpg; C:\recipe_project\images/bhindi_masala/9eb7a27bdc.jpg; C:\recipe_project\images/bhindi_masala/9f2f3cf0e4.jpg,Paneer Stuffed Bhindi Masala Recipe is a delicious dish made by stuffing lady's finger also called as bhindi with a spicy crumbled paneer. You can prepare this dish in both a gravy form by adding a tomato base to the stuffed bhindi recipe.,North Indian Recipes,Lunch,Vegetarian,Total in 40 M,"

							 		250 grams Bhindi (Lady Finger/Okra) 

							 		2 tablespoons Oil 

							 		1 Onion							 		, thinly sliced							 	

							 		1 Tomato							 		, finely chopped							 	

							 		1 teaspoon Ginger							 		, finely chopped							 	

							 		2 cloves Garlic							 		, finely chopped							 	

							 		1/2 teaspoon Cumin seeds (Jeera) 

							 		1/4 teaspoon Asafoetida (hing) 

Salt							 		, to taste							 	
Ingredients for paneer stuffing

							 		1 cup Paneer (Homemade Cottage Cheese)							 		, crumbled							 	

							 		1/2 teaspoon Coriander Powder (Dhania) 

							 		1/4 teaspoon Amchur (Dry Mango Powder) 

							 		1/4 teaspoon Red Chilli powder 

							 		1/4 teaspoon Turmeric powder (Haldi) 

Salt							 		, to taste							 	
","To begin making Paneer Stuffed Bhindi Masala Recipe wash okra, pat them with a dry cloth and cut off the stems. Make a vertical cut in okra, making sure they don’t become two separate halves.To prepare the paneer stuffing, combine all the ingredients for the stuffing in a mixing bowl.Fill 1/2 teaspoon of mixture in each okra through the slits. Once all the okras are stuffed with the mixture, keep them aside.Heat oil in a deep pan and add cumin seeds along with the asafoetida. Once it crackles, add chopped onion, ginger, garlic and saute until the onions are tender.Add the stuffed okra and saute. Cover and cook on low heat for 5 minutes. Once the bhindi is nearly cooked add the tomatoes and cook for a couple of minutes on medium heat.Stir in the remaining paneer (if extra) stuffing at this point of time to add more flavors.Cover the pan and simmer the Paneer Stuffed Bhindi Masala over medium heat until the bhindi is soft and cooked.Check the salt and adjust according to taste. Transfer the Paneer Stuffed Bhindi Masala to a serving bowl and serve hot.Serve the Paneer Stuffed Bhindi Masala along with Phulka's, Gujarati Kadhi and Badam Ki Kheer Recipe  for a weekday dinner.",1.0,stuffed bhindi,42,"1, 2, 3, 5, 7, 8, 9, 10, 11, 13, 14, 15, 16, 18, 19, 21, 22, 23, 24, 25, 26, 27, 28, 29, 30, 31, 32, 33, 34, 35, 36, 37, 38, 39, 41, 42, 43, 44, 45, 47, 48, 50",YES,Original recipe dataset,Original dataset,,
Biryani,Ambur Star Chicken Biryani Recipe ,C:\recipe_project\images/biryani/6d6cb5a684.jpg,"Ambur Star Chicken Biryani is a delicious South Indian Biryani Recipe, in which the flavour of the chicken is predominant and the spices are rather mild. With tender pieces of meat on the bone, simple whole spices and the short grain rice-Seeraga Samba, this non-vegetarian recipe is an absolute winner.  Serve it as main course at your parties or on a Sunday afternoon for lunch. ",Tamil Nadu,Main Course,Non Vegeterian,Total in 55 M,"

							 		500 grams Seeraga (Jeeraga) Samba rice							 		, washed and soaked							 	

							 		1 tablespoon Ghee 

							 		1 Bay leaf (tej patta) 

							 		1 Star anise 

							 		1 Cinnamon Stick (Dalchini) 

							 		2 Cardamom (Elaichi) Pods/Seeds 

							 		1 clove Cloves (Laung) 

							 		500 grams Chicken							 		, cleaned and washed							 	

							 		4 tablespoons Oil 

							 		2 inch Ginger							 		, finely chopped							 	

							 		4 cloves Garlic							 		, finely chopped							 	

							 		3 Onions							 		, sliced							 	

							 		2 Tomatoes							 		, chopped							 	

							 		3 teaspoons Red Chilli powder 

Salt							 		, to taste							 	

							 		2 teaspoons Coriander Powder (Dhania) 

							 		3 tablespoons Curd (Dahi / Yogurt) 

							 		1/4 cup Mint Leaves (Pudina)							 		, roughly torn							 	
","To begin making the Ambur Star Chicken Biryani, thoroughly wash and clean the chicken and set aside. Soak the Seeraga samba rice, for a minimum of 30 minutes.In an open pan, add ghee, bay leaf, star anise, cinnamon, cloves, cardamom. To this add 2 cups of water and bring to a single boil. Add the washed and drained rice and cook until the rice is about 70% cooked.  (The rice grain should be undercooked in the center) Set aside.In a deep kadai, on medium flame, heat 4 tablespoons of oil, add the sliced onions and cook till transparent for about 5-7 minutes.At this stage mix in the ginger paste, garlic paste and salt. Saute for a couple of minutes.Mix in the chopped tomatoes and cook until they are soft.  At this stage add in the red chilli powder and coriander seeds powder.Once the onion-tomato mixture comes together, slightly tilt the kadai, and remove the excess oil, spoon by spoon into a small cup/katori.Now that the excess oil has been drained out, add the yogurt/curd and chicken and mix well. Allow the chicken to cook until almost done to about 80%.  Mix in the mint leavesTo assemble to biryani, while the chicken continues to be in the kadai, add the 70% cooked seeraga samba rice on top of the chicken pieces and pour the excess flavoured oil over the rice and cover the kadai with a plate. Turn the flame to the lowest heat possible. In a saucepan, boil water and turn off the flame and place this hot pan on the lid of the kadai. This process is done in order to seal the kadai in which the biryani is cooking. The heat from the hot water in the saucepan provides heat from the top, while there is heat from the bottom as well creating the effect of ""Dum"". Let the biryani sit on this ""Dum"" for a good 20 minutes. After 20 minutes open the lid and lightly fluff up the biryani with a fork and serve piping hot.Serve the Ambur Star Chicken Biryani  along with Tadka Raita Recipe (Spiced Curd With Onions) and Chettinad Kathirikai Chops Recipe for Sunday Lunch. ",1.0,ambur biryani,1,41,YES,Original recipe dataset,Original dataset,,
Biryani,Ambur Star Chicken Biryani Recipe ,C:\recipe_project\images/biryani/2aac25f425.jpg; C:\recipe_project\images/biryani/2c1d127b21.jpg; C:\recipe_project\images/biryani/2dcb82424b.jpg; C:\recipe_project\images/biryani/37e594ee51.jpg; C:\recipe_project\images/biryani/46fab26bdd.jpg; C:\recipe_project\images/biryani/5a57c96bfc.jpg; C:\recipe_project\images/biryani/5aa9621cee.jpg; C:\recipe_project\images/biryani/5c80c9eead.jpg; C:\recipe_project\images/biryani/7de8263e6c.jpg; C:\recipe_project\images/biryani/9c42c23e69.jpg,"Ambur Star Chicken Biryani is a delicious South Indian Biryani Recipe, in which the flavour of the chicken is predominant and the spices are rather mild. With tender pieces of meat on the bone, simple whole spices and the short grain rice-Seeraga Samba, this non-vegetarian recipe is an absolute winner.  Serve it as main course at your parties or on a Sunday afternoon for lunch. ",Tamil Nadu,Main Course,Non Vegeterian,Total in 55 M,"

							 		500 grams Seeraga (Jeeraga) Samba rice							 		, washed and soaked							 	

							 		1 tablespoon Ghee 

							 		1 Bay leaf (tej patta) 

							 		1 Star anise 

							 		1 Cinnamon Stick (Dalchini) 

							 		2 Cardamom (Elaichi) Pods/Seeds 

							 		1 clove Cloves (Laung) 

							 		500 grams Chicken							 		, cleaned and washed							 	

							 		4 tablespoons Oil 

							 		2 inch Ginger							 		, finely chopped							 	

							 		4 cloves Garlic							 		, finely chopped							 	

							 		3 Onions							 		, sliced							 	

							 		2 Tomatoes							 		, chopped							 	

							 		3 teaspoons Red Chilli powder 

Salt							 		, to taste							 	

							 		2 teaspoons Coriander Powder (Dhania) 

							 		3 tablespoons Curd (Dahi / Yogurt) 

							 		1/4 cup Mint Leaves (Pudina)							 		, roughly torn							 	
","To begin making the Ambur Star Chicken Biryani, thoroughly wash and clean the chicken and set aside. Soak the Seeraga samba rice, for a minimum of 30 minutes.In an open pan, add ghee, bay leaf, star anise, cinnamon, cloves, cardamom. To this add 2 cups of water and bring to a single boil. Add the washed and drained rice and cook until the rice is about 70% cooked.  (The rice grain should be undercooked in the center) Set aside.In a deep kadai, on medium flame, heat 4 tablespoons of oil, add the sliced onions and cook till transparent for about 5-7 minutes.At this stage mix in the ginger paste, garlic paste and salt. Saute for a couple of minutes.Mix in the chopped tomatoes and cook until they are soft.  At this stage add in the red chilli powder and coriander seeds powder.Once the onion-tomato mixture comes together, slightly tilt the kadai, and remove the excess oil, spoon by spoon into a small cup/katori.Now that the excess oil has been drained out, add the yogurt/curd and chicken and mix well. Allow the chicken to cook until almost done to about 80%.  Mix in the mint leavesTo assemble to biryani, while the chicken continues to be in the kadai, add the 70% cooked seeraga samba rice on top of the chicken pieces and pour the excess flavoured oil over the rice and cover the kadai with a plate. Turn the flame to the lowest heat possible. In a saucepan, boil water and turn off the flame and place this hot pan on the lid of the kadai. This process is done in order to seal the kadai in which the biryani is cooking. The heat from the hot water in the saucepan provides heat from the top, while there is heat from the bottom as well creating the effect of ""Dum"". Let the biryani sit on this ""Dum"" for a good 20 minutes. After 20 minutes open the lid and lightly fluff up the biryani with a fork and serve piping hot.Serve the Ambur Star Chicken Biryani  along with Tadka Raita Recipe (Spiced Curd With Onions) and Chettinad Kathirikai Chops Recipe for Sunday Lunch. ",1.0,chicken biryani,10,"11, 13, 14, 16, 19, 31, 32, 34, 46, 50",YES,Original recipe dataset,Original dataset,,
Biryani,Spicy Egg Biryani Recipe with Figaro Olive Oil,C:\recipe_project\images/biryani/04d39a92fc.jpg; C:\recipe_project\images/biryani/4a7ac94a77.jpg; C:\recipe_project\images/biryani/4c1a9e1748.jpg; C:\recipe_project\images/biryani/52f409a5eb.jpg; C:\recipe_project\images/biryani/6d6844727c.jpg,"Spicy Egg Biryani is made with the combination of rice, eggs and a lot of spices. This is a perfect dish when you have guests at your home or if you are planning to organize a house party.",Indian,Lunch,Eggetarian,Total in 100 M,"

							 		1 1/2 cup Basmati rice 

							 		2 Onions							 		, thinly sliced							 	

							 		1 Onion							 		, sliced and caramelized							 	

							 		2 Tomatoes							 		, pureed							 	

							 		3 Whole Eggs							 		, hard boiled							 	

							 		3 Green Chillies							 		, chopped							 	

							 		2 inch Ginger 

							 		6 cloves Garlic 

							 		1/4 cup Mint Leaves (Pudina)							 		, chopped							 	

							 		1/2 cup Curd (Dahi / Yogurt) 

Saffron strands							 		, a few strands soaked in milk							 	

							 		1 teaspoon Turmeric powder (Haldi) 

							 		1 teaspoon Red Chilli powder 

							 		1 teaspoon Garam masala powder 

							 		2 Bay leaves (tej patta) 

							 		2 inch Cinnamon Stick (Dalchini) 

							 		2 Cloves (Laung) 

Salt							 		, to taste							 	

							 		1 tablespoon Extra Virgin Olive Oil 
For garnishing

							 		2 Onions							 		, sliced and caramelized							 	
For garnishing

Coriander (Dhania) Leaves							 		, Few sprigs chopped							 	

							 		1/4 cup Cashew nuts							 		, roasted in ghee until browned							 	

Coriander (Dhania) Leaves							 		, Few sprigs chopped							 	

							 		1/4 cup Cashew nuts							 		, roasted in ghee until browned							 	
","To begin making the Spicy Egg Biryani, wash and soak rice in 1 cup of water for about 20 minutes.Grind the ginger, garlic and green chillies in a pestle and mortar.Heat olive oil in the pressure cooker on medium heat, add the sliced onions and cook them till they caramelize. This will take about 5-7 minutes. Add the ginger garlic paste and add whole spices. Saute until you can smell the delicious aromas.Add the pureed tomatoes, the turmeric powder, red chilli powder and garam masala powder, and mix well.When the masala is mixed properly, add the boiled eggs. Next add the rice, saffron milk, yogurt, salt and mint.Add 3 cups water and cook for three whistles and turn off the heat.Once done, turn off the heat and allow the egg biryani to rest for a few minutes.Garnish with caramelized onions, coriander leaves and cashew nuts.  Serve Spicy Egg Biryani along with Onion Raita and Mirchi Ka Salan for a delicious weekend meal.",1.0,egg biryani,5,"1, 21, 23, 29, 40",YES,Original recipe dataset,Original dataset,,
Biryani,Hyderabadi Biryani With Basmati Rice (Mutton & Chicken),C:\recipe_project\images/biryani/0ea582d23a.jpg; C:\recipe_project\images/biryani/46b318a675.jpg; C:\recipe_project\images/biryani/4d318a1d0c.jpg; C:\recipe_project\images/biryani/4e289b089c.jpg; C:\recipe_project\images/biryani/4f8914a4bf.jpg; C:\recipe_project\images/biryani/5e59fcf9f7.jpg; C:\recipe_project\images/biryani/5f814c0627.jpg; C:\recipe_project\images/biryani/8e922b7b00.jpg,"Hyderabadi Biryani is one of the most authentic and traditional dishes from the hyderabadi cuisine. This biryani recipe is an adaptation and tastes just as delicious as the one that you get in a traditional home. The succulent pieces of mutton are marinated in a perfect blend of aromatic spices and herbs which not only add to the taste, but also the flavors and texture.",Hyderabadi,Lunch,Non Vegeterian,Total in 105 M,"
Ingredients For Marinating Mutton

							 		500 grams Mutton							 		, mix of bone and chops or 500 grams Chicken							 	

							 		4 Onions							 		, thinly sliced							 	

							 		10 cloves Garlic 

							 		3 inch Ginger 

							 		4 Green Chillies 

							 		1 teaspoon Turmeric powder (Haldi) 

							 		1-1/2 teaspoon Red Chilli powder 

							 		3 Cinnamon Stick (Dalchini)							 		, small							 	

							 		4 Cloves (Laung) 

							 		4 Cardamom (Elaichi) Pods/Seeds 

							 		1 teaspoon Ajwain (Carom seeds) 

							 		1 tablespoon Whole Black Peppercorns 

							 		1 Mint Leaves (Pudina)							 		, a large bunch							 	

							 		1/2 cup Curd (Dahi / Yogurt) 

Salt							 		, to taste							 	

Oil							 		, for cooking							 	
Ingredients for Rice (Biryani)

							 		2 cups Basmati rice 

							 		Few Saffron strands							 		, soaked in 1/2 cup warm milk							 	

							 		4 Bay leaves (tej patta)							 		, torn							 	

							 		2 Cardamom (Elaichi) Pods/Seeds 

							 		1 Cloves (Laung) 

							 		1 inch Cinnamon Stick (Dalchini) 

							 		1/2 teaspoon Ajwain (Carom seeds) 

							 		4 tablespoons Ghee 
Ingredients for garnish

							 		4 Onions							 		, thinly sliced and caramelized							 	

Coriander (Dhania) Leaves							 		, a bunch, finely chopped							 	
","To begin making the Hyderabadi Mutton Gosht Biryani, you will first get all the ingredients ready and keep them handy. Then we will proceed to marination of the mutton and then finally cooking the Biryani.",1.0,hyderabadi biryani,8,"5, 18, 24, 25, 26, 37, 38, 48",YES,Original recipe dataset,Original dataset,,
Biryani,Pakki Mutton Biryani Recipe,C:\recipe_project\images/biryani/07ca591901.jpg; C:\recipe_project\images/biryani/19a505bf7e.jpg; C:\recipe_project\images/biryani/1d60d3a825.jpg; C:\recipe_project\images/biryani/21db32c9fa.jpg; C:\recipe_project\images/biryani/29ff2d4476.jpg; C:\recipe_project\images/biryani/2b37e418dc.jpg; C:\recipe_project\images/biryani/2fe9f5a813.jpg; C:\recipe_project\images/biryani/4fc817a1a4.jpg; C:\recipe_project\images/biryani/53c0802181.jpg; C:\recipe_project\images/biryani/5d7b92fe3b.jpg; C:\recipe_project\images/biryani/5d7bbc6c41.jpg; C:\recipe_project\images/biryani/6cf77d8214.jpg; C:\recipe_project\images/biryani/7a45605b40.jpg; C:\recipe_project\images/biryani/7be52ec49b.jpg; C:\recipe_project\images/biryani/7cbe48f6fd.jpg; C:\recipe_project\images/biryani/7e3e13cb8c.jpg; C:\recipe_project\images/biryani/9b0c2c7742.jpg,"In North India, Biryani is traditionally associated with the Mughlai cuisine of Delhi and in South India, it is traditionally associated with the Hyderabadi cuisine. There are two ways to make Biryani, Kaccha(Raw) and Pakki(cooked). In Kacchi Biryani, the meat is marinated and cooked along with half cooked rice, while in Pakki Biryani, meat is first cooked along with spices and then the rice is cooked separately. Then they are combined into layers and steamed for some time. In this recipe we will be preparing Pakki Mutton Biryani.",Indian,One Pot Dish,Non Vegeterian,Total in 65 M,"

							 		1 kg Mutton							 		, cut into small pieces							 	

							 		1-1/2 cups Basmati rice							 		, washed and soaked in water for 30 minutes							 	

							 		1 Onion							 		, chopped							 	

							 		2 Onions							 		, sliced very thin for garnishing							 	

							 		4 tablespoons Biryani Masala 

							 		3 teaspoons Red Chilli powder 

							 		1/2 teaspoon Cumin seeds (Jeera) 

Mixed Spices							 		, 2-3 bay leaves, 2-3 ansi, 8-10 cloves, 8-10 black pepper corns, 1 stick cinnamon ,1-2 black cardamom							 	

							 		1 Coriander (Dhania) Leaves							 		, bunch, chopped							 	

							 		4 Green Chillies							 		, chopped							 	

							 		1/2 Lemon 

							 		1/2 cup Curd (Dahi / Yogurt) 

							 		3 tablespoons Ginger Garlic Paste 

							 		5-6 Saffron strands							 		, soaked in 2 tablespoons of warm milk							 	

							 		3-4 tablespoons Ghee 

							 		2-3 tablespoons Oil 

Salt							 		, to taste							 	
","To begin with the Pakki Mutton Biryani, wash goat pieces well with water, drain and keep it aside.Heat a little oil on a skillet and fry sliced onions and caramelize until they turn brownish black in colour. These will be used to garnish the biryani.Add oil in a pressure cooker and fry garam masala along with onions, ginger garlic paste and little salt. When onion changes colour, add goat pieces.Add biryani masala, green chilies, handful of coriander leaves, red chilli powder, lime juice, yogurt and cover it with a lid.Pressure cook for upto 5-6 and then switch off the pressure cooker.In the mean time, in a separate vessel, add 2-3 cups of water and after water boils, add little salt, jeera and soaked rice. Cook until rice is 90% cooked. This will take roughly around 10 minutes. Remove and strain the rice.Now lets make layers in a baking pan. First add half of the rice at the bottom of the baking pan and sprinkle ghee, chopped coriander, saffron milk and then arrange few cooked goat pieces (don't add the gravy you get after goat is cooked. Reserve it for the end part) on top of this rice.Again add remaining rice on top of the pieces and sprinkle ghee, chopped coriander, saffron milk and the gravy of the goat meat which you had reserved.Cover this pan tight with aluminium foil and bake at preheated oven at 350 degree Fahrenheit for about 20 minutes. Remove and it is ready to be served.Serve Pakki Mutton Biryani with Burani raita or any other raita of your choice for a laid out Sunday meal with your family.",1.0,mutton biryani,17,"3, 6, 7, 8, 10, 12, 15, 27, 30, 35, 36, 39, 42, 43, 44, 47, 49",YES,Original recipe dataset,Original dataset,,
biryani,thalassery biryani,C:\recipe_project\images/biryani/37fcb715e3.jpg; C:\recipe_project\images/biryani/51cd87fe30.jpg,,,,,,300 g chicken; 2 cups kaima/jeerakasala rice; 2 onions; 2 tomatoes; ginger; garlic; green chillies; 1 tsp chilli powder; 1/2 tsp turmeric; 2 tbsp garam masala; mint; coriander; lemon juice; 1/2 cup milk; saffron; cashews; ghee; whole spices; salt,"1. Parboil the rice with whole spices and salt; drain. 2. Grind ginger, garlic and green chilli. 3. Brown sliced onions and reserve some for garnish. 4. Cook tomatoes with the ground paste and spices. 5. Add chicken, herbs and lemon juice and cook until tender. 6. Layer chicken gravy and rice. 7. Pour saffron milk over the top and cook on low heat until the rice is finished. 8. Garnish with fried onions and cashews.",,thalassery biryani,2,"17, 28",YES,Archana's Kitchen – Thalassery Chicken Biriyani,Reputable website – adapted variant,https://www.archanaskitchen.com/recipe/thalassery-chicken-biriyani-recipe,Base recipe adapted to predicted variety
Biryani,Chettinad Vegetable Biryani Recipe,C:\recipe_project\images/biryani/05af7f1839.jpg; C:\recipe_project\images/biryani/0d81432b55.jpg; C:\recipe_project\images/biryani/27ea11efc2.jpg; C:\recipe_project\images/biryani/49e76d3613.jpg; C:\recipe_project\images/biryani/4b34ae210e.jpg; C:\recipe_project\images/biryani/5b489b49c5.jpg; C:\recipe_project\images/biryani/7dd0b5855c.jpg,"Chettinad Vegetable Biryani Recipe is a spicy one pot Biryani that is simple to make and delicious to eat. My father used to love eating this biryani and every other Sunday we used to step outside just to eat this biryani. It took me years to make this exact recipe and now I would like to share this recipe with all of you. Most often biryani is cooked with biryani rice, but at home, I find it really easy to make biryani with Ponni rice or Sona Masuri rice, as it is always available at home and my children love it like that as well. This biryani is a one pot meal and can be prepared in less than 45 minutes. ",Chettinad,Lunch,Vegetarian,Total in 55 M,"
To roast and grind

							 		2 Cloves (Laung) 

							 		2 Cardamom (Elaichi) Pods/Seeds 

							 		1 inch Cinnamon Stick (Dalchini) 

							 		1 teaspoon Whole Black Peppercorns 

							 		1 teaspoon Fennel seeds (Saunf) 

							 		1 Star anise 

							 		2 Stone flower							 		, small							 	
For the Biryani

							 		1 cup Rice 

							 		1 Carrot (Gajjar)							 		, diced							 	

							 		1/2 cup Green beans (French Beans)							 		, cut lengthwise							 	

							 		1 Potato (Aloo)							 		, diced							 	

							 		1/4 cup Green peas (Matar) 

							 		12 Pearl onions (Sambar Onions)							 		, finely chopped							 	

							 		2 Tomatoes							 		, roughly chopped							 	

							 		4 cloves Garlic							 		, finely chopped							 	

							 		1 inch Ginger							 		, finely chopped							 	

							 		1 Bay leaf (tej patta)							 		, roughly torn							 	

							 		1/4 cup Mint Leaves (Pudina)							 		, roughly chopped							 	

							 		1 teaspoon Red Chilli powder 

							 		1 tablespoon Coriander Powder (Dhania) 

							 		1 tablespoon Ghee 

Salt							 		, to taste							 	
For roasting cashew nuts 

							 		1 tablespoon Ghee 

							 		1/4 cup Cashew nuts							 		, broken							 	
","To begin making the Chettinad Vegetable Biryani Recipe, get all the ingredients ready and keep them aside.The first step is to roast all the spices. In to a pan, add the cloves, cardamom, pepper, fennel seeds, cinnamon, star anise and stone flower. Roast for about a minute until you get a roasted aroma.Once roasted, grind to make a fine powder of the spices. This will be our Biryani Masala.The next step is to make the Chettinad Veg Biryani. Heat ghee or oil into the pressure cooker over medium heat.Add the onion, ginger, garlic and saute until the onions soften. Once the onions are softened, add the tomatoes, and cook until the tomatoes soften.Finally add the vegetables, the Biryani Masala, coriander powder, red chilli powder, rice and saute for a few minutes until the rice is coated with the masalas. Stir in the mint leaves and salt.Add 2 cups water and pressure cook the biryani for 2 whistles. After 2 whistles, turn the heat to low and simmer for 3 minutes and turn off the heat. Allow the pressure to release naturally.Once the pressure releases, open the cooker and allow the Chettinad Veg Biryani to rest for about a minute before you stir.In the meanwhile, heat ghee over medium heat. Add the cashew nuts and roast until golden and crisp.Stir in the roasted cashew nuts into the Chettinad Veg Biryani and transfer to a bowl.Serve Chettinadu Vegetables Biryani along with Tomato Onion Raita and Paneer Kurma for a delicious sunday lunch.",1.0,vegetable biryani,7,"2, 4, 9, 20, 22, 33, 45",YES,Original recipe dataset,Original dataset,,
boondi,boondi ladoo,C:\recipe_project\images/boondi/03ccb4d6aa.jpg; C:\recipe_project\images/boondi/04c005d75c.jpg; C:\recipe_project\images/boondi/09a1f15a59.jpg; C:\recipe_project\images/boondi/0ad99f040e.jpg; C:\recipe_project\images/boondi/10d5997860.jpg; C:\recipe_project\images/boondi/1ae410f19e.jpg; C:\recipe_project\images/boondi/1f7ae9c6cf.jpg; C:\recipe_project\images/boondi/21feb9bc25.jpg; C:\recipe_project\images/boondi/22d0013387.jpg; C:\recipe_project\images/boondi/2fe3737e74.jpg; C:\recipe_project\images/boondi/3ad08e2b9b.jpg; C:\recipe_project\images/boondi/3c67ce6fff.jpg; C:\recipe_project\images/boondi/4bcaf8395a.jpg; C:\recipe_project\images/boondi/4c60b8d478.jpg; C:\recipe_project\images/boondi/4d487133c0.jpg; C:\recipe_project\images/boondi/5a2531ebff.jpg; C:\recipe_project\images/boondi/6b1f4f32d0.jpg; C:\recipe_project\images/boondi/6fd299998a.jpg; C:\recipe_project\images/boondi/7b6aaba97e.jpg; C:\recipe_project\images/boondi/7c3122b2d8.jpg; C:\recipe_project\images/boondi/7fbcd9f623.jpg; C:\recipe_project\images/boondi/8b5ae2c03b.jpg; C:\recipe_project\images/boondi/8d838aa4be.jpg; C:\recipe_project\images/boondi/8e98a5a8c0.jpg,,,,,,1 1/4 cups besan; 1/2–3/4 cup water; oil/ghee for frying; 1 cup sugar; 1/2 cup water; 4–6 cardamoms; cashews; raisins; 1 tsp ghee,"1. Make a smooth besan batter with water. 2. Prepare a one-string sugar syrup with sugar and water; add cardamom. 3. Fry small boondi through a perforated ladle until cooked. 4. Add boondi, nuts and raisins to the warm syrup. 5. Cool until hand-warm, grease your palms and shape into ladoos.",,boondi ladoo,24,"2, 3, 5, 6, 9, 11, 13, 14, 15, 20, 23, 24, 27, 29, 30, 32, 36, 38, 40, 41, 45, 47, 48, 50",YES,Swasthi's Recipes – Boondi Ladoo,Reputable website – exact recipe,https://www.indianhealthyrecipes.com/boondi-ladoo/,Exact recipe
Boondi,Punjabi Style Boondi Kadhi Recipe,C:\recipe_project\images/boondi/15cdf709af.jpg; C:\recipe_project\images/boondi/1cad141df8.jpg; C:\recipe_project\images/boondi/2b246cfea4.jpg; C:\recipe_project\images/boondi/2dff59f5e6.jpg; C:\recipe_project\images/boondi/31fedacc50.jpg; C:\recipe_project\images/boondi/4a7a190d2a.jpg; C:\recipe_project\images/boondi/4c5e12452f.jpg; C:\recipe_project\images/boondi/5bf67c324a.jpg; C:\recipe_project\images/boondi/6e25d60c30.jpg; C:\recipe_project\images/boondi/7afa7ad068.jpg; C:\recipe_project\images/boondi/8a12773f12.jpg; C:\recipe_project\images/boondi/8e58799b09.jpg,Punjabi Style Boondi Kadhi Recipe is a popular kadhi in Rajasthan and Punjab. Methi seeds are rich in iron and lentils are rich in proteins. It is a soothing side dish that is apt to have during hot days.,Punjabi,Side Dish,Vegetarian,Total in 40 M,"
For Kadhi :

							 		1-1/2 cups Curd (Dahi / Yogurt)							 		, (Sour)							 	

							 		4 tablespoons Gram flour (besan) 

							 		1 teaspoon Green Chilli Paste 

							 		1 teaspoon Ginger Garlic Paste 

							 		1/2 tablespoon Red Chilli powder 

							 		1/4 teaspoon Turmeric powder (Haldi) 

Salt							 		, to taste							 	

							 		2 tablespoons Ghee 

							 		5 Cloves (Laung) 

							 		5 Whole Black Peppercorns							 		, pounded							 	

							 		1 teaspoon Cumin seeds (Jeera) 

							 		1 tablespoon Methi Seeds (Fenugreek Seeds)							 		, soaked overnight							 	

							 		1 pinch Asafoetida (hing) 

							 		1 cup Boondi 

							 		5 Cloves (Laung) 

							 		5 Whole Black Peppercorns							 		, pounded							 	

							 		1 teaspoon Cumin seeds (Jeera) 

							 		1 tablespoon Methi Seeds (Fenugreek Seeds)							 		, soaked overnight							 	

							 		1 pinch Asafoetida (hing) 

							 		1 cup Boondi 
","To begin making the Punjabi Style Boondi Kadhi Recipe, firstly combine yogurt, gram flour, red chilli powder, turmeric powder and salt in a bowl. Add 500 ml water and whisk well. Make sure that no lumps are formed.Heat ghee in a deep non-stick pan, add cloves, peppercorns, cumin seeds, fenugreek seeds and sauté for a minute.After a minute, add asafoetida, chopped ginger and red chillies, mix and sauté for about a minute.Now, add methi seeds (soaked in the night) and stir for few mintues.Now, add the gram flour and yogurt mixture and stir continouly until the bubbles form in the kadai. As the mixture gets thick while boiling, add 500 ml water and keep the flame low and allow to cook for 15 to 20 minutes.After 15 to 20 minutes, switch off the gas, add boondi and and garnish with coriander leaves.Make this easy and nutritional Punjabi Style Boondi Kadhi Recipe and pair it along with Bajri-Til Bhakri Recipe, a piece of gur and a dollop of ghee smeared on roti. You can also serve Kachumber Salad on the side.",1.0,plain boondi,12,"10, 12, 16, 18, 21, 25, 28, 34, 37, 39, 46, 49",YES,Original recipe dataset,Original dataset,,
boondi,salted boondi,C:\recipe_project\images/boondi/0f14f94a16.jpg; C:\recipe_project\images/boondi/2b2781feea.jpg; C:\recipe_project\images/boondi/2f7c7724b0.jpg; C:\recipe_project\images/boondi/4b37a397df.jpg; C:\recipe_project\images/boondi/5b5e46b468.jpg; C:\recipe_project\images/boondi/7f8ad586fa.jpg,,,,,,1 cup besan; water as needed; salt; 1/2 tsp chilli powder; 1/2 tsp cumin; a pinch of hing; oil for frying,"1. Make a smooth, pourable besan batter with salt and spices. 2. Heat oil and pass the batter through a boondi ladle. 3. Fry until the tiny drops are crisp. 4. Drain and cool before serving as salted boondi.",,salted boondi,6,"8, 17, 19, 26, 33, 44",YES,Swasthi's Recipes – Boondi Ladoo,Reputable website – adapted variant,https://www.indianhealthyrecipes.com/boondi-ladoo/,Base recipe adapted to predicted variety
Boondi,Sweet Boondi Halwa Recipe,C:\recipe_project\images/boondi/009dc5d74c.jpg; C:\recipe_project\images/boondi/06f4e9553a.jpg; C:\recipe_project\images/boondi/0cc68987ec.jpg; C:\recipe_project\images/boondi/33e8186a5b.jpg; C:\recipe_project\images/boondi/4ff96f7a0d.jpg; C:\recipe_project\images/boondi/5fb2fdb3f9.jpg; C:\recipe_project\images/boondi/7d5e0cee9f.jpg; C:\recipe_project\images/boondi/7e36f5c2de.jpg,"Sweet Boondi Halwa is a variation of Boondi Ladoo that is quick to make and perfect for the festive occasion. Made using boondi, kesar and dry fruits, this rich halwa is a wonderful offering for the Diwali puja, and echoes the true spirit of the festivities.",North Indian Recipes,Dessert,Vegetarian,Total in 60 M,"
Ingredients For the Boondis

							 		1 cup Gram flour (besan) 

							 		1/2 cup Water 

Oil							 		, oil for deep frying							 	
Ingredients For Sugar Syrup

							 		1/3 cup Sugar 

							 		1/3 cup Water 
Ingredients for Flavor

							 		2 teaspoon Cardamom Powder (Elaichi) 

							 		1 tablespoon Ghee 

							 		3-4 Saffron strands 

							 		2 tablespoon Milk 

							 		1/4 cup Slivered Almonds (Badam)							 		, (also raisins, melon seeds, pistachio can be used)							 	
","Begin Sweet Boondi Halwa Recipe by dissolving the saffron strands in 2 teaspoons of milk and keep this aside for later use.Now, sieve the gram flour to remove any coarse bits and pour it into a medium bowl. Add a little water at a time to make a smooth paste. Whisk thoroughly to ensure that no lumps remain and the batter is very smooth and the thick consistency. When done, keep this aside.To make the sugar syrup, heat water, sugar and cardamom powder on low heat and stir them well until all the sugar dissolves. Turn the heart to a medium and begin to simmer the sugar syrup until the syrup is stringy and thick (two string consistency). Once ready, turn off the heat and keep aside.To make the boondi, heat oil in a wok for deep frying. Add a pinch of the boondi batter into the oil to test whether the oil is hot. If the boondi rises up instantly, then the oil is ready for frying.To begin, hold a perforated spoon over the pan and pour 2-3 tablespoons of batter on it. When the batter drops into the pan through the perforations, it forms small droplets which then get fried in the oil.Stir the boondis continuously till they change colour and becomes brown. Once they are done, take them out of the pan with the help of a perforated spoon (to drain the excess oil) and drop them into the sugar syrup.Repeat the process for the remainder of the batter.Stir the boondis in the syrup thoroughly so that they are coated well.When the boondi cools down sufficiently, sprinkle the dry fruits, nuts, ghee and saffron milk on it and mix well. The crunchy, hot and Sweet Boondi Halwa is now ready to be served.Serve Sweet Boondi Halwa Recipe with a festive meal of Bedmi Poori Recipe (Spiced Split Black Lentil Pooris) and Poori Masala Gobhi Recipe (Spiced Whole Roasted Cauliflower Masala).Note: Before passing the boondi batter through the perforated spoon into the oil, try it out on a plate first.",1.0,sweet boondi,8,"1, 4, 7, 22, 31, 35, 42, 43",YES,Original recipe dataset,Original dataset,,
Butter Chicken,Butter Chicken Recipe - The Classic Indian Chicken Gravy,C:\recipe_project\images/butter_chicken/03b22cbe13.jpg; C:\recipe_project\images/butter_chicken/0a7bff692f.jpg; C:\recipe_project\images/butter_chicken/15a368b1e9.jpg; C:\recipe_project\images/butter_chicken/17b378b7dc.jpg; C:\recipe_project\images/butter_chicken/28ed478d70.jpg; C:\recipe_project\images/butter_chicken/2ab5e4e96a.jpg; C:\recipe_project\images/butter_chicken/2ee98471f9.jpg; C:\recipe_project\images/butter_chicken/3ad0d5554a.jpg; C:\recipe_project\images/butter_chicken/4e58fa470d.jpg; C:\recipe_project\images/butter_chicken/6be8967a74.jpg; C:\recipe_project\images/butter_chicken/6ee1667eec.jpg; C:\recipe_project\images/butter_chicken/7ee0a52a09.jpg; C:\recipe_project\images/butter_chicken/8a26ea5674.jpg,"Butter Chicken Masala Recipe is a delicious,creamy delightful chicken dish which has simple flavours yet it tastes great.",North Indian Recipes,Dinner,High Protein Non Vegetarian,Total in 45 M,"
To marinate

							 		300 grams Boneless chicken							 		, cut into pieces							 	

							 		1/2 cup Curd (Dahi / Yogurt) 

							 		2 teaspoon Ginger Garlic Paste 

							 		1/2 teaspoon Turmeric powder (Haldi) 

							 		1/2 teaspoon Garam masala powder 

							 		1 teaspoon Kashmiri Red Chilli Powder 

							 		1 teaspoon Salt 
For the Butter Chicken Masala

							 		1 tablespoon Butter (Salted) 

							 		1 teaspoon Red Chilli powder 

							 		1 teaspoon Coriander Powder (Dhania) 

							 		1/2 teaspoon Garam masala powder 

							 		1 cup Homemade tomato puree 

							 		1 teaspoon Honey 

							 		1/4 cup Fresh cream 

							 		1 tablespoon Kasuri Methi (Dried Fenugreek Leaves) 

Salt							 		, to taste							 	

							 		1/4 cup Fresh cream 

							 		1 tablespoon Kasuri Methi (Dried Fenugreek Leaves) 

Salt							 		, to taste							 	
","To begin making the Butter Chicken Recipe, wash the chicken thoroughly.In a mixing bowl, add curd, garam masala,ginger and garlic paste, salt, red chili powder, turmeric powder and chicken. Marinate the butter chicken for a minimum for 1 hour. Heat a teaspoon of butter over medium heat, add the marinated chicken along with the marinade and let the chicken cook in its own masala for 4 minutes. Into the same pan, add tomato puree, salt, coriander powder, red chilli powder and garam masala. Cover the butter chicken and cook for 5 minutes. Finally add fresh cream, honey and water (if required to adjust the consistency of the gravy) and simmer the Butter Chicken Masala until the chicken is cooked completely.Stir in the Kasuri methi and serve the butter chicken hot.Serve Butter Chicken Masala Recipe with Butter Naan and Smoked Dal Makhani Dhaba Style Recipe and Pickled onions and Boondi Raita Recipe Spiced With Black Salt  for a delicious punjabi style dinner. ",1.0,classic butter chicken,13,"2, 4, 8, 9, 17, 20, 22, 27, 33, 38, 40, 42, 43",YES,Original recipe dataset,Original dataset,,
Butter Chicken,Butter Chicken Recipe - The Classic Indian Chicken Gravy,C:\recipe_project\images/butter_chicken/00a258a357.jpg; C:\recipe_project\images/butter_chicken/06d8a495b7.jpg; C:\recipe_project\images/butter_chicken/12cb6ca8b7.jpg; C:\recipe_project\images/butter_chicken/14c2d86c9f.jpg; C:\recipe_project\images/butter_chicken/17ca352fb0.jpg; C:\recipe_project\images/butter_chicken/1aa51cd278.jpg; C:\recipe_project\images/butter_chicken/1c212d65d9.jpg; C:\recipe_project\images/butter_chicken/1fa9069a37.jpg; C:\recipe_project\images/butter_chicken/22add70391.jpg; C:\recipe_project\images/butter_chicken/2a737911c0.jpg; C:\recipe_project\images/butter_chicken/3f15bf4252.jpg; C:\recipe_project\images/butter_chicken/4dc775e0ba.jpg; C:\recipe_project\images/butter_chicken/6a38556210.jpg; C:\recipe_project\images/butter_chicken/6b6c872f90.jpg; C:\recipe_project\images/butter_chicken/6b74664f79.jpg; C:\recipe_project\images/butter_chicken/6bd6eea8e6.jpg; C:\recipe_project\images/butter_chicken/6cc4b33e90.jpg; C:\recipe_project\images/butter_chicken/7d334aaa93.jpg; C:\recipe_project\images/butter_chicken/8bd7175f50.jpg; C:\recipe_project\images/butter_chicken/8c539252b8.jpg; C:\recipe_project\images/butter_chicken/9e0ea4e35d.jpg; C:\recipe_project\images/butter_chicken/9fdb6e4cc7.jpg,"Butter Chicken Masala Recipe is a delicious,creamy delightful chicken dish which has simple flavours yet it tastes great.",North Indian Recipes,Dinner,High Protein Non Vegetarian,Total in 45 M,"
To marinate

							 		300 grams Boneless chicken							 		, cut into pieces							 	

							 		1/2 cup Curd (Dahi / Yogurt) 

							 		2 teaspoon Ginger Garlic Paste 

							 		1/2 teaspoon Turmeric powder (Haldi) 

							 		1/2 teaspoon Garam masala powder 

							 		1 teaspoon Kashmiri Red Chilli Powder 

							 		1 teaspoon Salt 
For the Butter Chicken Masala

							 		1 tablespoon Butter (Salted) 

							 		1 teaspoon Red Chilli powder 

							 		1 teaspoon Coriander Powder (Dhania) 

							 		1/2 teaspoon Garam masala powder 

							 		1 cup Homemade tomato puree 

							 		1 teaspoon Honey 

							 		1/4 cup Fresh cream 

							 		1 tablespoon Kasuri Methi (Dried Fenugreek Leaves) 

Salt							 		, to taste							 	

							 		1/4 cup Fresh cream 

							 		1 tablespoon Kasuri Methi (Dried Fenugreek Leaves) 

Salt							 		, to taste							 	
","To begin making the Butter Chicken Recipe, wash the chicken thoroughly.In a mixing bowl, add curd, garam masala,ginger and garlic paste, salt, red chili powder, turmeric powder and chicken. Marinate the butter chicken for a minimum for 1 hour. Heat a teaspoon of butter over medium heat, add the marinated chicken along with the marinade and let the chicken cook in its own masala for 4 minutes. Into the same pan, add tomato puree, salt, coriander powder, red chilli powder and garam masala. Cover the butter chicken and cook for 5 minutes. Finally add fresh cream, honey and water (if required to adjust the consistency of the gravy) and simmer the Butter Chicken Masala until the chicken is cooked completely.Stir in the Kasuri methi and serve the butter chicken hot.Serve Butter Chicken Masala Recipe with Butter Naan and Smoked Dal Makhani Dhaba Style Recipe and Pickled onions and Boondi Raita Recipe Spiced With Black Salt  for a delicious punjabi style dinner. ",1.0,restaurant style butter chicken,22,"1, 3, 6, 7, 10, 12, 13, 15, 16, 19, 30, 32, 34, 35, 36, 37, 39, 41, 44, 45, 48, 49",YES,Original recipe dataset,Original dataset,,
Butter Chicken,Butter Chicken Recipe - The Classic Indian Chicken Gravy,C:\recipe_project\images/butter_chicken/0fcd81f71f.jpg; C:\recipe_project\images/butter_chicken/1a06acb86a.jpg; C:\recipe_project\images/butter_chicken/1d5733d73e.jpg; C:\recipe_project\images/butter_chicken/2a5dc2406a.jpg; C:\recipe_project\images/butter_chicken/2dd0aa46c1.jpg; C:\recipe_project\images/butter_chicken/2f7c51b301.jpg; C:\recipe_project\images/butter_chicken/33e8639efd.jpg; C:\recipe_project\images/butter_chicken/35bdab425c.jpg; C:\recipe_project\images/butter_chicken/3ab128e39e.jpg; C:\recipe_project\images/butter_chicken/3dad4ef7b7.jpg; C:\recipe_project\images/butter_chicken/3eb55ef5a4.jpg; C:\recipe_project\images/butter_chicken/3f91ffdfe8.jpg; C:\recipe_project\images/butter_chicken/9a9b27e0a3.jpg; C:\recipe_project\images/butter_chicken/9ad6c9413f.jpg; C:\recipe_project\images/butter_chicken/9fe90547fc.jpg,"Butter Chicken Masala Recipe is a delicious,creamy delightful chicken dish which has simple flavours yet it tastes great.",North Indian Recipes,Dinner,High Protein Non Vegetarian,Total in 45 M,"
To marinate

							 		300 grams Boneless chicken							 		, cut into pieces							 	

							 		1/2 cup Curd (Dahi / Yogurt) 

							 		2 teaspoon Ginger Garlic Paste 

							 		1/2 teaspoon Turmeric powder (Haldi) 

							 		1/2 teaspoon Garam masala powder 

							 		1 teaspoon Kashmiri Red Chilli Powder 

							 		1 teaspoon Salt 
For the Butter Chicken Masala

							 		1 tablespoon Butter (Salted) 

							 		1 teaspoon Red Chilli powder 

							 		1 teaspoon Coriander Powder (Dhania) 

							 		1/2 teaspoon Garam masala powder 

							 		1 cup Homemade tomato puree 

							 		1 teaspoon Honey 

							 		1/4 cup Fresh cream 

							 		1 tablespoon Kasuri Methi (Dried Fenugreek Leaves) 

Salt							 		, to taste							 	

							 		1/4 cup Fresh cream 

							 		1 tablespoon Kasuri Methi (Dried Fenugreek Leaves) 

Salt							 		, to taste							 	
","To begin making the Butter Chicken Recipe, wash the chicken thoroughly.In a mixing bowl, add curd, garam masala,ginger and garlic paste, salt, red chili powder, turmeric powder and chicken. Marinate the butter chicken for a minimum for 1 hour. Heat a teaspoon of butter over medium heat, add the marinated chicken along with the marinade and let the chicken cook in its own masala for 4 minutes. Into the same pan, add tomato puree, salt, coriander powder, red chilli powder and garam masala. Cover the butter chicken and cook for 5 minutes. Finally add fresh cream, honey and water (if required to adjust the consistency of the gravy) and simmer the Butter Chicken Masala until the chicken is cooked completely.Stir in the Kasuri methi and serve the butter chicken hot.Serve Butter Chicken Masala Recipe with Butter Naan and Smoked Dal Makhani Dhaba Style Recipe and Pickled onions and Boondi Raita Recipe Spiced With Black Salt  for a delicious punjabi style dinner. ",1.0,spicy butter chicken,15,"5, 11, 14, 18, 21, 23, 24, 25, 26, 28, 29, 31, 46, 47, 50",YES,Original recipe dataset,Original dataset,,
Chana Masala,Hara Chana Masala Recipe,C:\recipe_project\images/chana_masala/0e1e2c6af9.jpg; C:\recipe_project\images/chana_masala/1a673018f4.jpg; C:\recipe_project\images/chana_masala/2fb6a63f41.jpg; C:\recipe_project\images/chana_masala/3c23fa9de8.jpg; C:\recipe_project\images/chana_masala/41b95eb4fe.jpg; C:\recipe_project\images/chana_masala/6db53b9ed6.jpg; C:\recipe_project\images/chana_masala/7a994610ea.jpg; C:\recipe_project\images/chana_masala/8dea97bf8a.jpg; C:\recipe_project\images/chana_masala/9c7bb492e5.jpg; C:\recipe_project\images/chana_masala/9f15ee0411.jpg; C:\recipe_project\images/chana_masala/9f4c0f8acd.jpg; C:\recipe_project\images/chana_masala/9ff3aeebf7.jpg,"Hara Chana or popularly known as Choliya or Green Chickpeas is a winter speciality of the Northern India. The fresh green chickpeas are tender, sweet and a delight to munch on. It has ample amounts of dietary fibres making it a super food to include in our diets. This recipe however, makes use of the dried green chickpeas variety. It is cooked with mild aromatic spices, making it a perfect accompaniment with roti's or steamed rice on a rainy evening.",North Indian Recipes,Lunch,Vegetarian,Total in 50 M,"

							 		200 grams Hara Chana							 		, soaked overnight							 	

							 		1 Onion							 		, finely chopped							 	

							 		1 Tomato							 		, finely chopped							 	

							 		1 Cinnamon Stick (Dalchini) 

							 		2 teaspoon Coriander Powder (Dhania) 

							 		1 teaspoon Red Chilli powder 

							 		1 teaspoon Garam masala powder 

							 		2 tablespoon Ghee 

							 		2 teaspoons Coriander (Dhania) Leaves							 		, finely chopped							 	

Salt							 		, to taste							 	
To grind to a smooth paste

							 		2 inch Ginger 

							 		5 cloves Garlic 

							 		1 Green Chilli 

							 		1 inch Cinnamon Stick (Dalchini) 

							 		3 Cloves (Laung) 
","To begin making the Hara Chana Masala Recipe, soak the dried green chickpeas overnight and in the morning cook it along with salt for 3 whistles in a pressure cooker and keep aside.Now, grind the ingredients mentioned in the 'to grind to a smooth paste' table using a hand mixer or blender adding little water and keep aside.Heat green in a heavy bottom pan on low heat, add the cinnamon stick and finely chopped onions and sauté till it becomes translucent.Add the ground spice paste and saute until the raw smell of the ginger-garlic goes away.Add the finely chopped tomatoes and cook until it turns soft and mushy.Now add the spice powders - coriander, chilli and garam masala powder and cook until the whole mix comes together and oil separates out.Add the boiled green chickpeas, two cups of water and season with salt and simmer for 10 minutes.Garnish with coriander leaves and switch off the flame. Serve the warm Hara Chana Masala Recipe along with roti's or steamed rice on a rainy evening.",1.0,classic chana masala,12,"4, 5, 14, 18, 23, 36, 39, 42, 45, 48, 49, 50",YES,Original recipe dataset,Original dataset,,
Chana Masala,Punjabi Chana Masala Recipe-North Indian Chole Masala,C:\recipe_project\images/chana_masala/4aa265a682.jpg,"The Punjabi Chana Masala recipe is a famous North Indian dish that is served along with Bhaturas or Puris. The Chola or Chickpeas are simmered in spiced ginger and tomato gravy. The combination of black salt, garam masala, and dry mango powder enhance the taste of the Chola masala.",Punjabi,Main Course,High Protein Vegetarian,Total in 540 M,"
Main Ingredients

							 		1 cup Kabuli Chana (White Chickpeas) 

							 		1 teaspoon Cumin seeds (Jeera) 

							 		1 inch Ginger							 		, grated							 	

							 		1 Tomato							 		, pureed							 	

							 		1 Bay leaf (tej patta) 

							 		1 tablespoon Oil 
Spice Ingredients

							 		1 teaspoon Turmeric powder (Haldi) 

							 		1 tablespoon Amchur (Dry Mango Powder) 

							 		1 tablespoon Garam masala powder 

							 		1 teaspoon Coriander Powder (Dhania) 

							 		1 teaspoon Anardana Powder (Pomegranate Seed Powder) 

							 		1/2 teaspoon Red Chilli powder 

							 		1/2 teaspoon Black pepper powder 

							 		1 teaspoon Black Salt (Kala Namak) 

Salt							 		, to taste							 	
Ingredients to Serve & Garnish

							 		2 Green Chillies							 		, finely chopped							 	

							 		2 sprig Coriander (Dhania) Leaves							 		, finely chopped							 	
","To begin making the Punjabi Chana Masala Recipe, we will first soak the Chole completely immersed in water for about 8 to 10 hours. After the soaking period, cook the Chole along with salt and with its soaked water, adding additional water if required. Cook until it is soft and tender. You can use the pressure cooker method to cook the Chole or a saucepan method.You will know it's cooked right, when you press the Chole between your fingers it will mash easily. Keep the cooked Chole aside.Heat oil in a large heavy-bottomed pan. Add the cumin, ginger and bay leaves and stir-fry for a few seconds till you can smell the aromas coming through. Stir in the tomato puree and the spice ingredients and saute until the color changes to a dark brown color. The anardana powder, along with the black pepper and the dry mango powder will help in getting the desired brown color for the chana masala.Once browned, add in the cooked chickpeas into the masala and stir all the masala well into the chickpeas so that it coats it well. Check the salt and spice levels and adjust to suit your taste. Cover the pan, turn the heat to low and simmer for 20 to 30 minutes until the Chole gets well coated with the masala and looks brown as well.Give the masala a final taste check and stir in the chopped coriander leaves.Serve Punjabi Chana Masala Recipe as a Chaat in dishes like Chole Tikki Chaat or Serve for a Yummy Sunday Brunch along with Bhatura or Achari Masala Puri and Pickled Onions.Note: When serving it with puris/batura’s, serve with sliced onions, tomatoes and cucumber salad. End your meal with Chaas (buttermilk), this will cool down the acidic nature of Chole.",1.0,punjabi chana masala,1,26,YES,Original recipe dataset,Original dataset,,
Chana Masala,Hara Chana Masala Recipe,C:\recipe_project\images/chana_masala/01c8f6c64b.jpg; C:\recipe_project\images/chana_masala/07e055727b.jpg; C:\recipe_project\images/chana_masala/0ac7bb1dbf.jpg; C:\recipe_project\images/chana_masala/1ba22eb4e7.jpg; C:\recipe_project\images/chana_masala/1ecff24ebe.jpg; C:\recipe_project\images/chana_masala/22f9414273.jpg; C:\recipe_project\images/chana_masala/23b710f328.jpg; C:\recipe_project\images/chana_masala/23ef12433a.jpg; C:\recipe_project\images/chana_masala/28d6837152.jpg; C:\recipe_project\images/chana_masala/2c348d8915.jpg; C:\recipe_project\images/chana_masala/2ef6add30c.jpg; C:\recipe_project\images/chana_masala/2ffc3e47bd.jpg; C:\recipe_project\images/chana_masala/35de0c1fb5.jpg; C:\recipe_project\images/chana_masala/3a26154c3a.jpg; C:\recipe_project\images/chana_masala/3d09177ad7.jpg; C:\recipe_project\images/chana_masala/3e47a0f8ed.jpg; C:\recipe_project\images/chana_masala/3e8d74d059.jpg; C:\recipe_project\images/chana_masala/41ac945cbb.jpg; C:\recipe_project\images/chana_masala/44cfa1ae5d.jpg; C:\recipe_project\images/chana_masala/48ad9ada9c.jpg; C:\recipe_project\images/chana_masala/4b2b219b9b.jpg; C:\recipe_project\images/chana_masala/4cb2580665.jpg; C:\recipe_project\images/chana_masala/4f96931ccd.jpg; C:\recipe_project\images/chana_masala/5bbffb76cd.jpg; C:\recipe_project\images/chana_masala/5c678ae923.jpg; C:\recipe_project\images/chana_masala/5cb62fb486.jpg; C:\recipe_project\images/chana_masala/5db8ccf2e0.jpg; C:\recipe_project\images/chana_masala/5dc7c26e9d.jpg; C:\recipe_project\images/chana_masala/5ebf72e088.jpg; C:\recipe_project\images/chana_masala/6fce7eb33e.jpg; C:\recipe_project\images/chana_masala/7a631ad84a.jpg; C:\recipe_project\images/chana_masala/7dde103750.jpg; C:\recipe_project\images/chana_masala/8aa8e155da.jpg; C:\recipe_project\images/chana_masala/8f263bc4c5.jpg; C:\recipe_project\images/chana_masala/8ff9f38323.jpg; C:\recipe_project\images/chana_masala/9eab2d3727.jpg; C:\recipe_project\images/chana_masala/9ef5280afc.jpg,"Hara Chana or popularly known as Choliya or Green Chickpeas is a winter speciality of the Northern India. The fresh green chickpeas are tender, sweet and a delight to munch on. It has ample amounts of dietary fibres making it a super food to include in our diets. This recipe however, makes use of the dried green chickpeas variety. It is cooked with mild aromatic spices, making it a perfect accompaniment with roti's or steamed rice on a rainy evening.",North Indian Recipes,Lunch,Vegetarian,Total in 50 M,"

							 		200 grams Hara Chana							 		, soaked overnight							 	

							 		1 Onion							 		, finely chopped							 	

							 		1 Tomato							 		, finely chopped							 	

							 		1 Cinnamon Stick (Dalchini) 

							 		2 teaspoon Coriander Powder (Dhania) 

							 		1 teaspoon Red Chilli powder 

							 		1 teaspoon Garam masala powder 

							 		2 tablespoon Ghee 

							 		2 teaspoons Coriander (Dhania) Leaves							 		, finely chopped							 	

Salt							 		, to taste							 	
To grind to a smooth paste

							 		2 inch Ginger 

							 		5 cloves Garlic 

							 		1 Green Chilli 

							 		1 inch Cinnamon Stick (Dalchini) 

							 		3 Cloves (Laung) 
","To begin making the Hara Chana Masala Recipe, soak the dried green chickpeas overnight and in the morning cook it along with salt for 3 whistles in a pressure cooker and keep aside.Now, grind the ingredients mentioned in the 'to grind to a smooth paste' table using a hand mixer or blender adding little water and keep aside.Heat green in a heavy bottom pan on low heat, add the cinnamon stick and finely chopped onions and sauté till it becomes translucent.Add the ground spice paste and saute until the raw smell of the ginger-garlic goes away.Add the finely chopped tomatoes and cook until it turns soft and mushy.Now add the spice powders - coriander, chilli and garam masala powder and cook until the whole mix comes together and oil separates out.Add the boiled green chickpeas, two cups of water and season with salt and simmer for 10 minutes.Garnish with coriander leaves and switch off the flame. Serve the warm Hara Chana Masala Recipe along with roti's or steamed rice on a rainy evening.",1.0,restaurant style chana masala,37,"1, 2, 3, 6, 7, 8, 9, 10, 11, 12, 13, 15, 16, 17, 19, 20, 21, 22, 24, 25, 27, 28, 29, 30, 31, 32, 33, 34, 35, 37, 38, 40, 41, 43, 44, 46, 47",YES,Original recipe dataset,Original dataset,,
chapati,butter chapati,C:\recipe_project\images/chapati/039c8b43a4.jpg; C:\recipe_project\images/chapati/9ca2d03fd0.jpg,,,,,,2 cups whole wheat flour; salt; warm water; butter; oil,1. Mix flour and salt. 2. Add water gradually and knead to a soft dough; rest 20–30 minutes. 3. Divide into balls and roll thin. 4. Cook on a hot tawa on both sides until brown spots appear. 5. Apply butter for butter chapati and serve.,,butter chapati,2,"3, 48",YES,Swasthi's Recipes – Multigrain Roti,Reputable website – adapted variant,https://www.indianhealthyrecipes.com/multigrain-roti-recipe/,Base recipe adapted to predicted variety
chapati,multigrain chapati,C:\recipe_project\images/chapati/00d4263b19.jpg; C:\recipe_project\images/chapati/12bb043e56.jpg; C:\recipe_project\images/chapati/1a5c0b34c9.jpg; C:\recipe_project\images/chapati/29ac49412d.jpg; C:\recipe_project\images/chapati/29c7bbbed5.jpg; C:\recipe_project\images/chapati/2a93afc49b.jpg; C:\recipe_project\images/chapati/2ce18ad8e9.jpg; C:\recipe_project\images/chapati/38a4a135dd.jpg; C:\recipe_project\images/chapati/4a5f1a2ab3.jpg; C:\recipe_project\images/chapati/4aa81d7cfc.jpg; C:\recipe_project\images/chapati/4f1414d74c.jpg; C:\recipe_project\images/chapati/5dd7de505e.jpg; C:\recipe_project\images/chapati/5fd4b14d4c.jpg; C:\recipe_project\images/chapati/9e68842803.jpg,,,,,,1 cup wheat flour; 1/2 cup millet flour; 1/2 cup other multigrain flour; salt; warm water; oil,1. Mix flour and salt. 2. Add water gradually and knead to a soft dough; rest 20–30 minutes. 3. Divide into balls and roll thin. 4. Cook on a hot tawa on both sides until brown spots appear. 5. Apply butter for butter chapati and serve.,,multigrain chapati,14,"1, 7, 11, 16, 17, 19, 20, 23, 28, 29, 30, 33, 34, 49",YES,Swasthi's Recipes – Multigrain Roti,Reputable website – exact recipe,https://www.indianhealthyrecipes.com/multigrain-roti-recipe/,Exact recipe
Chapati,Pumpkin Chapati Recipe ,C:\recipe_project\images/chapati/017d206bca.jpg; C:\recipe_project\images/chapati/0b59806867.jpg; C:\recipe_project\images/chapati/0bbaf9ac9a.jpg; C:\recipe_project\images/chapati/0c0c52729b.jpg; C:\recipe_project\images/chapati/14a01617e4.jpg; C:\recipe_project\images/chapati/18d165284c.jpg; C:\recipe_project\images/chapati/19a1eaf912.jpg; C:\recipe_project\images/chapati/1a71f26a1e.jpg; C:\recipe_project\images/chapati/21ccc36e7e.jpg; C:\recipe_project\images/chapati/27d3c2267c.jpg; C:\recipe_project\images/chapati/27e01a9780.jpg; C:\recipe_project\images/chapati/2a74582aa6.jpg; C:\recipe_project\images/chapati/32a5f5b483.jpg; C:\recipe_project\images/chapati/35a26d15cc.jpg; C:\recipe_project\images/chapati/3a8807852b.jpg; C:\recipe_project\images/chapati/3df05a7c56.jpg; C:\recipe_project\images/chapati/3f88f604c4.jpg; C:\recipe_project\images/chapati/3ff45bc50d.jpg; C:\recipe_project\images/chapati/4f83f264bc.jpg; C:\recipe_project\images/chapati/5d633cebaa.jpg; C:\recipe_project\images/chapati/6c5a3fdbb9.jpg; C:\recipe_project\images/chapati/7bdb33b680.jpg; C:\recipe_project\images/chapati/7d5dcb6ac4.jpg; C:\recipe_project\images/chapati/7e9b6b9134.jpg; C:\recipe_project\images/chapati/8bd081be15.jpg; C:\recipe_project\images/chapati/8cfb70fceb.jpg; C:\recipe_project\images/chapati/8d039baaee.jpg; C:\recipe_project\images/chapati/8fbbb9f39c.jpg; C:\recipe_project\images/chapati/8fe3ba4d36.jpg; C:\recipe_project\images/chapati/9a08a9f932.jpg; C:\recipe_project\images/chapati/9b128b45f7.jpg; C:\recipe_project\images/chapati/9bd824d02c.jpg; C:\recipe_project\images/chapati/9f716e6c4c.jpg,"Pumpkin Chapathi Recipe is one that you need to try for your everyday meal. It is a simple Indian bread by made by mixing it along with a vegetable to increase the nutrient content. Pumpkin is really good for heart. The vegetable is also rich in Vitamin C, fiber and Potassium. By adding pumpkin into the dough, it will create a very soft bread. You can pack this for your everyday lunch box or even for your kids lunch box too.",Indian,Lunch,Vegetarian,Total in 35 M,"

							 		1 cup Whole Wheat Flour 

							 		200 grams Kaddu (Parangikai/ Pumpkin)							 		, boiled and mashed							 	

							 		1/2 teaspoon Salt 

Oil							 		, for kneading							 	

Ghee							 		, or oil for cooking							 	
","To begin making the Pumpkin Tawa Paratha Recipe, we will first pressure cook the pumpkin till it is completely cooked, this will take about 4 to 5 whistle and Once down allow the pressure to release by itself and mash them well.In a large bowl combine the flour, salt, mashed pumpkin, a tablespoon of oil and knead adding little water at a time to make firm and smooth dough. Add one tablespoon of oil to coat the dough and knead again. Cover and set aside for 15 minutes.Knead once again and divide the dough into 8 portions. Preheat the iron skillet on medium heat.Roll the paratha dough portions into balls and flatten them with the palm of your hand. Toss them on flour and roll them out into circles of approximately 3 inches in diameter. Put 1/4 teaspoon oil and spread it on the rolled dough.We need to get a triangle shape, to do so, first fold into a semi-circle, then fold the semi-circle into half again. You get a mini triangle shape. Tossing the triangle on a little flour, roll it out gently into a larger triangle. Continue the same process of rolling with the remaining dough portions.With skillet on medium high heat, place one rolled out dough on the skillet. After a few seconds you will notice an air pockets popping out. At this point flip the plain paratha and smear about 1/2 a teaspoon of ghee. Using a flat spatula do a light pressing and turning motion to cook to the pumpkin paratha.Flip to the other side and press and turn in a similar way. You will notice brown spots around the pumpkin parathas and it will be slightly crisp. Remove from heat and place on a platter or serve hot.Continue the similar process with the remaining rolled portions and stack the cooked pumpkin paratha one above the other and serve hot.Serve the Pumpkin Chapathi Recipe along with Dahi Bhindi Recipe or Carrot and Beans Thoran (Subzi Recipe) for your everyday lunch ideas.",1.0,plain chapati,33,"2, 4, 5, 6, 8, 9, 10, 12, 13, 14, 15, 18, 21, 22, 24, 25, 26, 27, 31, 32, 35, 36, 37, 38, 39, 40, 41, 43, 44, 45, 46, 47, 50",YES,Original recipe dataset,Original dataset,,
Chapati,Pumpkin Chapati Recipe ,C:\recipe_project\images/chapati/8ee25d4267.jpg,"Pumpkin Chapathi Recipe is one that you need to try for your everyday meal. It is a simple Indian bread by made by mixing it along with a vegetable to increase the nutrient content. Pumpkin is really good for heart. The vegetable is also rich in Vitamin C, fiber and Potassium. By adding pumpkin into the dough, it will create a very soft bread. You can pack this for your everyday lunch box or even for your kids lunch box too.",Indian,Lunch,Vegetarian,Total in 35 M,"

							 		1 cup Whole Wheat Flour 

							 		200 grams Kaddu (Parangikai/ Pumpkin)							 		, boiled and mashed							 	

							 		1/2 teaspoon Salt 

Oil							 		, for kneading							 	

Ghee							 		, or oil for cooking							 	
","To begin making the Pumpkin Tawa Paratha Recipe, we will first pressure cook the pumpkin till it is completely cooked, this will take about 4 to 5 whistle and Once down allow the pressure to release by itself and mash them well.In a large bowl combine the flour, salt, mashed pumpkin, a tablespoon of oil and knead adding little water at a time to make firm and smooth dough. Add one tablespoon of oil to coat the dough and knead again. Cover and set aside for 15 minutes.Knead once again and divide the dough into 8 portions. Preheat the iron skillet on medium heat.Roll the paratha dough portions into balls and flatten them with the palm of your hand. Toss them on flour and roll them out into circles of approximately 3 inches in diameter. Put 1/4 teaspoon oil and spread it on the rolled dough.We need to get a triangle shape, to do so, first fold into a semi-circle, then fold the semi-circle into half again. You get a mini triangle shape. Tossing the triangle on a little flour, roll it out gently into a larger triangle. Continue the same process of rolling with the remaining dough portions.With skillet on medium high heat, place one rolled out dough on the skillet. After a few seconds you will notice an air pockets popping out. At this point flip the plain paratha and smear about 1/2 a teaspoon of ghee. Using a flat spatula do a light pressing and turning motion to cook to the pumpkin paratha.Flip to the other side and press and turn in a similar way. You will notice brown spots around the pumpkin parathas and it will be slightly crisp. Remove from heat and place on a platter or serve hot.Continue the similar process with the remaining rolled portions and stack the cooked pumpkin paratha one above the other and serve hot.Serve the Pumpkin Chapathi Recipe along with Dahi Bhindi Recipe or Carrot and Beans Thoran (Subzi Recipe) for your everyday lunch ideas.",1.0,soft chapati,1,42,YES,Original recipe dataset,Original dataset,,
chicken_tikka,achari chicken tikka,C:\recipe_project\images/chicken_tikka/3d148b6ceb.jpg; C:\recipe_project\images/chicken_tikka/4c57149d9a.jpg; C:\recipe_project\images/chicken_tikka/9cf8d2094e.jpg,,,,,,700 g boneless chicken; 1/2 cup thick yogurt; 1 tbsp ginger-garlic paste; 1 tbsp oil; 1 tbsp lemon juice; 1 tsp garam masala; 1 tsp cumin powder; 1/2 tsp turmeric; salt; 2 tbsp mixed pickle masala; onion and capsicum,"1. Cut chicken into tikka-size pieces. 2. Mix yogurt, ginger-garlic, oil, lemon and spices with the named variant ingredient. 3. Marinate chicken for at least 30 minutes; overnight is better. 4. Thread onto skewers with onion and capsicum. 5. Grill, bake or air-fry until browned and cooked through, turning once or twice. 6. Serve hot.",,achari chicken tikka,3,"23, 28, 48",YES,Swasthi's Recipes – Chicken Tikka,Reputable website – adapted variant,https://www.indianhealthyrecipes.com/chicken-tikka-in-oven/,Base recipe adapted to predicted variety
Chicken Tikka,Hariyali Chicken Tikka Recipe ,C:\recipe_project\images/chicken_tikka/0d9cd4df8b.jpg; C:\recipe_project\images/chicken_tikka/1cbd6bce10.jpg; C:\recipe_project\images/chicken_tikka/1e1beaab95.jpg; C:\recipe_project\images/chicken_tikka/2c1a215ee1.jpg; C:\recipe_project\images/chicken_tikka/2e5943ad78.jpg; C:\recipe_project\images/chicken_tikka/2f49789828.jpg; C:\recipe_project\images/chicken_tikka/31d89bc9b5.jpg; C:\recipe_project\images/chicken_tikka/3a47674d70.jpg; C:\recipe_project\images/chicken_tikka/3a6fa8e35b.jpg; C:\recipe_project\images/chicken_tikka/3ca042da1d.jpg; C:\recipe_project\images/chicken_tikka/3d0b64911d.jpg; C:\recipe_project\images/chicken_tikka/3d9d724bad.jpg; C:\recipe_project\images/chicken_tikka/4b4ac3572e.jpg; C:\recipe_project\images/chicken_tikka/4fdd63a5ac.jpg; C:\recipe_project\images/chicken_tikka/50f4f89a6a.jpg; C:\recipe_project\images/chicken_tikka/52ef4432c2.jpg; C:\recipe_project\images/chicken_tikka/5fce220107.jpg; C:\recipe_project\images/chicken_tikka/6f21f722a4.jpg; C:\recipe_project\images/chicken_tikka/7c9a3293e3.jpg; C:\recipe_project\images/chicken_tikka/8bdd4faf47.jpg; C:\recipe_project\images/chicken_tikka/8ffcaef63a.jpg; C:\recipe_project\images/chicken_tikka/9a1807b606.jpg; C:\recipe_project\images/chicken_tikka/9a66495882.jpg,Hariyali Chicken Tikka Recipe is a lip-smacking appetizer made with green masala thus the name “Hariyali”.,North Indian Recipes,Appetizer,High Protein Non Vegetarian,Total in 110 M,"

							 		2 Chicken breasts							 		, cut into cubes							 	

							 		1 teaspoon Red Chilli powder 

							 		1/2 teaspoon Turmeric powder (Haldi) 

							 		2 teaspoon Garam masala powder 

							 		1 teaspoon Amchur (Dry Mango Powder) 

							 		1 teaspoon Cumin powder (Jeera) 

							 		1/4 cup Curd (Dahi / Yogurt) 

Salt							 		, to taste							 	
To grind

							 		1 cup Coriander (Dhania) Leaves 

							 		1 cup Mint Leaves (Pudina) 

							 		1 Green Chilli 
","To begin making the Hariyali Chicken Tikka Recipe, thoroughly wash and clean the chicken. Cut them into 1 inch cubes and set aside. In a mixer-jar combine the coriander leaves, mint leaves, green chilli and grind to a smooth paste, adding very little water. Transfer the green masala into a mixing bowl and add the yoghurt and the rest of the maslas which include- red chilli powder,  turmeric powder, garam masala powder,  amchur powder, cumin powder and salt. Mix well and add the chicken pieces to this hariyali masala. Keep it aside for about 1 hour.Heat a grill pan, drizzle some oil, place the marinated chicken pieces and grill evenly on either side till you gets nicely charred. The chicken will take about 10 minutes to cook.Serve hot with sliced onions and lemon wedges.Serve the Hariyali Chicken Tikka Recipe along withlemon wedges, Pudina Dahi Chutney Recipe and serve other non-veg appetizers like Kalmi Kabab Recipe or Chettinad Style Chicken Roast Recipe at your dinner parties.",1.0,chicken tikka,23,"2, 6, 9, 13, 14, 15, 16, 18, 19, 21, 22, 24, 27, 29, 30, 31, 34, 37, 39, 42, 45, 46, 47",YES,Original recipe dataset,Original dataset,,
chicken_tikka,malai chicken tikka,C:\recipe_project\images/chicken_tikka/0ee9c5e22d.jpg; C:\recipe_project\images/chicken_tikka/1f2bcd97d0.jpg; C:\recipe_project\images/chicken_tikka/34d3315ead.jpg; C:\recipe_project\images/chicken_tikka/3b1f94ef43.jpg; C:\recipe_project\images/chicken_tikka/46ff4723b3.jpg; C:\recipe_project\images/chicken_tikka/6dd9378479.jpg; C:\recipe_project\images/chicken_tikka/7b2a78c0f4.jpg; C:\recipe_project\images/chicken_tikka/8bae999e5f.jpg,,,,,,700 g boneless chicken; 1/2 cup thick yogurt; 1 tbsp ginger-garlic paste; 1 tbsp oil; 1 tbsp lemon juice; 1 tsp garam masala; 1 tsp cumin powder; 1/2 tsp turmeric; salt; 2 tbsp cream and 1 tbsp cheese; onion and capsicum,"1. Cut chicken into tikka-size pieces. 2. Mix yogurt, ginger-garlic, oil, lemon and spices with the named variant ingredient. 3. Marinate chicken for at least 30 minutes; overnight is better. 4. Thread onto skewers with onion and capsicum. 5. Grill, bake or air-fry until browned and cooked through, turning once or twice. 6. Serve hot.",,malai chicken tikka,8,"3, 10, 17, 20, 26, 36, 38, 41",YES,Swasthi's Recipes – Chicken Tikka,Reputable website – adapted variant,https://www.indianhealthyrecipes.com/chicken-tikka-in-oven/,Base recipe adapted to predicted variety
chicken_tikka,tandoori chicken tikka,C:\recipe_project\images/chicken_tikka/0b685b98d8.jpg; C:\recipe_project\images/chicken_tikka/18b1582d23.jpg; C:\recipe_project\images/chicken_tikka/1b7ed1016d.jpg; C:\recipe_project\images/chicken_tikka/1cc84b7153.jpg; C:\recipe_project\images/chicken_tikka/1d27d9a45b.jpg; C:\recipe_project\images/chicken_tikka/22d4087443.jpg; C:\recipe_project\images/chicken_tikka/2b3d210c90.jpg; C:\recipe_project\images/chicken_tikka/40d9accbc3.jpg; C:\recipe_project\images/chicken_tikka/5a7fc6e1d0.jpg; C:\recipe_project\images/chicken_tikka/5b0d1ce931.jpg; C:\recipe_project\images/chicken_tikka/6c0d278387.jpg; C:\recipe_project\images/chicken_tikka/8b28b8aff6.jpg; C:\recipe_project\images/chicken_tikka/8d16c98257.jpg; C:\recipe_project\images/chicken_tikka/8e373d8fc8.jpg; C:\recipe_project\images/chicken_tikka/9d6b6ee0f0.jpg; C:\recipe_project\images/chicken_tikka/9fbcb88ec3.jpg,,,,,,700 g boneless chicken; 1/2 cup thick yogurt; 1 tbsp ginger-garlic paste; 1 tbsp oil; 1 tbsp lemon juice; 1 tsp garam masala; 1 tsp cumin powder; 1/2 tsp turmeric; salt; 1 tsp Kashmiri chilli powder and 1 tsp kasuri methi; onion and capsicum,"1. Cut chicken into tikka-size pieces. 2. Mix yogurt, ginger-garlic, oil, lemon and spices with the named variant ingredient. 3. Marinate chicken for at least 30 minutes; overnight is better. 4. Thread onto skewers with onion and capsicum. 5. Grill, bake or air-fry until browned and cooked through, turning once or twice. 6. Serve hot.",,tandoori chicken tikka,16,"1, 4, 5, 7, 8, 11, 12, 25, 32, 33, 35, 40, 43, 44, 49, 50",YES,Swasthi's Recipes – Chicken Tikka,Reputable website – adapted variant,https://www.indianhealthyrecipes.com/chicken-tikka-in-oven/,Base recipe adapted to predicted variety
Chicken Tikka,Hariyali Chicken Tikka Masala Recipe,C:\recipe_project\images/chicken_tikka_masala/0df9285247.jpg; C:\recipe_project\images/chicken_tikka_masala/2f49789828.jpg; C:\recipe_project\images/chicken_tikka_masala/3cb396d02d.jpg; C:\recipe_project\images/chicken_tikka_masala/3d0b64911d.jpg; C:\recipe_project\images/chicken_tikka_masala/4c50b39cca.jpg; C:\recipe_project\images/chicken_tikka_masala/4c57149d9a.jpg; C:\recipe_project\images/chicken_tikka_masala/4fdd63a5ac.jpg; C:\recipe_project\images/chicken_tikka_masala/8c2b8cf99a.jpg,"Hariyali Chicken Tikka Masala Recipe, it has the same ingredients as that of a Hariyali Chicken Tikka but we have added some garvy to this dish so that you can have it along with hot Phulkas and Tawa Parathas.",North Indian Recipes,Lunch,Non Vegeterian,Total in 110 M,"

							 		300 grams Chicken breasts							 		, cut into small pieces							 	

							 		1 teaspoon Red Chilli powder 

							 		1/2 teaspoon Turmeric powder (Haldi) 

							 		2 teaspoons Garam masala powder 

							 		1 teaspoon Amchur (Dry Mango Powder) 

							 		1 teaspoon Cumin powder (Jeera) 

							 		1/4 cup Curd (Dahi / Yogurt) 

							 		1/4 cup Fresh cream 

Salt							 		, to taste							 	
To grind

							 		1 cup Coriander (Dhania) Leaves 

							 		1 cup Mint Leaves (Pudina) 

							 		1 Green Chilli 
","To begin making the Hariyali Chicken Tikka Masala Recipe, we will first grind the coriander leaves, mint leaves and green chilli to a smooth paste in a mixer grinder.Add this ground paste along with turmeric powder, garam masala powder, amchur powder, cumin powder and curd into a bowl. Mix everything well.Add chicken pieces to this marination and salt to taste. Mix well and keep it aside for about 1 hour.After an hour, heat a heavy bottomed pan with oil and add only the chicken pieces into the kadai to fry.Fry until the chicken pieces are cooked and they crisp up. Take them out and keep it aside.In the same kadai, add the remaining marination gravy that is left out, and cook till the gravy has reduced. This will take about 3 to 4 minutes.Check for salt and seasoning, if required you can add them. Add cream at the end and little bit of water to adjust consistency.Cook for 2 minutes and add cooked chicken pieces into the gravy and serve hot.Serve the Hariyali Chicken Tikka Masala Recipe along with Tawa Paratha or Garlic Naan and Burani Raita with Saunf Aloo & Dal Kebab Recipe by the side to make it a complete meal.",1.0,classic chicken tikka masala,8,"5, 18, 26, 27, 33, 34, 36, 44",YES,Original recipe dataset,Original dataset,,
Chicken Tikka,Hariyali Chicken Tikka Masala Recipe,C:\recipe_project\images/chicken_tikka_masala/0d9cd4df8b.jpg; C:\recipe_project\images/chicken_tikka_masala/0dfaa738ba.jpg; C:\recipe_project\images/chicken_tikka_masala/0ee24a81c0.jpg; C:\recipe_project\images/chicken_tikka_masala/19d5fbe38d.jpg; C:\recipe_project\images/chicken_tikka_masala/1e1beaab95.jpg; C:\recipe_project\images/chicken_tikka_masala/1eea29a7b3.jpg; C:\recipe_project\images/chicken_tikka_masala/31d89bc9b5.jpg; C:\recipe_project\images/chicken_tikka_masala/3a6fa8e35b.jpg; C:\recipe_project\images/chicken_tikka_masala/3bb19fd58f.jpg; C:\recipe_project\images/chicken_tikka_masala/3e263c335a.jpg; C:\recipe_project\images/chicken_tikka_masala/4ae1ff8628.jpg; C:\recipe_project\images/chicken_tikka_masala/4b4ac3572e.jpg; C:\recipe_project\images/chicken_tikka_masala/6aed8f08ba.jpg; C:\recipe_project\images/chicken_tikka_masala/6d7c5654b3.jpg; C:\recipe_project\images/chicken_tikka_masala/6f21f722a4.jpg; C:\recipe_project\images/chicken_tikka_masala/6f4f3f84a6.jpg; C:\recipe_project\images/chicken_tikka_masala/7c9a3293e3.jpg; C:\recipe_project\images/chicken_tikka_masala/7e83b1fb3d.jpg; C:\recipe_project\images/chicken_tikka_masala/8bdd4faf47.jpg; C:\recipe_project\images/chicken_tikka_masala/9b8f7a730e.jpg; C:\recipe_project\images/chicken_tikka_masala/9fcb2f58ab.jpg,"Hariyali Chicken Tikka Masala Recipe, it has the same ingredients as that of a Hariyali Chicken Tikka but we have added some garvy to this dish so that you can have it along with hot Phulkas and Tawa Parathas.",North Indian Recipes,Lunch,Non Vegeterian,Total in 110 M,"

							 		300 grams Chicken breasts							 		, cut into small pieces							 	

							 		1 teaspoon Red Chilli powder 

							 		1/2 teaspoon Turmeric powder (Haldi) 

							 		2 teaspoons Garam masala powder 

							 		1 teaspoon Amchur (Dry Mango Powder) 

							 		1 teaspoon Cumin powder (Jeera) 

							 		1/4 cup Curd (Dahi / Yogurt) 

							 		1/4 cup Fresh cream 

Salt							 		, to taste							 	
To grind

							 		1 cup Coriander (Dhania) Leaves 

							 		1 cup Mint Leaves (Pudina) 

							 		1 Green Chilli 
","To begin making the Hariyali Chicken Tikka Masala Recipe, we will first grind the coriander leaves, mint leaves and green chilli to a smooth paste in a mixer grinder.Add this ground paste along with turmeric powder, garam masala powder, amchur powder, cumin powder and curd into a bowl. Mix everything well.Add chicken pieces to this marination and salt to taste. Mix well and keep it aside for about 1 hour.After an hour, heat a heavy bottomed pan with oil and add only the chicken pieces into the kadai to fry.Fry until the chicken pieces are cooked and they crisp up. Take them out and keep it aside.In the same kadai, add the remaining marination gravy that is left out, and cook till the gravy has reduced. This will take about 3 to 4 minutes.Check for salt and seasoning, if required you can add them. Add cream at the end and little bit of water to adjust consistency.Cook for 2 minutes and add cooked chicken pieces into the gravy and serve hot.Serve the Hariyali Chicken Tikka Masala Recipe along with Tawa Paratha or Garlic Naan and Burani Raita with Saunf Aloo & Dal Kebab Recipe by the side to make it a complete meal.",1.0,creamy chicken tikka masala,21,"4, 6, 7, 9, 12, 13, 20, 23, 24, 29, 31, 32, 37, 38, 39, 40, 41, 42, 43, 48, 50",YES,Original recipe dataset,Original dataset,,
Chicken Tikka,Hariyali Chicken Tikka Masala Recipe,C:\recipe_project\images/chicken_tikka_masala/15ec744db6.jpg; C:\recipe_project\images/chicken_tikka_masala/1b67a0fdb7.jpg; C:\recipe_project\images/chicken_tikka_masala/1c64663042.jpg; C:\recipe_project\images/chicken_tikka_masala/2a9968827f.jpg; C:\recipe_project\images/chicken_tikka_masala/2bb5519532.jpg; C:\recipe_project\images/chicken_tikka_masala/2e5943ad78.jpg; C:\recipe_project\images/chicken_tikka_masala/30dda93423.jpg; C:\recipe_project\images/chicken_tikka_masala/3bfa7d682c.jpg; C:\recipe_project\images/chicken_tikka_masala/3d9d724bad.jpg; C:\recipe_project\images/chicken_tikka_masala/3fc682b9cf.jpg; C:\recipe_project\images/chicken_tikka_masala/8e31a9b2ae.jpg; C:\recipe_project\images/chicken_tikka_masala/8fca9cc4f8.jpg; C:\recipe_project\images/chicken_tikka_masala/9bb0ceee7d.jpg,"Hariyali Chicken Tikka Masala Recipe, it has the same ingredients as that of a Hariyali Chicken Tikka but we have added some garvy to this dish so that you can have it along with hot Phulkas and Tawa Parathas.",North Indian Recipes,Lunch,Non Vegeterian,Total in 110 M,"

							 		300 grams Chicken breasts							 		, cut into small pieces							 	

							 		1 teaspoon Red Chilli powder 

							 		1/2 teaspoon Turmeric powder (Haldi) 

							 		2 teaspoons Garam masala powder 

							 		1 teaspoon Amchur (Dry Mango Powder) 

							 		1 teaspoon Cumin powder (Jeera) 

							 		1/4 cup Curd (Dahi / Yogurt) 

							 		1/4 cup Fresh cream 

Salt							 		, to taste							 	
To grind

							 		1 cup Coriander (Dhania) Leaves 

							 		1 cup Mint Leaves (Pudina) 

							 		1 Green Chilli 
","To begin making the Hariyali Chicken Tikka Masala Recipe, we will first grind the coriander leaves, mint leaves and green chilli to a smooth paste in a mixer grinder.Add this ground paste along with turmeric powder, garam masala powder, amchur powder, cumin powder and curd into a bowl. Mix everything well.Add chicken pieces to this marination and salt to taste. Mix well and keep it aside for about 1 hour.After an hour, heat a heavy bottomed pan with oil and add only the chicken pieces into the kadai to fry.Fry until the chicken pieces are cooked and they crisp up. Take them out and keep it aside.In the same kadai, add the remaining marination gravy that is left out, and cook till the gravy has reduced. This will take about 3 to 4 minutes.Check for salt and seasoning, if required you can add them. Add cream at the end and little bit of water to adjust consistency.Cook for 2 minutes and add cooked chicken pieces into the gravy and serve hot.Serve the Hariyali Chicken Tikka Masala Recipe along with Tawa Paratha or Garlic Naan and Burani Raita with Saunf Aloo & Dal Kebab Recipe by the side to make it a complete meal.",1.0,restaurant style chicken tikka masala,13,"8, 10, 11, 14, 15, 17, 19, 25, 28, 30, 46, 47, 49",YES,Original recipe dataset,Original dataset,,
Chicken Tikka,Hariyali Chicken Tikka Masala Recipe,C:\recipe_project\images/chicken_tikka_masala/02e5b4e8da.jpg; C:\recipe_project\images/chicken_tikka_masala/09dcbbc290.jpg; C:\recipe_project\images/chicken_tikka_masala/0c17814d81.jpg; C:\recipe_project\images/chicken_tikka_masala/2c1a215ee1.jpg; C:\recipe_project\images/chicken_tikka_masala/39ad31bd44.jpg; C:\recipe_project\images/chicken_tikka_masala/3a47674d70.jpg; C:\recipe_project\images/chicken_tikka_masala/4cd4c265b1.jpg; C:\recipe_project\images/chicken_tikka_masala/8ce31c5751.jpg,"Hariyali Chicken Tikka Masala Recipe, it has the same ingredients as that of a Hariyali Chicken Tikka but we have added some garvy to this dish so that you can have it along with hot Phulkas and Tawa Parathas.",North Indian Recipes,Lunch,Non Vegeterian,Total in 110 M,"

							 		300 grams Chicken breasts							 		, cut into small pieces							 	

							 		1 teaspoon Red Chilli powder 

							 		1/2 teaspoon Turmeric powder (Haldi) 

							 		2 teaspoons Garam masala powder 

							 		1 teaspoon Amchur (Dry Mango Powder) 

							 		1 teaspoon Cumin powder (Jeera) 

							 		1/4 cup Curd (Dahi / Yogurt) 

							 		1/4 cup Fresh cream 

Salt							 		, to taste							 	
To grind

							 		1 cup Coriander (Dhania) Leaves 

							 		1 cup Mint Leaves (Pudina) 

							 		1 Green Chilli 
","To begin making the Hariyali Chicken Tikka Masala Recipe, we will first grind the coriander leaves, mint leaves and green chilli to a smooth paste in a mixer grinder.Add this ground paste along with turmeric powder, garam masala powder, amchur powder, cumin powder and curd into a bowl. Mix everything well.Add chicken pieces to this marination and salt to taste. Mix well and keep it aside for about 1 hour.After an hour, heat a heavy bottomed pan with oil and add only the chicken pieces into the kadai to fry.Fry until the chicken pieces are cooked and they crisp up. Take them out and keep it aside.In the same kadai, add the remaining marination gravy that is left out, and cook till the gravy has reduced. This will take about 3 to 4 minutes.Check for salt and seasoning, if required you can add them. Add cream at the end and little bit of water to adjust consistency.Cook for 2 minutes and add cooked chicken pieces into the gravy and serve hot.Serve the Hariyali Chicken Tikka Masala Recipe along with Tawa Paratha or Garlic Naan and Burani Raita with Saunf Aloo & Dal Kebab Recipe by the side to make it a complete meal.",1.0,spicy chicken tikka masala,8,"1, 2, 3, 16, 21, 22, 35, 45",YES,Original recipe dataset,Original dataset,,
chikki,coconut chikki,C:\recipe_project\images/chikki/2f3a7f83f6.jpg; C:\recipe_project\images/chikki/6b2fcd6a8b.jpg,,,,,,1 cup grated dry coconut; 140–150 g jaggery; 1 tbsp water; 1 tsp ghee,"1. Roast the named nuts, seeds or coconut until aromatic. 2. Melt jaggery with water and cook until it reaches a firm brittle stage. 3. Quickly stir in the roasted filling and ghee. 4. Spread on a greased surface and roll thin while warm. 5. Cut into pieces before fully hardening.",,coconut chikki,2,"20, 38",YES,Swasthi's Recipes – Peanut Chikki,Reputable website – adapted variant,https://www.indianhealthyrecipes.com/chikki-recipe/,Base recipe adapted to predicted variety
chikki,dry fruit chikki,C:\recipe_project\images/chikki/015a02f670.jpg; C:\recipe_project\images/chikki/01ee118b53.jpg; C:\recipe_project\images/chikki/033f65d062.jpg; C:\recipe_project\images/chikki/039c42eb72.jpg; C:\recipe_project\images/chikki/08ebabbf68.jpg; C:\recipe_project\images/chikki/0a7627b435.jpg; C:\recipe_project\images/chikki/21c7c7c7b3.jpg; C:\recipe_project\images/chikki/2bba91f416.jpg; C:\recipe_project\images/chikki/36db286bbc.jpg; C:\recipe_project\images/chikki/3cef80f0d6.jpg; C:\recipe_project\images/chikki/3e137af2cd.jpg; C:\recipe_project\images/chikki/4cd74c8dbf.jpg; C:\recipe_project\images/chikki/4ed890d1b4.jpg; C:\recipe_project\images/chikki/4f3d994a68.jpg; C:\recipe_project\images/chikki/5f5fa91903.jpg; C:\recipe_project\images/chikki/8aa71114ea.jpg; C:\recipe_project\images/chikki/9f0c6e5e57.jpg; C:\recipe_project\images/chikki/9f4a64fb09.jpg,,,,,,1 cup mixed dried fruits; 140–150 g jaggery; 1 tbsp water; 1 tsp ghee,"1. Roast the named nuts, seeds or coconut until aromatic. 2. Melt jaggery with water and cook until it reaches a firm brittle stage. 3. Quickly stir in the roasted filling and ghee. 4. Spread on a greased surface and roll thin while warm. 5. Cut into pieces before fully hardening.",,dry fruit chikki,18,"1, 2, 3, 4, 5, 6, 12, 16, 22, 26, 27, 30, 32, 33, 36, 44, 48, 50",YES,Swasthi's Recipes – Peanut Chikki,Reputable website – adapted variant,https://www.indianhealthyrecipes.com/chikki-recipe/,Base recipe adapted to predicted variety
chikki,mixed nut chikki,C:\recipe_project\images/chikki/17da9daf70.jpg; C:\recipe_project\images/chikki/6acbeb2d28.jpg; C:\recipe_project\images/chikki/7d389c530d.jpg,,,,,,"1 cup almonds, cashews and pistachios; 140–150 g jaggery; 1 tbsp water; 1 tsp ghee","1. Roast the named nuts, seeds or coconut until aromatic. 2. Melt jaggery with water and cook until it reaches a firm brittle stage. 3. Quickly stir in the roasted filling and ghee. 4. Spread on a greased surface and roll thin while warm. 5. Cut into pieces before fully hardening.",,mixed nut chikki,3,"7, 37, 43",YES,Swasthi's Recipes – Peanut Chikki,Reputable website – adapted variant,https://www.indianhealthyrecipes.com/chikki-recipe/,Base recipe adapted to predicted variety
chikki,peanut chikki,C:\recipe_project\images/chikki/1fe6ff7ea2.jpg; C:\recipe_project\images/chikki/23c6059129.jpg; C:\recipe_project\images/chikki/27d2232b4b.jpg; C:\recipe_project\images/chikki/32cf7b5ec2.jpg; C:\recipe_project\images/chikki/3bd990b17b.jpg; C:\recipe_project\images/chikki/3ed5b01d03.jpg; C:\recipe_project\images/chikki/5aed948b65.jpg; C:\recipe_project\images/chikki/5e5b338702.jpg; C:\recipe_project\images/chikki/6ceb547ab5.jpg; C:\recipe_project\images/chikki/7a02244ade.jpg; C:\recipe_project\images/chikki/8f55ad1950.jpg,,,,,,1 cup roasted peanuts; 140–150 g jaggery; 1 tbsp water; 1 tsp ghee,"1. Roast the named nuts, seeds or coconut until aromatic. 2. Melt jaggery with water and cook until it reaches a firm brittle stage. 3. Quickly stir in the roasted filling and ghee. 4. Spread on a greased surface and roll thin while warm. 5. Cut into pieces before fully hardening.",,peanut chikki,11,"10, 13, 14, 21, 25, 28, 34, 35, 39, 40, 45",YES,Swasthi's Recipes – Peanut Chikki,Reputable website – adapted variant,https://www.indianhealthyrecipes.com/chikki-recipe/,Base recipe adapted to predicted variety
chikki,sesame chikki,C:\recipe_project\images/chikki/1a8f53618e.jpg; C:\recipe_project\images/chikki/1bf8104dcc.jpg; C:\recipe_project\images/chikki/21a066dfde.jpg; C:\recipe_project\images/chikki/2b53e41ec4.jpg; C:\recipe_project\images/chikki/2bda41d4d4.jpg; C:\recipe_project\images/chikki/2bf506de15.jpg; C:\recipe_project\images/chikki/2f2b76aafa.jpg; C:\recipe_project\images/chikki/38fb60ab5c.jpg; C:\recipe_project\images/chikki/3a6728508b.jpg; C:\recipe_project\images/chikki/4aff57d025.jpg; C:\recipe_project\images/chikki/4d86561a67.jpg; C:\recipe_project\images/chikki/7c587bd3ca.jpg; C:\recipe_project\images/chikki/7cff287d82.jpg; C:\recipe_project\images/chikki/9d8cfcaa49.jpg; C:\recipe_project\images/chikki/9e0aeefe13.jpg; C:\recipe_project\images/chikki/9f1911cd6b.jpg,,,,,,1 cup roasted sesame seeds; 140–150 g jaggery; 1 tbsp water; 1 tsp ghee,"1. Roast the named nuts, seeds or coconut until aromatic. 2. Melt jaggery with water and cook until it reaches a firm brittle stage. 3. Quickly stir in the roasted filling and ghee. 4. Spread on a greased surface and roll thin while warm. 5. Cut into pieces before fully hardening.",,sesame chikki,16,"8, 9, 11, 15, 17, 18, 19, 23, 24, 29, 31, 41, 42, 46, 47, 49",YES,Swasthi's Recipes – Peanut Chikki,Reputable website – adapted variant,https://www.indianhealthyrecipes.com/chikki-recipe/,Base recipe adapted to predicted variety
dal_makhani,butter dal makhani,C:\recipe_project\images/dal_makhani/01e577eea5.jpg; C:\recipe_project\images/dal_makhani/0c39a2977f.jpg; C:\recipe_project\images/dal_makhani/1f37f40f9a.jpg; C:\recipe_project\images/dal_makhani/85b8720a56.jpg; C:\recipe_project\images/dal_makhani/91b444f518.jpg,,,,,,1 cup whole black urad dal; 1/4 cup rajma; 2 tomatoes; 1 onion; 1 tbsp ginger-garlic paste; 1 tsp chilli powder; 1/2 tsp garam masala; 2 tbsp butter; 1/4 cup cream; salt; 1 tbsp extra butter,"1. Soak urad dal and rajma overnight. 2. Pressure-cook until very soft. 3. Sauté onion, ginger-garlic and tomatoes with chilli and spices. 4. Add cooked dal and simmer slowly until creamy. 5. Stir in butter and cream. 6. Adjust salt and serve hot.",,butter dal makhani,5,"2, 7, 14, 44, 47",YES,Swasthi's Recipes – Dal Makhani,Reputable website – adapted variant,https://www.indianhealthyrecipes.com/dal-makhani-recipe/,Base recipe adapted to predicted variety
Dal Makhani,Dhaba Style Green Moong Dal Makhani Recipe,C:\recipe_project\images/dal_makhani/00cf330f1d.jpg; C:\recipe_project\images/dal_makhani/05ab55d59b.jpg; C:\recipe_project\images/dal_makhani/07b2ca443d.jpg; C:\recipe_project\images/dal_makhani/0ed10a993c.jpg; C:\recipe_project\images/dal_makhani/16c0dcfc8f.jpg; C:\recipe_project\images/dal_makhani/26e5f6ecea.jpg; C:\recipe_project\images/dal_makhani/2a92e8ca1f.jpg; C:\recipe_project\images/dal_makhani/2e55cee610.jpg; C:\recipe_project\images/dal_makhani/38f272a910.jpg; C:\recipe_project\images/dal_makhani/3fe3fce913.jpg; C:\recipe_project\images/dal_makhani/40f12b4365.jpg; C:\recipe_project\images/dal_makhani/42ea8e7dca.jpg; C:\recipe_project\images/dal_makhani/43b0001737.jpg; C:\recipe_project\images/dal_makhani/4d4ea9dfc4.jpg; C:\recipe_project\images/dal_makhani/4ec6a7e4c2.jpg; C:\recipe_project\images/dal_makhani/50fcf36470.jpg; C:\recipe_project\images/dal_makhani/5f33109e0e.jpg; C:\recipe_project\images/dal_makhani/5f65a4cf7b.jpg; C:\recipe_project\images/dal_makhani/5f8a064957.jpg; C:\recipe_project\images/dal_makhani/61d66f75d3.jpg; C:\recipe_project\images/dal_makhani/66a8972767.jpg; C:\recipe_project\images/dal_makhani/6efb225d31.jpg; C:\recipe_project\images/dal_makhani/72ba0c4387.jpg; C:\recipe_project\images/dal_makhani/7a3db50fe8.jpg; C:\recipe_project\images/dal_makhani/7a5ddcf32e.jpg; C:\recipe_project\images/dal_makhani/8e2de8b402.jpg; C:\recipe_project\images/dal_makhani/95c49fa139.jpg; C:\recipe_project\images/dal_makhani/9f24729196.jpg,"Green Moong Dal Makhani is a wholesome lentil curry that is made in the similar way to the Dhaba Dal of Punjab. Made with Green Moong, flavoured with subtle Indian spices and simmered optionally with cream and butter for as long as 15 minutes makes this dal rich, nutritious and delicious. ",North Indian Recipes,Lunch,High Protein Vegetarian,Total in 50 M,"

							 		1-1/2 cups Green Moong Dal (Whole) 

							 		1 Tomato							 		, chopped							 	

							 		1 Onion							 		, finely chopped							 	

							 		1 inch Ginger							 		, finely chopped							 	

							 		4 cloves Garlic							 		, finely chopped							 	

							 		1 Bay leaf (tej patta) 

							 		1 inch Cinnamon Stick (Dalchini) 

							 		1/2 teaspoon Turmeric powder (Haldi) 

							 		1 teaspoon Garam masala powder 

							 		1 teaspoon Coriander Powder (Dhania) 

							 		1 teaspoon Red Chilli powder 

							 		1 teaspoon Oil 

							 		2 tablespoons Fresh cream							 		, optional							 	

							 		1 tablespoon Kasuri Methi (Dried Fenugreek Leaves) 

Salt							 		, to taste							 	
","To begin making the Dhaba Style Green Moong Dal Makhani Recipe, soak the green moong dal in 3 cups of water for about 2 hours.Into the pressure cooker, add a teaspoon of oil. Add the onion, ginger and garlic and saute until the onions soften.Once the onions have softened, add the chopped tomato and saute until the tomatoes soften. Once the tomatoes have softened, add the bay leaf, cinnamon stick, turmeric powder, coriander powder, red chilli powder, garam masala powder and salt to taste. Stir to combine the masalas. After a minute, add the soaked green moong dal along with 3 cups of water and pressure cook the Dhaba style Green Moong for 6 to 8 whistles.Turn off the heat and allow the pressure to release naturally.Once the pressure is released, open the cooker and you will find the dal to be well cooked and mushy. That's the consistency we want for the dal. Check the salt and spices and adjust accordingly.You can optionally add cream if you want to make the green moong dal makhani creamy and delicious. Once done, stir in the Kasuri methi leaves.Transfer the Dhaba Style Green Moong Dal Makhani to a serving bowl and serve hot.Serve the Dhaba Style Green Moong Dal Makhani along with Missi Roti and Lauki Raita and it would make a perfect dinner or lunch.",1.0,classic dal makhani,28,"1, 4, 5, 8, 10, 16, 18, 19, 20, 21, 22, 23, 24, 27, 29, 30, 35, 36, 37, 38, 39, 40, 41, 42, 43, 46, 48, 50",YES,Original recipe dataset,Original dataset,,
dal_makhani,punjabi dal makhani,C:\recipe_project\images/dal_makhani/04ab82a7ea.jpg; C:\recipe_project\images/dal_makhani/0aa2abb093.jpg; C:\recipe_project\images/dal_makhani/15e5f83a9b.jpg; C:\recipe_project\images/dal_makhani/1ad52bd457.jpg; C:\recipe_project\images/dal_makhani/1caf88408f.jpg; C:\recipe_project\images/dal_makhani/1df0b2bd46.jpg; C:\recipe_project\images/dal_makhani/1f584ddefd.jpg; C:\recipe_project\images/dal_makhani/27d08c0756.jpg; C:\recipe_project\images/dal_makhani/4b989fae02.jpg; C:\recipe_project\images/dal_makhani/4d5681c23b.jpg; C:\recipe_project\images/dal_makhani/56adca1ca0.jpg; C:\recipe_project\images/dal_makhani/5aa15d7232.jpg; C:\recipe_project\images/dal_makhani/5c70cba130.jpg; C:\recipe_project\images/dal_makhani/8af2838312.jpg; C:\recipe_project\images/dal_makhani/9b8ab3b710.jpg,,,,,,1 cup whole black urad dal; 1/4 cup rajma; 2 tomatoes; 1 onion; 1 tbsp ginger-garlic paste; 1 tsp chilli powder; 1/2 tsp garam masala; 2 tbsp butter; 1/4 cup cream; salt; ,"1. Soak urad dal and rajma overnight. 2. Pressure-cook until very soft. 3. Sauté onion, ginger-garlic and tomatoes with chilli and spices. 4. Add cooked dal and simmer slowly until creamy. 5. Stir in butter and cream. 6. Adjust salt and serve hot.",,punjabi dal makhani,15,"3, 6, 9, 11, 12, 13, 15, 17, 25, 28, 31, 32, 33, 45, 49",YES,Swasthi's Recipes – Dal Makhani,Reputable website – adapted variant,https://www.indianhealthyrecipes.com/dal-makhani-recipe/,Base recipe adapted to predicted variety
Dal Makhani,Dhaba Style Green Moong Dal Makhani Recipe,C:\recipe_project\images/dal_makhani/4c7e238a6e.jpg; C:\recipe_project\images/dal_makhani/5e33511f4d.jpg,"Green Moong Dal Makhani is a wholesome lentil curry that is made in the similar way to the Dhaba Dal of Punjab. Made with Green Moong, flavoured with subtle Indian spices and simmered optionally with cream and butter for as long as 15 minutes makes this dal rich, nutritious and delicious. ",North Indian Recipes,Lunch,High Protein Vegetarian,Total in 50 M,"

							 		1-1/2 cups Green Moong Dal (Whole) 

							 		1 Tomato							 		, chopped							 	

							 		1 Onion							 		, finely chopped							 	

							 		1 inch Ginger							 		, finely chopped							 	

							 		4 cloves Garlic							 		, finely chopped							 	

							 		1 Bay leaf (tej patta) 

							 		1 inch Cinnamon Stick (Dalchini) 

							 		1/2 teaspoon Turmeric powder (Haldi) 

							 		1 teaspoon Garam masala powder 

							 		1 teaspoon Coriander Powder (Dhania) 

							 		1 teaspoon Red Chilli powder 

							 		1 teaspoon Oil 

							 		2 tablespoons Fresh cream							 		, optional							 	

							 		1 tablespoon Kasuri Methi (Dried Fenugreek Leaves) 

Salt							 		, to taste							 	
","To begin making the Dhaba Style Green Moong Dal Makhani Recipe, soak the green moong dal in 3 cups of water for about 2 hours.Into the pressure cooker, add a teaspoon of oil. Add the onion, ginger and garlic and saute until the onions soften.Once the onions have softened, add the chopped tomato and saute until the tomatoes soften. Once the tomatoes have softened, add the bay leaf, cinnamon stick, turmeric powder, coriander powder, red chilli powder, garam masala powder and salt to taste. Stir to combine the masalas. After a minute, add the soaked green moong dal along with 3 cups of water and pressure cook the Dhaba style Green Moong for 6 to 8 whistles.Turn off the heat and allow the pressure to release naturally.Once the pressure is released, open the cooker and you will find the dal to be well cooked and mushy. That's the consistency we want for the dal. Check the salt and spices and adjust accordingly.You can optionally add cream if you want to make the green moong dal makhani creamy and delicious. Once done, stir in the Kasuri methi leaves.Transfer the Dhaba Style Green Moong Dal Makhani to a serving bowl and serve hot.Serve the Dhaba Style Green Moong Dal Makhani along with Missi Roti and Lauki Raita and it would make a perfect dinner or lunch.",1.0,restaurant style dal makhani,2,"26, 34",YES,Original recipe dataset,Original dataset,,
Dal Tadka,Dhaba Style Dal Fry Recipe | Mixed Dal Tadka,C:\recipe_project\images/dal_tadka/006aeeea8d.jpg; C:\recipe_project\images/dal_tadka/007d59d67b.jpg; C:\recipe_project\images/dal_tadka/03e7ef7b66.jpg; C:\recipe_project\images/dal_tadka/0be07dfaaf.jpg; C:\recipe_project\images/dal_tadka/12d0355cd8.jpg; C:\recipe_project\images/dal_tadka/14c28c3e4d.jpg; C:\recipe_project\images/dal_tadka/1fee70949c.jpg; C:\recipe_project\images/dal_tadka/3d6f8f8ce3.jpg; C:\recipe_project\images/dal_tadka/4cc4409d6f.jpg; C:\recipe_project\images/dal_tadka/4dc2cb7ff6.jpg; C:\recipe_project\images/dal_tadka/5dcc96114e.jpg; C:\recipe_project\images/dal_tadka/6b12430f29.jpg; C:\recipe_project\images/dal_tadka/6e14f117b2.jpg; C:\recipe_project\images/dal_tadka/7bf9b39798.jpg; C:\recipe_project\images/dal_tadka/7c6e41f278.jpg; C:\recipe_project\images/dal_tadka/7d2e45b656.jpg; C:\recipe_project\images/dal_tadka/8b8ae57d04.jpg; C:\recipe_project\images/dal_tadka/9c8f6aeb0a.jpg; C:\recipe_project\images/dal_tadka/9ff1aeca1e.jpg,"Dhaba Style Dal Fry is a perfect dal when you want to have something spicy yet simple. The creamy dal fry consists of  different kind of dals like Toor Dal, Urad Dal, Masoor Dal and Chana Dal and also a little rajma and Kala chana ti give it that added texture and taste.",North Indian Recipes,Lunch,Vegetarian,Total in 160 M,"

							 		1/4 cup Arhar dal (Split Toor Dal) 

							 		2 tablespoons Chana dal (Bengal Gram Dal) 

							 		2 tablespoons Masoor Dal (Whole) 

							 		2 tablespoons White Urad Dal (Split) 

							 		2 tablespoons Kashmiri Rajma 

							 		2 tablespoons Kala Chana (Brown Chickpeas) 

							 		2 tablespoons Ghee 

							 		1 teaspoon Cumin seeds (Jeera) 

							 		1 Onion							 		, finely chopped							 	

							 		2 inch Ginger							 		, finely chopped							 	

							 		2 Green Chillies							 		, finely chopped							 	

							 		2 inch Cinnamon Stick (Dalchini)							 		, broken							 	

							 		2 Cardamom (Elaichi) Pods/Seeds 

							 		2 Bay leaves (tej patta)							 		, torn							 	

							 		2 Tomatoes							 		, finely chopped							 	

							 		1/2 teaspoon Turmeric powder (Haldi) 

							 		1/2 teaspoon Red Chilli powder 

							 		1/2 teaspoon Garam masala powder 

Salt							 		, to taste							 	

							 		1 Lemon							 		, juice extracted							 	

							 		6 sprig Coriander (Dhania) Leaves							 		, finely chopped							 	
","To begin making the Dhaba Style Dal Fry Recipe | Mixed Dal Tadka, prep all the ingredients and keep them ready.Soak all the dal's together in a large bowl along with enough water for 6 to 8 hours. The next step is to make the dal and for this we will cook it in a single pot in the pressure cooker.Heat ghee in the pressure cooker over medium heat; add the onion, ginger and saute until the onions soften.Add the spices - cinnamon, cloves and cardamom and saute for a few seconds. Stir in the tomatoes, turmeric powder, red chilli powder and garam masala powder.Saute until the tomatoes turn mushy and soft. Add the salt, soaked dals and enough water such that there is at least 2 inches of water above the dals.Cover the pressure cooker and cook the Dhaba Style Dal Fry for 4 to 5 whistles. After 4 to 5 whistles, turn the heat to low. Simmer the dal for at least 30 minutes and turn off the heat.Allow the pressure to release naturally. Once the pressure has released, give the dal a good stir. Mash it gently to suit your taste.Check the salt and adjust to suit your taste. Finally stir in the lemon juice and coriander leaves and turn off the heat.Transfer the Dhaba Style Dal Fry to a serving bowl and serve hot.Serve Dhaba Style Dal Fry along with Paneer Butter Masala, Vegetable Yakhni Pulao and Homemade Naan for a delicious meal.",1.0,classic dal tadka,19,"1, 2, 4, 5, 9, 10, 15, 23, 26, 28, 31, 33, 36, 39, 40, 41, 43, 47, 50",YES,Original recipe dataset,Original dataset,,
Dal Tadka,पंजाबी दाल तड़का रेसिपी - Punjabi Dal Tadka (Recipe In Hindi),C:\recipe_project\images/dal_tadka/020c55c7c0.jpg; C:\recipe_project\images/dal_tadka/18c0866ce8.jpg; C:\recipe_project\images/dal_tadka/4a9a0676c4.jpg; C:\recipe_project\images/dal_tadka/6b2a5b9f02.jpg; C:\recipe_project\images/dal_tadka/8da2805dbc.jpg; C:\recipe_project\images/dal_tadka/9ef5584bb1.jpg,पंजाबी दाल तड़का एक सेहतमंद दाल है जो बनाने में बहुत आसान है. जब भी आप थके हुए हो और कुछ स्वादिष्ट खाना चाहते हो तो आप यह दाल बना सकते है. यह एक पंजाबी स्टाइल दाल है जिसमे मूंग और मसूर दाल का प्रयोग का प्रयोग किया जाता है. ,Punjabi,Lunch,High Protein Vegetarian,Total in 40 M,"

							 		1 कप हरी मूंग दाल							 		, या मसूर दाल							 	

							 		1 प्याज							 		, पतला काट ले							 	

							 		1 छोटा चमच्च अदरक							 		, कस ले							 	

							 		1/2 छोटा चमच्च हल्दी पाउडर 

							 		1 टमाटर							 		, बारीक काट ले							 	

नमक							 		, स्वाद अनुसार							 	

							 		1 बड़ा चमच्च निम्बू का रस 

							 		1 कप हरा धनिया							 		, बारीक काट ले							 	
तड़के के लिए

							 		1 बड़ा चमच्च घी 

							 		1/2 छोटा चमच्च जीरा 

							 		1 हरी मिर्च							 		, काट ले							 	
","पंजाबी दाल तड़का बनाने के लिए पहले दाल के साथ हल्दी पाउडर, प्याज, टमाटर, अदरक, नमक और 2 कप पानी डाले। 3 सिटी आने तक पकाए और अपने आप प्रेशर निकलने दे. अब एक कढ़ाई में घी गरम करें। इसमें जीरा, हरी मिर्च डाले और 15 सेकण्ड्स तक पकने दे. यह तड़का दाल में डाल दे और मिला ले. इसमें निम्बू का रस डाले और हरे धनिये से गार्निश करें।  पंजाबी दाल तड़का को पनीर मसाला, बूंदी रायता और फुल्के के साथ दिन के खाने के लिए परोसे.",1.0,punjabi dal tadka,6,"3, 12, 25, 34, 44, 49",YES,Original recipe dataset,Original dataset,,
Dal Tadka,Dhaba Style Dal Fry Recipe | Mixed Dal Tadka,C:\recipe_project\images/dal_tadka/11f64d65b8.jpg; C:\recipe_project\images/dal_tadka/27a0d2080f.jpg; C:\recipe_project\images/dal_tadka/6a91a46cb2.jpg; C:\recipe_project\images/dal_tadka/6fd110242f.jpg; C:\recipe_project\images/dal_tadka/8fbc67adde.jpg,"Dhaba Style Dal Fry is a perfect dal when you want to have something spicy yet simple. The creamy dal fry consists of  different kind of dals like Toor Dal, Urad Dal, Masoor Dal and Chana Dal and also a little rajma and Kala chana ti give it that added texture and taste.",North Indian Recipes,Lunch,Vegetarian,Total in 160 M,"

							 		1/4 cup Arhar dal (Split Toor Dal) 

							 		2 tablespoons Chana dal (Bengal Gram Dal) 

							 		2 tablespoons Masoor Dal (Whole) 

							 		2 tablespoons White Urad Dal (Split) 

							 		2 tablespoons Kashmiri Rajma 

							 		2 tablespoons Kala Chana (Brown Chickpeas) 

							 		2 tablespoons Ghee 

							 		1 teaspoon Cumin seeds (Jeera) 

							 		1 Onion							 		, finely chopped							 	

							 		2 inch Ginger							 		, finely chopped							 	

							 		2 Green Chillies							 		, finely chopped							 	

							 		2 inch Cinnamon Stick (Dalchini)							 		, broken							 	

							 		2 Cardamom (Elaichi) Pods/Seeds 

							 		2 Bay leaves (tej patta)							 		, torn							 	

							 		2 Tomatoes							 		, finely chopped							 	

							 		1/2 teaspoon Turmeric powder (Haldi) 

							 		1/2 teaspoon Red Chilli powder 

							 		1/2 teaspoon Garam masala powder 

Salt							 		, to taste							 	

							 		1 Lemon							 		, juice extracted							 	

							 		6 sprig Coriander (Dhania) Leaves							 		, finely chopped							 	
","To begin making the Dhaba Style Dal Fry Recipe | Mixed Dal Tadka, prep all the ingredients and keep them ready.Soak all the dal's together in a large bowl along with enough water for 6 to 8 hours. The next step is to make the dal and for this we will cook it in a single pot in the pressure cooker.Heat ghee in the pressure cooker over medium heat; add the onion, ginger and saute until the onions soften.Add the spices - cinnamon, cloves and cardamom and saute for a few seconds. Stir in the tomatoes, turmeric powder, red chilli powder and garam masala powder.Saute until the tomatoes turn mushy and soft. Add the salt, soaked dals and enough water such that there is at least 2 inches of water above the dals.Cover the pressure cooker and cook the Dhaba Style Dal Fry for 4 to 5 whistles. After 4 to 5 whistles, turn the heat to low. Simmer the dal for at least 30 minutes and turn off the heat.Allow the pressure to release naturally. Once the pressure has released, give the dal a good stir. Mash it gently to suit your taste.Check the salt and adjust to suit your taste. Finally stir in the lemon juice and coriander leaves and turn off the heat.Transfer the Dhaba Style Dal Fry to a serving bowl and serve hot.Serve Dhaba Style Dal Fry along with Paneer Butter Masala, Vegetable Yakhni Pulao and Homemade Naan for a delicious meal.",1.0,restaurant style dal tadka,5,"7, 17, 32, 37, 46",YES,Original recipe dataset,Original dataset,,
dal_tadka,yellow dal tadka,C:\recipe_project\images/dal_tadka/0d0682d8d4.jpg; C:\recipe_project\images/dal_tadka/12a88bc3f3.jpg; C:\recipe_project\images/dal_tadka/16c7551673.jpg; C:\recipe_project\images/dal_tadka/18e8e451ff.jpg; C:\recipe_project\images/dal_tadka/1bdb8c52fe.jpg; C:\recipe_project\images/dal_tadka/23ecb0b167.jpg; C:\recipe_project\images/dal_tadka/2a33a6928b.jpg; C:\recipe_project\images/dal_tadka/2b17bb86c5.jpg; C:\recipe_project\images/dal_tadka/2bcf427424.jpg; C:\recipe_project\images/dal_tadka/2fceab52dd.jpg; C:\recipe_project\images/dal_tadka/3d24093319.jpg; C:\recipe_project\images/dal_tadka/3ecd59e475.jpg; C:\recipe_project\images/dal_tadka/4d60e4ad92.jpg; C:\recipe_project\images/dal_tadka/4e9eeb68f7.jpg; C:\recipe_project\images/dal_tadka/4f9b87e69f.jpg; C:\recipe_project\images/dal_tadka/6ce2e648ee.jpg; C:\recipe_project\images/dal_tadka/7bdfe4bb28.jpg; C:\recipe_project\images/dal_tadka/8a1ff92ace.jpg; C:\recipe_project\images/dal_tadka/8e4c253e2a.jpg; C:\recipe_project\images/dal_tadka/9d1132b6b5.jpg,,,,,,1 cup yellow moong/toor dal; 3 cups water; 1/2 tsp turmeric; salt; 1 tomato; 1 onion; 2 garlic cloves; 1 tsp cumin; 1 dried red chilli; 1 tbsp ghee; coriander,"1. Wash dal and cook with water, turmeric and salt until soft. 2. Mash lightly. 3. Heat ghee and crackle cumin with dried chilli. 4. Add garlic, onion and tomato and sauté until soft. 5. Pour the tempering into the cooked dal and simmer 2–3 minutes. 6. Garnish with coriander.",,yellow dal tadka,20,"6, 8, 11, 13, 14, 16, 18, 19, 20, 21, 22, 24, 27, 29, 30, 35, 38, 42, 45, 48",YES,Swasthi's Recipes – Dal Tadka,Reputable website – adapted variant,https://www.indianhealthyrecipes.com/dal-tadka-recipe/,Base recipe adapted to predicted variety
double_ka_meetha,classic double ka meetha,C:\recipe_project\images/double_ka_meetha/0b39538afa.jpg; C:\recipe_project\images/double_ka_meetha/5e6638a3dd.jpg,,,,,,4 thick bread slices; 1/3 cup ghee; 1/3 cup sugar; 1/3 cup water; 1 pinch saffron; 1 tsp rose water; 8 cashews; 4 almonds; 1/4 tsp cardamom; ,"1. Dry or toast bread and cut into pieces. 2. Fry in ghee until golden and crisp. 3. Make a sugar syrup with sugar, water, saffron and cardamom; add rose water. 4. Arrange fried bread and pour syrup over it. 5. Add thickened milk and cook briefly until absorbed. 6. Garnish with nuts and serve warm or chilled.",,classic double ka meetha,2,"5, 33",YES,Swasthi's Recipes – Double Ka Meetha,Reputable website – adapted variant,https://www.indianhealthyrecipes.com/double-ka-meetha/,Base recipe adapted to predicted variety
double_ka_meetha,dry fruit double ka meetha,C:\recipe_project\images/double_ka_meetha/06f40cb05a.jpg; C:\recipe_project\images/double_ka_meetha/07c458362a.jpg; C:\recipe_project\images/double_ka_meetha/09abfcb2cb.jpg; C:\recipe_project\images/double_ka_meetha/0b5af5925a.jpg; C:\recipe_project\images/double_ka_meetha/0c55ff62e1.jpg; C:\recipe_project\images/double_ka_meetha/0d63dd091d.jpg; C:\recipe_project\images/double_ka_meetha/0e5e473721.jpg; C:\recipe_project\images/double_ka_meetha/11b2c5a5eb.jpg; C:\recipe_project\images/double_ka_meetha/15bc747af0.jpg; C:\recipe_project\images/double_ka_meetha/1b7f737471.jpg; C:\recipe_project\images/double_ka_meetha/1c1c0923e4.jpg; C:\recipe_project\images/double_ka_meetha/1c775f2e05.jpg; C:\recipe_project\images/double_ka_meetha/1ce6f1b2dd.jpg; C:\recipe_project\images/double_ka_meetha/26ffd94fa5.jpg; C:\recipe_project\images/double_ka_meetha/28a3c49ed3.jpg; C:\recipe_project\images/double_ka_meetha/2b0a45f06d.jpg; C:\recipe_project\images/double_ka_meetha/2d356060e5.jpg; C:\recipe_project\images/double_ka_meetha/34f14b6d3e.jpg; C:\recipe_project\images/double_ka_meetha/3ef0fa0b2e.jpg; C:\recipe_project\images/double_ka_meetha/3fa6453f3f.jpg; C:\recipe_project\images/double_ka_meetha/40f1c8aad5.jpg; C:\recipe_project\images/double_ka_meetha/4b40ceb147.jpg; C:\recipe_project\images/double_ka_meetha/4b4cb2163c.jpg; C:\recipe_project\images/double_ka_meetha/4d457863b8.jpg; C:\recipe_project\images/double_ka_meetha/4d56b33a25.jpg; C:\recipe_project\images/double_ka_meetha/4f0a863e01.jpg; C:\recipe_project\images/double_ka_meetha/4f13538dea.jpg; C:\recipe_project\images/double_ka_meetha/5b5e83b03a.jpg; C:\recipe_project\images/double_ka_meetha/5fe0029f1d.jpg; C:\recipe_project\images/double_ka_meetha/6a8528f4d4.jpg; C:\recipe_project\images/double_ka_meetha/6b004dd264.jpg; C:\recipe_project\images/double_ka_meetha/6faaf778f2.jpg; C:\recipe_project\images/double_ka_meetha/7c38848e06.jpg; C:\recipe_project\images/double_ka_meetha/7c48a5ad76.jpg; C:\recipe_project\images/double_ka_meetha/7c4ec2b749.jpg; C:\recipe_project\images/double_ka_meetha/7f05d7e6c9.jpg; C:\recipe_project\images/double_ka_meetha/7f077fba0e.jpg; C:\recipe_project\images/double_ka_meetha/8a035f2e3c.jpg; C:\recipe_project\images/double_ka_meetha/8a61d221cb.jpg; C:\recipe_project\images/double_ka_meetha/8a8aa91d72.jpg; C:\recipe_project\images/double_ka_meetha/8b953d9033.jpg; C:\recipe_project\images/double_ka_meetha/8e786ba4d5.jpg; C:\recipe_project\images/double_ka_meetha/9c928f4aac.jpg,,,,,,4 thick bread slices; 1/3 cup ghee; 1/3 cup sugar; 1/3 cup water; 1 pinch saffron; 1 tsp rose water; 8 cashews; 4 almonds; 1/4 tsp cardamom; 1/4 cup mixed nuts and raisins,"1. Dry or toast bread and cut into pieces. 2. Fry in ghee until golden and crisp. 3. Make a sugar syrup with sugar, water, saffron and cardamom; add rose water. 4. Arrange fried bread and pour syrup over it. 5. Add thickened milk and cook briefly until absorbed. 6. Garnish with nuts and serve warm or chilled.",,dry fruit double ka meetha,43,"2, 3, 4, 6, 7, 8, 9, 10, 12, 13, 14, 15, 16, 18, 19, 20, 21, 22, 23, 24, 25, 26, 27, 28, 29, 30, 31, 32, 34, 35, 36, 37, 38, 39, 40, 41, 42, 43, 44, 45, 47, 48, 49",YES,Swasthi's Recipes – Double Ka Meetha,Reputable website – adapted variant,https://www.indianhealthyrecipes.com/double-ka-meetha/,Base recipe adapted to predicted variety
double_ka_meetha,hyderabadi double ka meetha,C:\recipe_project\images/double_ka_meetha/046f0c2832.jpg; C:\recipe_project\images/double_ka_meetha/11f01c4f78.jpg; C:\recipe_project\images/double_ka_meetha/1ece78d157.jpg; C:\recipe_project\images/double_ka_meetha/8b7482b59d.jpg; C:\recipe_project\images/double_ka_meetha/9e7d6d776d.jpg,,,,,,4 thick bread slices; 1/3 cup ghee; 1/3 cup sugar; 1/3 cup water; 1 pinch saffron; 1 tsp rose water; 8 cashews; 4 almonds; 1/4 tsp cardamom; 1/2 cup evaporated milk or thickened milk,"1. Dry or toast bread and cut into pieces. 2. Fry in ghee until golden and crisp. 3. Make a sugar syrup with sugar, water, saffron and cardamom; add rose water. 4. Arrange fried bread and pour syrup over it. 5. Add thickened milk and cook briefly until absorbed. 6. Garnish with nuts and serve warm or chilled.",,hyderabadi double ka meetha,5,"1, 11, 17, 46, 50",YES,Swasthi's Recipes – Double Ka Meetha,Reputable website – adapted variant,https://www.indianhealthyrecipes.com/double-ka-meetha/,Base recipe adapted to predicted variety
Lassi,Aloo Parwal Sabzi Recipe - A Classic Bengali Dish,C:\recipe_project\images/dum_aloo/0c367cd2fa.jpg; C:\recipe_project\images/dum_aloo/7d96404dc0.jpg,"Aloo Parwal Ki Sabzi is a typical dish from Bengal. Parwal also known as Potol in Bengal and Orissa is very popular among the Bengali Cuisine. It is super nutritious vegetable and is rich in minerals and vitamins. The vegetable looks like tiny cucumbers, with tapering ends and it has faint, lighter green lines along its length. The skin is much harder than cucumber and is fat and stout like the thumb. ",Indian,Lunch,Vegetarian,Total in 30 M,"

							 		500 grams Pointed gourd (Parval)							 		, peeled and sliced into wedges							 	

Potatoes (Aloo)							 		, peeled sliced in wedges							 	

							 		1 teaspoon Turmeric powder (Haldi) 

							 		1 teaspoon Red Chilli powder 

							 		1 teaspoon Coriander Powder (Dhania) 

							 		1 teaspoon Amchur (Dry Mango Powder) 

							 		1/2 teaspoon Mustard seeds (Rai/ Kadugu) 

							 		1/2 teaspoon Cumin seeds (Jeera) 

							 		1 teaspoon Salt							 		, or to taste							 	

							 		2 tablespoons Mustard oil							 		, for cooking							 	
","To begin making the Aloo Parwal Sabzi Recipe, we will cook the vegetables in two stages.To begin with; heat a tablespoon of oil in a heavy bottomed pan; add in the mustard seeds and allow it to crackle.Once the mustard seeds crackle, we will add in the parwal into the pan. Sprinkle some salt, stir to combine the salt in and cover the pan.Allow the parwal to cook on low to medium heat until the parwal is cooked. In the final stage of the cooking process, add a 1/2 teaspoon of turmeric powder and red chilli powder. Give it a stir and keep aside.The next step is to cook the potatoes; heat oil in a pan; add cumin seeds and allow it to crackle. Add the potatoes and sprinkle a little  salt, stir and cover the pan. Cook the aloo/potato until it feels roasted and cooked through.In the final stage of the cooking process, stir in the turmeric powder, red chilli powder, coriander powder, amchur powder and give it a stir for a couple of minutesStir in the cooked parwal into the aloo sabzi and stir fry until all the masala is well coated to form a delicious tasting Aloo Parwal Sabzi. Check the salt and adjust to suit your taste.Once done, turn off the heat and transfer the Aloo Parwal Sabzi to a serving bowl and serve hot.Serve the Aloo Parwal Ki Sabzi along with Cholar Dal or Makhana Moongphali Ki Kadhi and a bowl of steamed rice or Phulka.",1.0,bengali dum aloo,2,"6, 45",YES,Original recipe dataset,Original dataset,,
dum_aloo,kashmiri dum aloo,C:\recipe_project\images/dum_aloo/06c2920644.jpg; C:\recipe_project\images/dum_aloo/0ba82d276f.jpg; C:\recipe_project\images/dum_aloo/0f12112b79.jpg; C:\recipe_project\images/dum_aloo/3ca98e85a5.jpg; C:\recipe_project\images/dum_aloo/3d4d8247f8.jpg; C:\recipe_project\images/dum_aloo/4d8ce32deb.jpg; C:\recipe_project\images/dum_aloo/6f83d6d95f.jpg; C:\recipe_project\images/dum_aloo/7b2ce7bdb5.jpg; C:\recipe_project\images/dum_aloo/7f297c8bec.jpg; C:\recipe_project\images/dum_aloo/8aabefd3d2.jpg; C:\recipe_project\images/dum_aloo/9ee1e2da6e.jpg,,,,,,500 g baby potatoes; 2 tbsp oil; 1 tsp cumin; 1 tsp coriander powder; 1/2 tsp turmeric; 1 tsp chilli powder; 1/2 cup yogurt; 1 tbsp Kashmiri chilli powder; 1/2 cup yogurt; salt; coriander,"1. Boil baby potatoes until just tender, peel and prick them. 2. Shallow-fry until lightly golden. 3. Prepare the onion-tomato or yogurt-based masala with the named regional spices. 4. Add potatoes and a little water. 5. Cover and simmer on low heat until the gravy thickens and potatoes absorb the flavors. 6. Garnish and serve.",,kashmiri dum aloo,11,"2, 4, 7, 27, 28, 31, 42, 43, 46, 47, 50",YES,Swasthi's Recipes – Dum Aloo,Reputable website – adapted variant,https://www.indianhealthyrecipes.com/dum-aloo-recipe/,Base recipe adapted to predicted variety
dum_aloo,punjabi dum aloo,C:\recipe_project\images/dum_aloo/004f9f6b23.jpg; C:\recipe_project\images/dum_aloo/0f6f96ecec.jpg; C:\recipe_project\images/dum_aloo/10fe5ccdd8.jpg; C:\recipe_project\images/dum_aloo/17a54150df.jpg; C:\recipe_project\images/dum_aloo/26a68bb286.jpg; C:\recipe_project\images/dum_aloo/28aabc7748.jpg; C:\recipe_project\images/dum_aloo/2b18ac0978.jpg; C:\recipe_project\images/dum_aloo/30c7d7634d.jpg; C:\recipe_project\images/dum_aloo/32bdacd41c.jpg; C:\recipe_project\images/dum_aloo/33dd30f8ab.jpg; C:\recipe_project\images/dum_aloo/37a543a68d.jpg; C:\recipe_project\images/dum_aloo/37ece17b1b.jpg; C:\recipe_project\images/dum_aloo/37eef776dc.jpg; C:\recipe_project\images/dum_aloo/3c82492cd3.jpg; C:\recipe_project\images/dum_aloo/4ea0c40532.jpg; C:\recipe_project\images/dum_aloo/5a8d8c6b5e.jpg; C:\recipe_project\images/dum_aloo/5bc328a693.jpg; C:\recipe_project\images/dum_aloo/5bf364f531.jpg; C:\recipe_project\images/dum_aloo/5dae0bf91f.jpg; C:\recipe_project\images/dum_aloo/5e6266ac6a.jpg; C:\recipe_project\images/dum_aloo/5f51680cfa.jpg; C:\recipe_project\images/dum_aloo/6ae8ad7d36.jpg; C:\recipe_project\images/dum_aloo/7d7f562115.jpg; C:\recipe_project\images/dum_aloo/8b7471f41f.jpg; C:\recipe_project\images/dum_aloo/8d0df28ec6.jpg,,,,,,500 g baby potatoes; 2 tbsp oil; 1 tsp cumin; 1 tsp coriander powder; 1/2 tsp turmeric; 1 tsp chilli powder; 1/2 cup yogurt; 1 onion; 2 tomatoes; 1 tsp garam masala; salt; coriander,"1. Boil baby potatoes until just tender, peel and prick them. 2. Shallow-fry until lightly golden. 3. Prepare the onion-tomato or yogurt-based masala with the named regional spices. 4. Add potatoes and a little water. 5. Cover and simmer on low heat until the gravy thickens and potatoes absorb the flavors. 6. Garnish and serve.",,punjabi dum aloo,25,"1, 8, 9, 10, 14, 15, 16, 17, 18, 19, 21, 22, 23, 26, 32, 34, 35, 36, 37, 38, 39, 41, 44, 48, 49",YES,Swasthi's Recipes – Dum Aloo,Reputable website – adapted variant,https://www.indianhealthyrecipes.com/dum-aloo-recipe/,Base recipe adapted to predicted variety
Aloo Paratha,Bajra Aloo Paratha Recipe,C:\recipe_project\images/dum_aloo/07e5754946.jpg; C:\recipe_project\images/dum_aloo/0bd2f4732b.jpg; C:\recipe_project\images/dum_aloo/1a563b289c.jpg; C:\recipe_project\images/dum_aloo/1c07d7ceed.jpg; C:\recipe_project\images/dum_aloo/1efbacea88.jpg; C:\recipe_project\images/dum_aloo/35ec0bd783.jpg; C:\recipe_project\images/dum_aloo/3b9fc116e2.jpg; C:\recipe_project\images/dum_aloo/3c5134150a.jpg; C:\recipe_project\images/dum_aloo/4ba3dc724b.jpg; C:\recipe_project\images/dum_aloo/4c0e6406cd.jpg; C:\recipe_project\images/dum_aloo/5a2d8d8f82.jpg; C:\recipe_project\images/dum_aloo/6aac53c81b.jpg,Bajra is known to provide heat to the body and so the consumption of this grain in any form is usually done in winters. Bajra Aloo Paratha is one such delicacy which is very delicious and healthy and is made using millet flour which is flavoured with potato and seasoned with spices to enhance more of the flavours. It is an easy-to-cook recipe and can be served on its own or with any chutney of your choice. Bajra Aloo Paratha makes a perfect healthy breakfast for winters and an ideal meal to be carried in a lunch box.,Indian,Lunch,Vegetarian,Total in 45 M,"

							 		2 cups Bajra Flour ( Pearl Millet) 

							 		1/2 cup Whole Wheat Flour 

							 		1 cup Potatoes (Aloo)							 		, boiled and mashed							 	

							 		1 cup Methi Leaves (Fenugreek Leaves)							 		, chopped finely							 	

							 		1 teaspoon Green Chilli							 		, coarsely crushed							 	

							 		1 teaspoon Ginger							 		, grated							 	

							 		1/2 teaspoon Red Chilli powder 

							 		1/2 teaspoon Turmeric powder (Haldi) 

							 		1 teaspoon Cumin seeds (Jeera) 

							 		1/2 teaspoon Ajwain (Carom seeds) 

							 		1/2 teaspoon Chaat Masala Powder 

Salt							 		, to taste							 	

Lukewarm Water							 		, as required							 	

Oil							 		, for smearing							 	
","To begin with Bajra Aloo Paratha, firstly add all the ingredients in a large bowl and mix everything well.Gradually, add warm water little at a time and start kneading the dough. Knead well to form a soft dough.Divide the dough into equal sized balls depending upon the size of the paratha you prefer to make.Dust the ball well and roll out into a paratha depending upon the thickness you prefer.If you find it difficult to roll it with rolling pin, use your hands and pat the dusted ball uniformly to make parathas.Heat the griddle well. Gently place the rolled paratha on the griddle and cook until brown spots appear. Flip and cook.Apply oil and fry on both the sides until they are cooked well.Serve Bajra Aloo Paratha with Tomato Onion and Cucumber Raita and Dhaniya Pudina Chutney.",1.0,restaurant style dum aloo,12,"3, 5, 11, 12, 13, 20, 24, 25, 29, 30, 33, 40",YES,Original recipe dataset,Original dataset,,
gajar_ka_halwa,classic gajar ka halwa,C:\recipe_project\images/gajar_ka_halwa/0b18223d3f.jpg; C:\recipe_project\images/gajar_ka_halwa/1f5a4c9f85.jpg; C:\recipe_project\images/gajar_ka_halwa/2b22d04ca0.jpg; C:\recipe_project\images/gajar_ka_halwa/2dacf7a129.jpg; C:\recipe_project\images/gajar_ka_halwa/6ab4976553.jpg; C:\recipe_project\images/gajar_ka_halwa/6cbfb94807.jpg; C:\recipe_project\images/gajar_ka_halwa/7f667a3d88.jpg; C:\recipe_project\images/gajar_ka_halwa/8a5d566a39.jpg; C:\recipe_project\images/gajar_ka_halwa/8b453cf08d.jpg; C:\recipe_project\images/gajar_ka_halwa/8e11968802.jpg; C:\recipe_project\images/gajar_ka_halwa/8e15496a74.jpg; C:\recipe_project\images/gajar_ka_halwa/8fa2c00add.jpg; C:\recipe_project\images/gajar_ka_halwa/9f54710edb.jpg,,,,,,500 g grated carrots; 1/4 cup ghee; 200 g sugar; 1 tsp cardamom; 1/2 tsp cardamom,1. Heat ghee and sauté grated carrots for a few minutes. 2. Add milk where specified and cook until reduced. 3. Add sugar and cook until the mixture thickens. 4. Stir in khoya or dry fruits according to the named variant. 5. Add cardamom and cook until glossy. 6. Serve warm or chilled.,,classic gajar ka halwa,13,"2, 10, 16, 18, 35, 37, 41, 42, 43, 45, 46, 47, 50",YES,Archana's Kitchen – Gajar Halwa with Khoya,Reputable website – adapted variant,https://www.archanaskitchen.com/recipe/gajar-ka-halwa-recipe-with-khoya,Base recipe adapted to predicted variety
gajar_ka_halwa,dry fruit gajar ka halwa,C:\recipe_project\images/gajar_ka_halwa/08bcf83d09.jpg; C:\recipe_project\images/gajar_ka_halwa/0b936843f0.jpg; C:\recipe_project\images/gajar_ka_halwa/10a91bd6cc.jpg; C:\recipe_project\images/gajar_ka_halwa/11e667948f.jpg; C:\recipe_project\images/gajar_ka_halwa/17aa53e308.jpg; C:\recipe_project\images/gajar_ka_halwa/19eb1e1343.jpg; C:\recipe_project\images/gajar_ka_halwa/20fba242b0.jpg; C:\recipe_project\images/gajar_ka_halwa/29c2b0c1fb.jpg; C:\recipe_project\images/gajar_ka_halwa/35f27c0247.jpg; C:\recipe_project\images/gajar_ka_halwa/36ad77e8b4.jpg; C:\recipe_project\images/gajar_ka_halwa/3ac246365e.jpg; C:\recipe_project\images/gajar_ka_halwa/3ddaa8a6bf.jpg; C:\recipe_project\images/gajar_ka_halwa/3e783471c2.jpg; C:\recipe_project\images/gajar_ka_halwa/4c7d032045.jpg; C:\recipe_project\images/gajar_ka_halwa/4f1adc50a8.jpg; C:\recipe_project\images/gajar_ka_halwa/5c6f520559.jpg; C:\recipe_project\images/gajar_ka_halwa/5d35a4b525.jpg; C:\recipe_project\images/gajar_ka_halwa/5fb63befa8.jpg; C:\recipe_project\images/gajar_ka_halwa/6b0686833d.jpg; C:\recipe_project\images/gajar_ka_halwa/6e89e8661c.jpg; C:\recipe_project\images/gajar_ka_halwa/8d8bfc63d3.jpg; C:\recipe_project\images/gajar_ka_halwa/9beaa44495.jpg; C:\recipe_project\images/gajar_ka_halwa/9d5b98c069.jpg,,,,,,"500 g grated carrots; 1/4 cup ghee; 200 g sugar; 1/4 cup almonds, cashews and raisins; 1/2 tsp cardamom",1. Heat ghee and sauté grated carrots for a few minutes. 2. Add milk where specified and cook until reduced. 3. Add sugar and cook until the mixture thickens. 4. Stir in khoya or dry fruits according to the named variant. 5. Add cardamom and cook until glossy. 6. Serve warm or chilled.,,dry fruit gajar ka halwa,23,"1, 3, 4, 6, 7, 8, 11, 14, 20, 21, 22, 24, 26, 30, 31, 32, 33, 34, 36, 38, 44, 48, 49",YES,Archana's Kitchen – Gajar Halwa with Khoya,Reputable website – adapted variant,https://www.archanaskitchen.com/recipe/gajar-ka-halwa-recipe-with-khoya,Base recipe adapted to predicted variety
gajar_ka_halwa,khoya gajar ka halwa,C:\recipe_project\images/gajar_ka_halwa/10eb87f1ea.jpg; C:\recipe_project\images/gajar_ka_halwa/1ebaf95df7.jpg; C:\recipe_project\images/gajar_ka_halwa/26de8958c4.jpg; C:\recipe_project\images/gajar_ka_halwa/2ae3dfd4ba.jpg; C:\recipe_project\images/gajar_ka_halwa/2d948fcff4.jpg; C:\recipe_project\images/gajar_ka_halwa/2ebedc70f2.jpg; C:\recipe_project\images/gajar_ka_halwa/3c6e62dfee.jpg; C:\recipe_project\images/gajar_ka_halwa/3de9644cdb.jpg; C:\recipe_project\images/gajar_ka_halwa/3fd12255b5.jpg; C:\recipe_project\images/gajar_ka_halwa/40e140e721.jpg; C:\recipe_project\images/gajar_ka_halwa/4c4e206fe0.jpg; C:\recipe_project\images/gajar_ka_halwa/7e03780b90.jpg,,,,,,500 g grated carrots; 1/4 cup ghee; 200 g sugar; 150 g grated khoya; 1/2 tsp cardamom,1. Heat ghee and sauté grated carrots for a few minutes. 2. Add milk where specified and cook until reduced. 3. Add sugar and cook until the mixture thickens. 4. Stir in khoya or dry fruits according to the named variant. 5. Add cardamom and cook until glossy. 6. Serve warm or chilled.,,khoya gajar ka halwa,12,"5, 9, 13, 15, 17, 19, 23, 25, 27, 28, 29, 40",YES,Archana's Kitchen – Gajar Halwa with Khoya,Reputable website – adapted variant,https://www.archanaskitchen.com/recipe/gajar-ka-halwa-recipe-with-khoya,Base recipe adapted to predicted variety
gajar_ka_halwa,milk gajar ka halwa,C:\recipe_project\images/gajar_ka_halwa/21bf3d2c8b.jpg; C:\recipe_project\images/gajar_ka_halwa/7bb856bc6d.jpg,,,,,,500 g grated carrots; 1/4 cup ghee; 200 g sugar; 400 ml full-fat milk; 1/2 tsp cardamom,1. Heat ghee and sauté grated carrots for a few minutes. 2. Add milk where specified and cook until reduced. 3. Add sugar and cook until the mixture thickens. 4. Stir in khoya or dry fruits according to the named variant. 5. Add cardamom and cook until glossy. 6. Serve warm or chilled.,,milk gajar ka halwa,2,"12, 39",YES,Archana's Kitchen – Gajar Halwa with Khoya,Reputable website – adapted variant,https://www.archanaskitchen.com/recipe/gajar-ka-halwa-recipe-with-khoya,Base recipe adapted to predicted variety
ghevar,kesar ghevar,C:\recipe_project\images/ghevar/010be966d9.jpg; C:\recipe_project\images/ghevar/15e1e86dce.jpg; C:\recipe_project\images/ghevar/1f6703e926.jpg; C:\recipe_project\images/ghevar/26cc114b67.jpg; C:\recipe_project\images/ghevar/3ad233bfe0.jpg; C:\recipe_project\images/ghevar/3b1747a1f1.jpg; C:\recipe_project\images/ghevar/3e8b26214c.jpg; C:\recipe_project\images/ghevar/47d64d65ca.jpg; C:\recipe_project\images/ghevar/4a6eb367bd.jpg; C:\recipe_project\images/ghevar/58d9abba67.jpg; C:\recipe_project\images/ghevar/5e4e545675.jpg; C:\recipe_project\images/ghevar/5e6265b9ee.jpg; C:\recipe_project\images/ghevar/63d41c6fcb.jpg; C:\recipe_project\images/ghevar/68b6064651.jpg; C:\recipe_project\images/ghevar/6f3997fb8c.jpg; C:\recipe_project\images/ghevar/8f292c7d89.jpg; C:\recipe_project\images/ghevar/8f52854785.jpg; C:\recipe_project\images/ghevar/9fb15bda28.jpg,,,,,,1 cup maida; 1/4 cup ghee; 3 cups cold water; 1 tbsp milk; 1 cup sugar; saffron milk and 1/2 tsp cardamom; ghee/oil for frying,"1. Whisk ghee and flour until smooth. 2. Add cold water gradually to make a thin batter. 3. Heat ghee/oil in a deep wide pan and pour batter in a thin stream several times to build the honeycomb ghevar. 4. Fry until crisp and golden. 5. Drain and soak lightly with sugar syrup. 6. Add the named mava, malai, rabri or saffron topping and serve.",,kesar ghevar,18,"1, 6, 12, 14, 20, 21, 24, 27, 29, 33, 35, 36, 38, 39, 40, 46, 47, 50",YES,Swasthi's Recipes – Ghevar,Reputable website – adapted variant,https://www.indianhealthyrecipes.com/ghevar-recipe/,Base recipe adapted to predicted variety
ghevar,malai ghevar,C:\recipe_project\images/ghevar/0ed90bd46e.jpg; C:\recipe_project\images/ghevar/2ac3b35e94.jpg; C:\recipe_project\images/ghevar/2d0482db40.jpg; C:\recipe_project\images/ghevar/32ea218af4.jpg; C:\recipe_project\images/ghevar/3dd5d90191.jpg; C:\recipe_project\images/ghevar/3ffda1cfe8.jpg; C:\recipe_project\images/ghevar/42d474fc39.jpg; C:\recipe_project\images/ghevar/4f1437aaa9.jpg; C:\recipe_project\images/ghevar/52dd927d06.jpg; C:\recipe_project\images/ghevar/5fae72a1c5.jpg; C:\recipe_project\images/ghevar/6fe224a53d.jpg; C:\recipe_project\images/ghevar/7e73a2db98.jpg; C:\recipe_project\images/ghevar/7e9af7b3bc.jpg; C:\recipe_project\images/ghevar/8e047f36bb.jpg; C:\recipe_project\images/ghevar/9e360094ca.jpg,,,,,,1 cup maida; 1/4 cup ghee; 3 cups cold water; 1 tbsp milk; 1 cup sugar; 1 cup thickened malai/rabri; ghee/oil for frying,"1. Whisk ghee and flour until smooth. 2. Add cold water gradually to make a thin batter. 3. Heat ghee/oil in a deep wide pan and pour batter in a thin stream several times to build the honeycomb ghevar. 4. Fry until crisp and golden. 5. Drain and soak lightly with sugar syrup. 6. Add the named mava, malai, rabri or saffron topping and serve.",,malai ghevar,15,"4, 15, 16, 18, 22, 25, 26, 31, 32, 37, 41, 43, 44, 45, 49",YES,Swasthi's Recipes – Ghevar,Reputable website – adapted variant,https://www.indianhealthyrecipes.com/ghevar-recipe/,Base recipe adapted to predicted variety
ghevar,mava ghevar,C:\recipe_project\images/ghevar/06ab0d6aa8.jpg; C:\recipe_project\images/ghevar/18b1fc5590.jpg; C:\recipe_project\images/ghevar/1e0c1578e3.jpg; C:\recipe_project\images/ghevar/23f83cb080.jpg; C:\recipe_project\images/ghevar/4ee31f55c3.jpg; C:\recipe_project\images/ghevar/5a5a99cea6.jpg,,,,,,1 cup maida; 1/4 cup ghee; 3 cups cold water; 1 tbsp milk; 1 cup sugar; 100 g crumbled mava; ghee/oil for frying,"1. Whisk ghee and flour until smooth. 2. Add cold water gradually to make a thin batter. 3. Heat ghee/oil in a deep wide pan and pour batter in a thin stream several times to build the honeycomb ghevar. 4. Fry until crisp and golden. 5. Drain and soak lightly with sugar syrup. 6. Add the named mava, malai, rabri or saffron topping and serve.",,mava ghevar,6,"2, 7, 11, 13, 30, 34",YES,Swasthi's Recipes – Ghevar,Reputable website – adapted variant,https://www.indianhealthyrecipes.com/ghevar-recipe/,Base recipe adapted to predicted variety
ghevar,plain ghevar,C:\recipe_project\images/ghevar/0c4640fa88.jpg; C:\recipe_project\images/ghevar/0fb13e4431.jpg; C:\recipe_project\images/ghevar/1a4c6f4cf2.jpg; C:\recipe_project\images/ghevar/1c25438329.jpg; C:\recipe_project\images/ghevar/1d57aebd8e.jpg; C:\recipe_project\images/ghevar/33f55d8ccb.jpg; C:\recipe_project\images/ghevar/3e4797cb98.jpg; C:\recipe_project\images/ghevar/4a4438ea8f.jpg; C:\recipe_project\images/ghevar/70e8347ed6.jpg; C:\recipe_project\images/ghevar/9b3ad66fe9.jpg,,,,,,1 cup maida; 1/4 cup ghee; 3 cups cold water; 1 tbsp milk; 1 cup sugar; no extra topping; ghee/oil for frying,"1. Whisk ghee and flour until smooth. 2. Add cold water gradually to make a thin batter. 3. Heat ghee/oil in a deep wide pan and pour batter in a thin stream several times to build the honeycomb ghevar. 4. Fry until crisp and golden. 5. Drain and soak lightly with sugar syrup. 6. Add the named mava, malai, rabri or saffron topping and serve.",,plain ghevar,10,"3, 5, 8, 9, 10, 19, 23, 28, 42, 48",YES,Swasthi's Recipes – Ghevar,Reputable website – adapted variant,https://www.indianhealthyrecipes.com/ghevar-recipe/,Base recipe adapted to predicted variety
ghevar,rabri ghevar,C:\recipe_project\images/ghevar/2d6afa9288.jpg,,,,,,1 cup maida; 1/4 cup ghee; 3 cups cold water; 1 tbsp milk; 1 cup sugar; 1 cup rabri; ghee/oil for frying,"1. Whisk ghee and flour until smooth. 2. Add cold water gradually to make a thin batter. 3. Heat ghee/oil in a deep wide pan and pour batter in a thin stream several times to build the honeycomb ghevar. 4. Fry until crisp and golden. 5. Drain and soak lightly with sugar syrup. 6. Add the named mava, malai, rabri or saffron topping and serve.",,rabri ghevar,1,17,YES,Swasthi's Recipes – Ghevar,Reputable website – adapted variant,https://www.indianhealthyrecipes.com/ghevar-recipe/,Base recipe adapted to predicted variety
Gulab Jamun,Royal Bread Gulab Jamun Recipe,C:\recipe_project\images/gulab_jamun/07ac023be3.jpg; C:\recipe_project\images/gulab_jamun/0d3d36aaf7.jpg; C:\recipe_project\images/gulab_jamun/2e22f7c8de.jpg; C:\recipe_project\images/gulab_jamun/2e56b97c6a.jpg; C:\recipe_project\images/gulab_jamun/5cac631fbd.jpg; C:\recipe_project\images/gulab_jamun/8ba25896f8.jpg; C:\recipe_project\images/gulab_jamun/8fd9b7f132.jpg; C:\recipe_project\images/gulab_jamun/9c70d9a3ff.jpg,The Royal Bread Gulab Jamun Recipe is a very simple yet super delicious dessert that is made from milk bread and khoya and perfectly soaked in sugar syrup for the right sweetness.  I love to make this every time I have someone over for dinner that is unplanned. The Bread Gulab Jamun is a quick and easy recipe to make.,Indian,Dessert,Vegetarian,Total in 40 M,"

							 		24 Whole Wheat Brown Bread 

							 		1 cup Milk 

							 		150 grams Khoya (Mawa) 

							 		1 cup Sugar 

							 		1/4 cup Whole Almonds (Badam)							 		, finely chopped							 	

Ghee							 		, for deep frying							 	
","To begin making the Royal Bread Gulab Jamun Recipe, first combine the khoya and chopped dry fruits in a bowl and keep aside.Cut out the sides of the milk bread.Now dip each bread slice in milk and squeeze out the milk.Knead the bread slices to make a soft dough. Knead the dough well and make small balls with the bread dough.Flatten the dough in the palm of your hands and place a small portion of the khoya and nuts mixture in the center. Seal and cover the jamun and make small round balls.Proceed the same way with the remaining dough portions.In a saucepan, heat the sugar with 2 cups water and make a syrup of one string consistency. Keep this aside.Heat oil or ghee for deep frying over medium heat. Once the oil is heated, deep fry the bread jamun balls in the ghee until it turns golden brown. Drain the excess oil and dip the Bread Jamuns in the sugar syrup.Allow the jamuns to soak well into the syrup and fluff up. Once its absorbed the syrup and fluffed up the Bread Jamuns are ready to be served.Serve the Bread Gulab Jamun for a party at home or even for special occasions and festivals like Diwali, Holi and Raksha Bandhan.",1.0,bread gulab jamun,8,"3, 12, 26, 27, 34, 44, 47, 50",YES,Original recipe dataset,Original dataset,,
Gulab Jamun,Homemade Easy Gulab Jamun Recipe - Delicious & Tasty,C:\recipe_project\images/gulab_jamun/2f2111c5db.jpg; C:\recipe_project\images/gulab_jamun/3bdd77d45e.jpg; C:\recipe_project\images/gulab_jamun/6d4d58fb54.jpg,This Gulab Jamun Recipe is going to be a keeper with a Royal delicious taste. It is are packed with flavours from the light gulab jal and saffron giving it a royal touch.,North Indian Recipes,Dessert,Vegetarian,Total in 45 M,"
For the Jamuns

							 		250 grams Milk Powder 

							 		120 grams All Purpose Flour (Maida) 

							 		1/2 teaspoon Cardamom Powder (Elaichi) 

							 		1/4 teaspoon Baking soda 

							 		200 ml Fresh cream 

							 		2 tablespoons Ghee 

Oil							 		, for deep frying							 	
For the Gubal Jal (Rose Water)

							 		400 grams Sugar 

							 		600 ml Water 

							 		2 tablespoons Rose water 

							 		1/4 teaspoon Saffron strands 
","To begin making the Gulab Jamun Recipe, get all the ingredients ready.Preheat the oil for deep frying. Into a large mixing bowl, add all the dry ingredients - milk powder, maida, sugar, soda and cardamom powder. Add the cream and mix well to combine until you get a dough like consistency.The Gulab Jamun mixture will be a little sticky and this is the nature of it, as the milk powder has sweet which will cause this.Grease your fingers with oil and start shaping the Gulab Jamuns into tiny balls little larger than an Indian gooseberry / amla. Once you have shaped all the Gulab Jamun dough, we will now begin to start deep frying.Slide the Gulab Jamuns into the pre heated oil and deep fry on medium heat until all the jamuns are fried until golden brown. It will take close to 5 minutes to fry a batch of jamuns over medium heat.Once fried strain them into kitchen paper towels and keep aside.Parallely, into a large wide bowl heat the water and sugar. Allow the sugar to dissolve completely.Once the sugar dissolves, add the rose water and a large pinch of saffron. Give the Gulab Jal water a brisk boil for about 2 to 3 minutes and turn off the heat.Add the fried Gulab Jamuns into the hot gulab jal water and allow it to soak for about 2 hours. The Gulab Jamuns will expand and soak in the water and fluff up.So ensure you keep some room in the gulab jal water bowl for this expansion.  If required soak it in two bowls.Cover the pan while the gulab jamun us soaking so it becomes soft. Half way through the soaking process, turn the Gulab Jamuns around so all the sides get evenly soaked.Once soaked, the Gulab Jamuns are ready to be served.Serve the Gulab Jamuns hot or cold as a dessert after a delicious meal.",1.0,dry gulab jamun,3,"29, 30, 37",YES,Original recipe dataset,Original dataset,,
gulab_jamun,kala jamun,C:\recipe_project\images/gulab_jamun/06b493f201.jpg; C:\recipe_project\images/gulab_jamun/2c767ec203.jpg; C:\recipe_project\images/gulab_jamun/8acedcc3f3.jpg,,,,,,200 g khoya/mawa; 2 tbsp paneer; 2 tbsp maida; 1/4 tsp baking powder; 1 tsp milk as needed; oil/ghee for frying; 1 cup sugar; 1 cup water; 3 cardamoms; saffron optional,"1. Mix khoya, paneer, maida and baking powder into a soft dough. 2. Shape small smooth balls without cracks. 3. Fry on low-medium heat until deep brown. 4. Make a light sugar syrup with sugar, water and cardamom. 5. Soak the fried jamuns in warm syrup for at least 1 hour. 6. Serve warm or chilled.",,kala jamun,3,"2, 25, 43",YES,Swasthi's Recipes – Khoya Gulab Jamun,Reputable website – adapted variant,https://www.indianhealthyrecipes.com/khoya-gulab-jamun-recipe/,Base recipe adapted to predicted variety
Gulab Jamun,Homemade Easy Gulab Jamun Recipe - Delicious & Tasty,C:\recipe_project\images/gulab_jamun/0a8b79f96d.jpg; C:\recipe_project\images/gulab_jamun/0ad2cb5741.jpg; C:\recipe_project\images/gulab_jamun/1d0637e84d.jpg; C:\recipe_project\images/gulab_jamun/2e8e827545.jpg; C:\recipe_project\images/gulab_jamun/7f67f6fa4c.jpg,This Gulab Jamun Recipe is going to be a keeper with a Royal delicious taste. It is are packed with flavours from the light gulab jal and saffron giving it a royal touch.,North Indian Recipes,Dessert,Vegetarian,Total in 45 M,"
For the Jamuns

							 		250 grams Milk Powder 

							 		120 grams All Purpose Flour (Maida) 

							 		1/2 teaspoon Cardamom Powder (Elaichi) 

							 		1/4 teaspoon Baking soda 

							 		200 ml Fresh cream 

							 		2 tablespoons Ghee 

Oil							 		, for deep frying							 	
For the Gubal Jal (Rose Water)

							 		400 grams Sugar 

							 		600 ml Water 

							 		2 tablespoons Rose water 

							 		1/4 teaspoon Saffron strands 
","To begin making the Gulab Jamun Recipe, get all the ingredients ready.Preheat the oil for deep frying. Into a large mixing bowl, add all the dry ingredients - milk powder, maida, sugar, soda and cardamom powder. Add the cream and mix well to combine until you get a dough like consistency.The Gulab Jamun mixture will be a little sticky and this is the nature of it, as the milk powder has sweet which will cause this.Grease your fingers with oil and start shaping the Gulab Jamuns into tiny balls little larger than an Indian gooseberry / amla. Once you have shaped all the Gulab Jamun dough, we will now begin to start deep frying.Slide the Gulab Jamuns into the pre heated oil and deep fry on medium heat until all the jamuns are fried until golden brown. It will take close to 5 minutes to fry a batch of jamuns over medium heat.Once fried strain them into kitchen paper towels and keep aside.Parallely, into a large wide bowl heat the water and sugar. Allow the sugar to dissolve completely.Once the sugar dissolves, add the rose water and a large pinch of saffron. Give the Gulab Jal water a brisk boil for about 2 to 3 minutes and turn off the heat.Add the fried Gulab Jamuns into the hot gulab jal water and allow it to soak for about 2 hours. The Gulab Jamuns will expand and soak in the water and fluff up.So ensure you keep some room in the gulab jal water bowl for this expansion.  If required soak it in two bowls.Cover the pan while the gulab jamun us soaking so it becomes soft. Half way through the soaking process, turn the Gulab Jamuns around so all the sides get evenly soaked.Once soaked, the Gulab Jamuns are ready to be served.Serve the Gulab Jamuns hot or cold as a dessert after a delicious meal.",1.0,plain gulab jamun,5,"8, 9, 20, 28, 41",YES,Original recipe dataset,Original dataset,,
Gulab Jamun,Homemade Easy Gulab Jamun Recipe - Delicious & Tasty,C:\recipe_project\images/gulab_jamun/03e3d2fccb.jpg; C:\recipe_project\images/gulab_jamun/07c3926a13.jpg; C:\recipe_project\images/gulab_jamun/09d9a0cae7.jpg; C:\recipe_project\images/gulab_jamun/0a5c8e672d.jpg; C:\recipe_project\images/gulab_jamun/0a66e750db.jpg; C:\recipe_project\images/gulab_jamun/0b8d448b1c.jpg; C:\recipe_project\images/gulab_jamun/0c53db95ff.jpg; C:\recipe_project\images/gulab_jamun/0d6bf9db5c.jpg; C:\recipe_project\images/gulab_jamun/0d7ce09f3a.jpg; C:\recipe_project\images/gulab_jamun/0e54a8f638.jpg; C:\recipe_project\images/gulab_jamun/0f36acf1ce.jpg; C:\recipe_project\images/gulab_jamun/1b3323c25f.jpg; C:\recipe_project\images/gulab_jamun/1b6060cb40.jpg; C:\recipe_project\images/gulab_jamun/1c6628fa77.jpg; C:\recipe_project\images/gulab_jamun/1e2e6e290b.jpg; C:\recipe_project\images/gulab_jamun/1e42656520.jpg; C:\recipe_project\images/gulab_jamun/1f57605b9c.jpg; C:\recipe_project\images/gulab_jamun/2a8f099caf.jpg; C:\recipe_project\images/gulab_jamun/3ce717f6dd.jpg; C:\recipe_project\images/gulab_jamun/4b583504d9.jpg; C:\recipe_project\images/gulab_jamun/5bda74fb06.jpg; C:\recipe_project\images/gulab_jamun/5d5548e5dd.jpg; C:\recipe_project\images/gulab_jamun/6c64fc4c3e.jpg; C:\recipe_project\images/gulab_jamun/7d49d6c8b0.jpg; C:\recipe_project\images/gulab_jamun/7d8b3ac334.jpg; C:\recipe_project\images/gulab_jamun/7e0abab96f.jpg; C:\recipe_project\images/gulab_jamun/7f873042d8.jpg; C:\recipe_project\images/gulab_jamun/8f6fe716ca.jpg; C:\recipe_project\images/gulab_jamun/8fa75b918e.jpg; C:\recipe_project\images/gulab_jamun/9a2b27e4ac.jpg; C:\recipe_project\images/gulab_jamun/9c4390db63.jpg,This Gulab Jamun Recipe is going to be a keeper with a Royal delicious taste. It is are packed with flavours from the light gulab jal and saffron giving it a royal touch.,North Indian Recipes,Dessert,Vegetarian,Total in 45 M,"
For the Jamuns

							 		250 grams Milk Powder 

							 		120 grams All Purpose Flour (Maida) 

							 		1/2 teaspoon Cardamom Powder (Elaichi) 

							 		1/4 teaspoon Baking soda 

							 		200 ml Fresh cream 

							 		2 tablespoons Ghee 

Oil							 		, for deep frying							 	
For the Gubal Jal (Rose Water)

							 		400 grams Sugar 

							 		600 ml Water 

							 		2 tablespoons Rose water 

							 		1/4 teaspoon Saffron strands 
","To begin making the Gulab Jamun Recipe, get all the ingredients ready.Preheat the oil for deep frying. Into a large mixing bowl, add all the dry ingredients - milk powder, maida, sugar, soda and cardamom powder. Add the cream and mix well to combine until you get a dough like consistency.The Gulab Jamun mixture will be a little sticky and this is the nature of it, as the milk powder has sweet which will cause this.Grease your fingers with oil and start shaping the Gulab Jamuns into tiny balls little larger than an Indian gooseberry / amla. Once you have shaped all the Gulab Jamun dough, we will now begin to start deep frying.Slide the Gulab Jamuns into the pre heated oil and deep fry on medium heat until all the jamuns are fried until golden brown. It will take close to 5 minutes to fry a batch of jamuns over medium heat.Once fried strain them into kitchen paper towels and keep aside.Parallely, into a large wide bowl heat the water and sugar. Allow the sugar to dissolve completely.Once the sugar dissolves, add the rose water and a large pinch of saffron. Give the Gulab Jal water a brisk boil for about 2 to 3 minutes and turn off the heat.Add the fried Gulab Jamuns into the hot gulab jal water and allow it to soak for about 2 hours. The Gulab Jamuns will expand and soak in the water and fluff up.So ensure you keep some room in the gulab jal water bowl for this expansion.  If required soak it in two bowls.Cover the pan while the gulab jamun us soaking so it becomes soft. Half way through the soaking process, turn the Gulab Jamuns around so all the sides get evenly soaked.Once soaked, the Gulab Jamuns are ready to be served.Serve the Gulab Jamuns hot or cold as a dessert after a delicious meal.",1.0,stuffed gulab jamun,31,"1, 4, 5, 6, 7, 10, 11, 13, 14, 15, 16, 17, 18, 19, 21, 22, 23, 24, 31, 32, 33, 35, 36, 38, 39, 40, 42, 45, 46, 48, 49",YES,Original recipe dataset,Original dataset,,
jalebi,crispy jalebi,C:\recipe_project\images/jalebi/c81b531e3b.jpg; C:\recipe_project\images/jalebi/fc76db8fe9.jpg,,,,,,1 cup maida; 2 tbsp cornflour; 1/2 cup yogurt; water as needed; a pinch baking soda; 1 cup sugar; 1/2 cup water; saffron/cardamom; 1 tbsp cornflour; oil/ghee for frying,"1. Mix maida, cornflour, yogurt and water into a thick batter and rest until lightly fermented. 2. Prepare one-string sugar syrup with sugar, water and cardamom or saffron. 3. Pour batter into a squeeze bottle or piping bag. 4. Pipe spirals into medium-hot oil and fry until crisp. 5. Dip immediately in warm syrup and remove. 6. Serve plain or with rabri as named.",,crispy jalebi,2,"14, 48",YES,Archana's Kitchen – Homemade Jalebi,Reputable website – adapted variant,https://www.archanaskitchen.com/recipe/homemade-jalebi,Base recipe adapted to predicted variety
jalebi,mawa jalebi,C:\recipe_project\images/jalebi/b26152c6ff.jpg; C:\recipe_project\images/jalebi/e743bfb7c7.jpg,,,,,,1 cup maida; 2 tbsp cornflour; 1/2 cup yogurt; water as needed; a pinch baking soda; 1 cup sugar; 1/2 cup water; saffron/cardamom; 100 g khoya mixed into the batter; oil/ghee for frying,"1. Mix maida, cornflour, yogurt and water into a thick batter and rest until lightly fermented. 2. Prepare one-string sugar syrup with sugar, water and cardamom or saffron. 3. Pour batter into a squeeze bottle or piping bag. 4. Pipe spirals into medium-hot oil and fry until crisp. 5. Dip immediately in warm syrup and remove. 6. Serve plain or with rabri as named.",,mawa jalebi,2,"1, 26",YES,Archana's Kitchen – Homemade Jalebi,Reputable website – adapted variant,https://www.archanaskitchen.com/recipe/homemade-jalebi,Base recipe adapted to predicted variety
jalebi,plain jalebi,C:\recipe_project\images/jalebi/b938e6d859.jpg; C:\recipe_project\images/jalebi/bc7cb51b1b.jpg; C:\recipe_project\images/jalebi/bd71cd9421.jpg; C:\recipe_project\images/jalebi/c03d515fd6.jpg; C:\recipe_project\images/jalebi/c3f4802953.jpg; C:\recipe_project\images/jalebi/c44ca0c20c.jpg; C:\recipe_project\images/jalebi/c479c85e7e.jpg; C:\recipe_project\images/jalebi/c553d9bbaa.jpg; C:\recipe_project\images/jalebi/c5c9efc8a1.jpg; C:\recipe_project\images/jalebi/c6dc9c5ebc.jpg; C:\recipe_project\images/jalebi/c7069ac05f.jpg; C:\recipe_project\images/jalebi/c7b505441e.jpg; C:\recipe_project\images/jalebi/c88031897b.jpg; C:\recipe_project\images/jalebi/cb4adc4473.jpg; C:\recipe_project\images/jalebi/d1d9fdc420.jpg; C:\recipe_project\images/jalebi/d60a8b7078.jpg; C:\recipe_project\images/jalebi/dad0ed9673.jpg; C:\recipe_project\images/jalebi/dc0b42be9a.jpg; C:\recipe_project\images/jalebi/e12f093ca3.jpg; C:\recipe_project\images/jalebi/e290e501aa.jpg; C:\recipe_project\images/jalebi/e40d15cdd7.jpg; C:\recipe_project\images/jalebi/e41e92a801.jpg; C:\recipe_project\images/jalebi/e43cc863ba.jpg; C:\recipe_project\images/jalebi/ea5291bc30.jpg; C:\recipe_project\images/jalebi/ec02cd1e2f.jpg; C:\recipe_project\images/jalebi/ec1dc3295c.jpg; C:\recipe_project\images/jalebi/ed8c0f52c4.jpg; C:\recipe_project\images/jalebi/ee06f2da2c.jpg; C:\recipe_project\images/jalebi/f086bfe68e.jpg; C:\recipe_project\images/jalebi/f2e4eed7f2.jpg; C:\recipe_project\images/jalebi/f32e491496.jpg; C:\recipe_project\images/jalebi/f380b33ddd.jpg; C:\recipe_project\images/jalebi/f70c60ad43.jpg; C:\recipe_project\images/jalebi/f7217dcbec.jpg; C:\recipe_project\images/jalebi/f78e5cd923.jpg; C:\recipe_project\images/jalebi/f87c1aa9d8.jpg; C:\recipe_project\images/jalebi/f904250377.jpg; C:\recipe_project\images/jalebi/f9c69c0710.jpg; C:\recipe_project\images/jalebi/fa177f0ede.jpg; C:\recipe_project\images/jalebi/fa20aabb2a.jpg; C:\recipe_project\images/jalebi/fbeee213a2.jpg; C:\recipe_project\images/jalebi/fc6f675d02.jpg; C:\recipe_project\images/jalebi/fec8564391.jpg; C:\recipe_project\images/jalebi/ff8e19229e.jpg,,,,,,1 cup maida; 2 tbsp cornflour; 1/2 cup yogurt; water as needed; a pinch baking soda; 1 cup sugar; 1/2 cup water; saffron/cardamom; ; oil/ghee for frying,"1. Mix maida, cornflour, yogurt and water into a thick batter and rest until lightly fermented. 2. Prepare one-string sugar syrup with sugar, water and cardamom or saffron. 3. Pour batter into a squeeze bottle or piping bag. 4. Pipe spirals into medium-hot oil and fry until crisp. 5. Dip immediately in warm syrup and remove. 6. Serve plain or with rabri as named.",,plain jalebi,44,"2, 3, 4, 5, 6, 7, 8, 9, 10, 11, 12, 13, 15, 16, 17, 18, 19, 20, 21, 22, 23, 24, 25, 27, 28, 29, 30, 31, 32, 33, 34, 35, 36, 37, 39, 40, 42, 43, 44, 45, 46, 47, 49, 50",YES,Archana's Kitchen – Homemade Jalebi,Reputable website – adapted variant,https://www.archanaskitchen.com/recipe/homemade-jalebi,Base recipe adapted to predicted variety
jalebi,rabri jalebi,C:\recipe_project\images/jalebi/f76926b5d1.jpg; C:\recipe_project\images/jalebi/f8b7967fda.jpg,,,,,,1 cup maida; 2 tbsp cornflour; 1/2 cup yogurt; water as needed; a pinch baking soda; 1 cup sugar; 1/2 cup water; saffron/cardamom; 1 cup rabri for serving; oil/ghee for frying,"1. Mix maida, cornflour, yogurt and water into a thick batter and rest until lightly fermented. 2. Prepare one-string sugar syrup with sugar, water and cardamom or saffron. 3. Pour batter into a squeeze bottle or piping bag. 4. Pipe spirals into medium-hot oil and fry until crisp. 5. Dip immediately in warm syrup and remove. 6. Serve plain or with rabri as named.",,rabri jalebi,2,"38, 41",YES,Archana's Kitchen – Homemade Jalebi,Reputable website – adapted variant,https://www.archanaskitchen.com/recipe/homemade-jalebi,Base recipe adapted to predicted variety
kachori,aloo kachori,C:\recipe_project\images/kachori/14bfa0e7c6.jpg; C:\recipe_project\images/kachori/5e7c697cf7.jpg; C:\recipe_project\images/kachori/8f3d41958d.jpg; C:\recipe_project\images/kachori/8ffc14ee8a.jpg,,,,,,1 cup wheat/maida flour; 2 tbsp ghee; salt; water; 2 boiled potatoes; cumin; chilli; amchur; garam masala; oil for frying,"1. Mix flour, ghee and salt and knead a soft dough; rest 15 minutes. 2. Cook the named filling with its spices until dry and cool. 3. Divide dough, flatten each ball and fill. 4. Seal and gently roll into a thick disc. 5. Deep-fry on medium-low heat until crisp and golden. 6. For raj kachori, make a larger crisp shell and fill with potato, kala chana, moong, curd, chutneys and sev.",,aloo kachori,4,"10, 33, 41, 45",YES,Archana's Kitchen – Kachori recipes,Reputable website – adapted variant,https://www.archanaskitchen.com/tags/kachori-recipes,Base recipe adapted to predicted variety
kachori,dal kachori,C:\recipe_project\images/kachori/11ed9a902a.jpg; C:\recipe_project\images/kachori/1b4fbf644d.jpg; C:\recipe_project\images/kachori/3b834b22d5.jpg; C:\recipe_project\images/kachori/4b82bdbdc1.jpg; C:\recipe_project\images/kachori/4f477f390b.jpg; C:\recipe_project\images/kachori/6cc8403f7d.jpg; C:\recipe_project\images/kachori/7f1285c61d.jpg; C:\recipe_project\images/kachori/7f2189502d.jpg; C:\recipe_project\images/kachori/9c229ad26b.jpg; C:\recipe_project\images/kachori/9f8c9e23cf.jpg,,,,,,1 cup wheat/maida flour; 2 tbsp ghee; salt; water; 1 cup soaked moong/urad dal; fennel; chilli; garam masala; oil for frying,"1. Mix flour, ghee and salt and knead a soft dough; rest 15 minutes. 2. Cook the named filling with its spices until dry and cool. 3. Divide dough, flatten each ball and fill. 4. Seal and gently roll into a thick disc. 5. Deep-fry on medium-low heat until crisp and golden. 6. For raj kachori, make a larger crisp shell and fill with potato, kala chana, moong, curd, chutneys and sev.",,dal kachori,10,"8, 12, 17, 28, 31, 35, 38, 39, 47, 50",YES,Archana's Kitchen – Kachori recipes,Reputable website – adapted variant,https://www.archanaskitchen.com/tags/kachori-recipes,Base recipe adapted to predicted variety
kachori,matar kachori,C:\recipe_project\images/kachori/00ab643520.jpg; C:\recipe_project\images/kachori/0d6461bb49.jpg; C:\recipe_project\images/kachori/0dd73a4ca5.jpg; C:\recipe_project\images/kachori/0dddfcb42d.jpg; C:\recipe_project\images/kachori/0f67dc615e.jpg; C:\recipe_project\images/kachori/0fdb6f9685.jpg; C:\recipe_project\images/kachori/13a52289d5.jpg; C:\recipe_project\images/kachori/2ebbaa7baa.jpg; C:\recipe_project\images/kachori/3c7a9f5243.jpg; C:\recipe_project\images/kachori/3d0b446af6.jpg; C:\recipe_project\images/kachori/3d6b378fdb.jpg; C:\recipe_project\images/kachori/3f8dbe3aaf.jpg; C:\recipe_project\images/kachori/4acf901e55.jpg; C:\recipe_project\images/kachori/4d61236506.jpg; C:\recipe_project\images/kachori/4dbc8f9e56.jpg; C:\recipe_project\images/kachori/4fe25df782.jpg; C:\recipe_project\images/kachori/6d7d0294c4.jpg; C:\recipe_project\images/kachori/7baacb6058.jpg; C:\recipe_project\images/kachori/8f6160ddb7.jpg; C:\recipe_project\images/kachori/8f73868f4c.jpg; C:\recipe_project\images/kachori/8f749ee6db.jpg; C:\recipe_project\images/kachori/9a3f839be5.jpg; C:\recipe_project\images/kachori/9f767ef37a.jpg,,,,,,1 cup wheat/maida flour; 2 tbsp ghee; salt; water; 1 cup peas; ginger; garlic; fennel; amchur; oil for frying,"1. Mix flour, ghee and salt and knead a soft dough; rest 15 minutes. 2. Cook the named filling with its spices until dry and cool. 3. Divide dough, flatten each ball and fill. 4. Seal and gently roll into a thick disc. 5. Deep-fry on medium-low heat until crisp and golden. 6. For raj kachori, make a larger crisp shell and fill with potato, kala chana, moong, curd, chutneys and sev.",,matar kachori,23,"1, 3, 4, 5, 6, 7, 9, 16, 18, 19, 20, 22, 24, 29, 30, 32, 36, 37, 42, 43, 44, 46, 49",YES,Archana's Kitchen – Kachori recipes,Reputable website – adapted variant,https://www.archanaskitchen.com/tags/kachori-recipes,Base recipe adapted to predicted variety
kachori,pyaz kachori,C:\recipe_project\images/kachori/0c94df292a.jpg; C:\recipe_project\images/kachori/1a632e7ca5.jpg; C:\recipe_project\images/kachori/1c9b5f93d3.jpg; C:\recipe_project\images/kachori/2ca5721444.jpg; C:\recipe_project\images/kachori/3e37321f7c.jpg; C:\recipe_project\images/kachori/3ff1c2e599.jpg; C:\recipe_project\images/kachori/4aef09ee94.jpg; C:\recipe_project\images/kachori/4b51a8b1ab.jpg; C:\recipe_project\images/kachori/4b67ee352d.jpg; C:\recipe_project\images/kachori/5ee04e7c6d.jpg; C:\recipe_project\images/kachori/8d64ca3222.jpg; C:\recipe_project\images/kachori/9e82b77852.jpg,,,,,,1 cup wheat/maida flour; 2 tbsp ghee; salt; water; 1 cup chopped onion; fennel; chilli; amchur; garam masala; oil for frying,"1. Mix flour, ghee and salt and knead a soft dough; rest 15 minutes. 2. Cook the named filling with its spices until dry and cool. 3. Divide dough, flatten each ball and fill. 4. Seal and gently roll into a thick disc. 5. Deep-fry on medium-low heat until crisp and golden. 6. For raj kachori, make a larger crisp shell and fill with potato, kala chana, moong, curd, chutneys and sev.",,pyaz kachori,12,"2, 11, 13, 15, 21, 23, 25, 26, 27, 34, 40, 48",YES,Archana's Kitchen – Kachori recipes,Reputable website – adapted variant,https://www.archanaskitchen.com/tags/kachori-recipes,Base recipe adapted to predicted variety
kachori,raj kachori,C:\recipe_project\images/kachori/2c7d6acdbc.jpg,,,,,,"1 cup wheat/maida flour; 2 tbsp ghee; salt; water; potato, kala chana, moong, curd, chutneys and sev; oil for frying","1. Mix flour, ghee and salt and knead a soft dough; rest 15 minutes. 2. Cook the named filling with its spices until dry and cool. 3. Divide dough, flatten each ball and fill. 4. Seal and gently roll into a thick disc. 5. Deep-fry on medium-low heat until crisp and golden. 6. For raj kachori, make a larger crisp shell and fill with potato, kala chana, moong, curd, chutneys and sev.",,raj kachori,1,14,YES,Archana's Kitchen – Kachori recipes,Reputable website – adapted variant,https://www.archanaskitchen.com/tags/kachori-recipes,Base recipe adapted to predicted variety
kadai_paneer,classic kadai paneer,C:\recipe_project\images/kadai_paneer/1d57fc1de0.jpg; C:\recipe_project\images/kadai_paneer/1e44178ada.jpg; C:\recipe_project\images/kadai_paneer/1e65644574.jpg; C:\recipe_project\images/kadai_paneer/2e89a3158d.jpg; C:\recipe_project\images/kadai_paneer/2f06e4f192.jpg; C:\recipe_project\images/kadai_paneer/3b10fa09aa.jpg; C:\recipe_project\images/kadai_paneer/3b85995113.jpg; C:\recipe_project\images/kadai_paneer/3b9b122cc9.jpg; C:\recipe_project\images/kadai_paneer/3e7c8dd7d1.jpg; C:\recipe_project\images/kadai_paneer/4ab9e29231.jpg; C:\recipe_project\images/kadai_paneer/4b092097f1.jpg; C:\recipe_project\images/kadai_paneer/4cbc198f38.jpg; C:\recipe_project\images/kadai_paneer/5a578d8ed7.jpg; C:\recipe_project\images/kadai_paneer/7d19d30586.jpg; C:\recipe_project\images/kadai_paneer/8d4218b0e4.jpg; C:\recipe_project\images/kadai_paneer/9cc9408339.jpg; C:\recipe_project\images/kadai_paneer/9fd537dd7c.jpg,,,,,,200–250 g paneer; 1 onion; 1/2 cup capsicum; 1 1/2 cups tomatoes; 1 1/2 tbsp coriander seeds; 1–2 dried red chillies; 1 tsp fennel; 2 cardamoms; 2 cloves; 1/4 inch cinnamon; 1 tsp ginger-garlic paste; 1/2 tsp garam masala; 1 tsp kasuri methi; 1 cup tomato-onion gravy; oil; salt,"1. Dry-roast coriander seeds, chilli, fennel, cardamom, cloves and cinnamon; grind to kadai masala. 2. Sauté onion, capsicum and paneer briefly; reserve. 3. Cook tomatoes with ginger-garlic and the ground masala. 4. Add the amount of water or cream for the named variant and simmer until the desired consistency is reached. 5. Add paneer, capsicum, kasuri methi and garam masala. 6. Cook briefly and serve.",,classic kadai paneer,17,"11, 12, 14, 18, 19, 21, 23, 24, 25, 28, 29, 31, 34, 38, 44, 46, 50",YES,Swasthi's Recipes – Kadai Paneer,Reputable website – adapted variant,https://www.indianhealthyrecipes.com/kadai-paneer-gravy-recipe/,Base recipe adapted to predicted variety
kadai_paneer,dry kadai paneer,C:\recipe_project\images/kadai_paneer/0d8674058e.jpg; C:\recipe_project\images/kadai_paneer/18f788bacc.jpg; C:\recipe_project\images/kadai_paneer/1e6143c426.jpg; C:\recipe_project\images/kadai_paneer/2ab177f7bf.jpg; C:\recipe_project\images/kadai_paneer/36e259fa2e.jpg; C:\recipe_project\images/kadai_paneer/3b5fde717f.jpg; C:\recipe_project\images/kadai_paneer/7f7a1e792c.jpg; C:\recipe_project\images/kadai_paneer/9f4f362b23.jpg,,,,,,200–250 g paneer; 1 onion; 1/2 cup capsicum; 1 1/2 cups tomatoes; 1 1/2 tbsp coriander seeds; 1–2 dried red chillies; 1 tsp fennel; 2 cardamoms; 2 cloves; 1/4 inch cinnamon; 1 tsp ginger-garlic paste; 1/2 tsp garam masala; 1 tsp kasuri methi; 1/2 cup water; oil; salt,"1. Dry-roast coriander seeds, chilli, fennel, cardamom, cloves and cinnamon; grind to kadai masala. 2. Sauté onion, capsicum and paneer briefly; reserve. 3. Cook tomatoes with ginger-garlic and the ground masala. 4. Add the amount of water or cream for the named variant and simmer until the desired consistency is reached. 5. Add paneer, capsicum, kasuri methi and garam masala. 6. Cook briefly and serve.",,dry kadai paneer,8,"6, 8, 13, 17, 20, 22, 40, 49",YES,Swasthi's Recipes – Kadai Paneer,Reputable website – adapted variant,https://www.indianhealthyrecipes.com/kadai-paneer-gravy-recipe/,Base recipe adapted to predicted variety
kadai_paneer,gravy kadai paneer,C:\recipe_project\images/kadai_paneer/0cbb1c68c2.jpg; C:\recipe_project\images/kadai_paneer/0d1d042900.jpg; C:\recipe_project\images/kadai_paneer/22f1dc5a18.jpg; C:\recipe_project\images/kadai_paneer/4b9d8719cb.jpg,,,,,,200–250 g paneer; 1 onion; 1/2 cup capsicum; 1 1/2 cups tomatoes; 1 1/2 tbsp coriander seeds; 1–2 dried red chillies; 1 tsp fennel; 2 cardamoms; 2 cloves; 1/4 inch cinnamon; 1 tsp ginger-garlic paste; 1/2 tsp garam masala; 1 tsp kasuri methi; 1 1/2 cups water; oil; salt,"1. Dry-roast coriander seeds, chilli, fennel, cardamom, cloves and cinnamon; grind to kadai masala. 2. Sauté onion, capsicum and paneer briefly; reserve. 3. Cook tomatoes with ginger-garlic and the ground masala. 4. Add the amount of water or cream for the named variant and simmer until the desired consistency is reached. 5. Add paneer, capsicum, kasuri methi and garam masala. 6. Cook briefly and serve.",,gravy kadai paneer,4,"4, 5, 15, 30",YES,Swasthi's Recipes – Kadai Paneer,Reputable website – adapted variant,https://www.indianhealthyrecipes.com/kadai-paneer-gravy-recipe/,Base recipe adapted to predicted variety
kadai_paneer,restaurant style kadai paneer,C:\recipe_project\images/kadai_paneer/040febc4fa.jpg; C:\recipe_project\images/kadai_paneer/04b14272e1.jpg; C:\recipe_project\images/kadai_paneer/0a3ddeec8e.jpg; C:\recipe_project\images/kadai_paneer/12f0354482.jpg; C:\recipe_project\images/kadai_paneer/1bec3b58d3.jpg; C:\recipe_project\images/kadai_paneer/1d48d58561.jpg; C:\recipe_project\images/kadai_paneer/26f7611f16.jpg; C:\recipe_project\images/kadai_paneer/3f2d2830c6.jpg; C:\recipe_project\images/kadai_paneer/4a79dd1a5f.jpg; C:\recipe_project\images/kadai_paneer/4ddf98e179.jpg; C:\recipe_project\images/kadai_paneer/4f04495c81.jpg; C:\recipe_project\images/kadai_paneer/5b0ec06cd5.jpg; C:\recipe_project\images/kadai_paneer/5bc4d2e7f3.jpg; C:\recipe_project\images/kadai_paneer/6c87d67bba.jpg; C:\recipe_project\images/kadai_paneer/7d7312efef.jpg; C:\recipe_project\images/kadai_paneer/8a216b0dfc.jpg; C:\recipe_project\images/kadai_paneer/8b93c7660f.jpg; C:\recipe_project\images/kadai_paneer/8be854a097.jpg; C:\recipe_project\images/kadai_paneer/9a60fe83d6.jpg; C:\recipe_project\images/kadai_paneer/9d931eb923.jpg; C:\recipe_project\images/kadai_paneer/9e2c93a77c.jpg,,,,,,200–250 g paneer; 1 onion; 1/2 cup capsicum; 1 1/2 cups tomatoes; 1 1/2 tbsp coriander seeds; 1–2 dried red chillies; 1 tsp fennel; 2 cardamoms; 2 cloves; 1/4 inch cinnamon; 1 tsp ginger-garlic paste; 1/2 tsp garam masala; 1 tsp kasuri methi; 1/2 cup cream optional; oil; salt,"1. Dry-roast coriander seeds, chilli, fennel, cardamom, cloves and cinnamon; grind to kadai masala. 2. Sauté onion, capsicum and paneer briefly; reserve. 3. Cook tomatoes with ginger-garlic and the ground masala. 4. Add the amount of water or cream for the named variant and simmer until the desired consistency is reached. 5. Add paneer, capsicum, kasuri methi and garam masala. 6. Cook briefly and serve.",,restaurant style kadai paneer,21,"1, 2, 3, 7, 9, 10, 16, 26, 27, 32, 33, 35, 36, 37, 39, 41, 42, 43, 45, 47, 48",YES,Swasthi's Recipes – Kadai Paneer,Reputable website – adapted variant,https://www.indianhealthyrecipes.com/kadai-paneer-gravy-recipe/,Base recipe adapted to predicted variety
kalakand,dry fruit kalakand,C:\recipe_project\images/kalakand/0b29dbf33e.jpg; C:\recipe_project\images/kalakand/0c245ddd6a.jpg; C:\recipe_project\images/kalakand/0c250cf09b.jpg; C:\recipe_project\images/kalakand/0ecdc8ef9d.jpg; C:\recipe_project\images/kalakand/18ddac11c3.jpg; C:\recipe_project\images/kalakand/1e437595e6.jpg; C:\recipe_project\images/kalakand/1f065f6f82.jpg; C:\recipe_project\images/kalakand/2adf2bae9d.jpg; C:\recipe_project\images/kalakand/2ccadf1869.jpg; C:\recipe_project\images/kalakand/3d334e5384.jpg; C:\recipe_project\images/kalakand/3e97c37cbe.jpg; C:\recipe_project\images/kalakand/3f740c2ed8.jpg; C:\recipe_project\images/kalakand/4acdb5c567.jpg; C:\recipe_project\images/kalakand/4be50894d4.jpg; C:\recipe_project\images/kalakand/4c3c532620.jpg; C:\recipe_project\images/kalakand/4f89ccc4df.jpg; C:\recipe_project\images/kalakand/5c62c7da53.jpg; C:\recipe_project\images/kalakand/6e7c324382.jpg; C:\recipe_project\images/kalakand/7bbe3e6a55.jpg; C:\recipe_project\images/kalakand/8af656413a.jpg; C:\recipe_project\images/kalakand/8d1215c7cf.jpg; C:\recipe_project\images/kalakand/9cd01fcd31.jpg; C:\recipe_project\images/kalakand/9dfdc93601.jpg,,,,,,"500 g fresh paneer, crumbled; 1 tin condensed milk; 1/2 tsp cardamom; 1/4 cup mixed chopped nuts; ghee for greasing","1. Crumble paneer and combine with condensed milk in a heavy pan. 2. Cook on medium heat, stirring continuously, until thick but still moist. 3. Add cardamom and the named nuts. 4. Spread in a greased tray and level to 1/2–3/4 inch thickness. 5. Refrigerate until set and cut into pieces.",,dry fruit kalakand,23,"4, 6, 7, 9, 12, 15, 16, 20, 22, 25, 26, 27, 28, 29, 30, 32, 34, 36, 37, 39, 40, 47, 49",YES,Swasthi's Recipes – Kalakand,Reputable website – adapted variant,https://www.indianhealthyrecipes.com/easy-kalakand-in-10-mins-with-condensed-milk/,Base recipe adapted to predicted variety
kalakand,milk kalakand,C:\recipe_project\images/kalakand/01a38447ad.jpg; C:\recipe_project\images/kalakand/0a813ee57a.jpg; C:\recipe_project\images/kalakand/5b0e5be855.jpg; C:\recipe_project\images/kalakand/8d9b69ad1a.jpg,,,,,,"500 g fresh paneer, crumbled; 1 tin condensed milk; 1/2 tsp cardamom; 1/2 cup extra milk and reduced milk base; ghee for greasing","1. Crumble paneer and combine with condensed milk in a heavy pan. 2. Cook on medium heat, stirring continuously, until thick but still moist. 3. Add cardamom and the named nuts. 4. Spread in a greased tray and level to 1/2–3/4 inch thickness. 5. Refrigerate until set and cut into pieces.",,milk kalakand,4,"1, 3, 33, 41",YES,Swasthi's Recipes – Kalakand,Reputable website – adapted variant,https://www.indianhealthyrecipes.com/easy-kalakand-in-10-mins-with-condensed-milk/,Base recipe adapted to predicted variety
kalakand,pistachio kalakand,C:\recipe_project\images/kalakand/0a65c3c8d9.jpg; C:\recipe_project\images/kalakand/0b5a05fe55.jpg; C:\recipe_project\images/kalakand/0c6c94660d.jpg; C:\recipe_project\images/kalakand/13d2fb8a1b.jpg; C:\recipe_project\images/kalakand/15c77ef24d.jpg; C:\recipe_project\images/kalakand/1bed98b073.jpg; C:\recipe_project\images/kalakand/1c17973d85.jpg; C:\recipe_project\images/kalakand/1f375184f3.jpg; C:\recipe_project\images/kalakand/1fcc909594.jpg; C:\recipe_project\images/kalakand/2a9d4c339e.jpg; C:\recipe_project\images/kalakand/2afc9ea3fd.jpg; C:\recipe_project\images/kalakand/2d05ed7a1b.jpg; C:\recipe_project\images/kalakand/2f48f0a08e.jpg; C:\recipe_project\images/kalakand/4d68c9e199.jpg; C:\recipe_project\images/kalakand/5e4ee66d04.jpg; C:\recipe_project\images/kalakand/7fcd29a7a9.jpg; C:\recipe_project\images/kalakand/8e10e7e604.jpg; C:\recipe_project\images/kalakand/8ee3ae00a7.jpg; C:\recipe_project\images/kalakand/8ef75dc632.jpg; C:\recipe_project\images/kalakand/8f5b4f52b0.jpg; C:\recipe_project\images/kalakand/8fec3a8a9d.jpg; C:\recipe_project\images/kalakand/9cfbbc24fa.jpg; C:\recipe_project\images/kalakand/9e2e1b3a38.jpg,,,,,,"500 g fresh paneer, crumbled; 1 tin condensed milk; 1/2 tsp cardamom; 1/4 cup chopped pistachios; ghee for greasing","1. Crumble paneer and combine with condensed milk in a heavy pan. 2. Cook on medium heat, stirring continuously, until thick but still moist. 3. Add cardamom and the named nuts. 4. Spread in a greased tray and level to 1/2–3/4 inch thickness. 5. Refrigerate until set and cut into pieces.",,pistachio kalakand,23,"2, 5, 8, 10, 11, 13, 14, 17, 18, 19, 21, 23, 24, 31, 35, 38, 42, 43, 44, 45, 46, 48, 50",YES,Swasthi's Recipes – Kalakand,Reputable website – adapted variant,https://www.indianhealthyrecipes.com/easy-kalakand-in-10-mins-with-condensed-milk/,Base recipe adapted to predicted variety
kofta,chicken kofta,C:\recipe_project\images/kofta/014c29b65f.jpg; C:\recipe_project\images/kofta/08fb1d1bbf.jpg; C:\recipe_project\images/kofta/1c5dd79cdc.jpg; C:\recipe_project\images/kofta/25bc2e8ebb.jpg; C:\recipe_project\images/kofta/2bd2b0d3f8.jpg; C:\recipe_project\images/kofta/2c9b786e0a.jpg; C:\recipe_project\images/kofta/2d2f13eb46.jpg; C:\recipe_project\images/kofta/2f1093c010.jpg; C:\recipe_project\images/kofta/3b9c1d7734.jpg; C:\recipe_project\images/kofta/40ae815526.jpg; C:\recipe_project\images/kofta/4f63923c98.jpg; C:\recipe_project\images/kofta/5b69f61444.jpg; C:\recipe_project\images/kofta/6a2a078150.jpg; C:\recipe_project\images/kofta/6bbca61d98.jpg; C:\recipe_project\images/kofta/6bf67a04de.jpg; C:\recipe_project\images/kofta/6e0a11570f.jpg; C:\recipe_project\images/kofta/7a22fe3c09.jpg; C:\recipe_project\images/kofta/7b2f51a072.jpg; C:\recipe_project\images/kofta/8a428c9139.jpg; C:\recipe_project\images/kofta/8a818620c3.jpg; C:\recipe_project\images/kofta/8c8475fb83.jpg; C:\recipe_project\images/kofta/8d6287683e.jpg; C:\recipe_project\images/kofta/8f8bc0e3d3.jpg,,,,,,300 g minced chicken; egg; breadcrumbs; onion; ginger-garlic; chilli; garam masala; salt; oil; 2 cups onion-tomato gravy,"1. Prepare the named kofta mixture and season with ginger-garlic, chilli, garam masala and salt. 2. For nargisi kofta, wrap boiled eggs in spiced potato mixture. 3. Shape the mixture around the eggs or into balls. 4. Fry until golden and cooked. 5. Simmer the koftas briefly in a prepared onion-tomato gravy, except the dry nargisi style which can be served as a fried starter.",,chicken kofta,23,"1, 4, 7, 10, 11, 12, 13, 14, 16, 18, 22, 24, 29, 30, 31, 33, 35, 36, 40, 41, 42, 43, 45",YES,Swasthi's Recipes – Malai Kofta,Reputable website – adapted variant,https://www.indianhealthyrecipes.com/malai-kofta-recipe/,Base recipe adapted to predicted variety
Malai Kofta,Malai Kofta Curry Recipe - Creamy and Healthy Paneer Aloo Kofta Curry,C:\recipe_project\images/kofta/1e7932a5f8.jpg; C:\recipe_project\images/kofta/1ebbd7ab86.jpg; C:\recipe_project\images/kofta/4d511b09f8.jpg; C:\recipe_project\images/kofta/6e506a67b3.jpg; C:\recipe_project\images/kofta/8a414b696d.jpg; C:\recipe_project\images/kofta/9ea348f447.jpg; C:\recipe_project\images/kofta/9f1755bebf.jpg,The Malai Kofta recipe is a delicious preparation paneer and potato balls simmered in a spiced tomato gravy. This recipe of kofta is a healthy twist to the traditionally deep fried kofta recipes that you would make.,North Indian Recipes,Main Course,Vegetarian,Total in 60 M,"
Ingredients for Malai Koftas

							 		3 Potatoes (Aloo)							 		, boiled, peeled and mashed							 	

							 		1-1/2 cups Paneer (Homemade Cottage Cheese)							 		, crumbled							 	

							 		1/2 teaspoon Garam masala powder 

							 		1/2 teaspoon Red Chilli powder 

							 		2 tablespoons Gram flour (besan) 

							 		1/4 cup Coriander (Dhania) Leaves							 		, finely chopped							 	

							 		1/2 cup Sultana Raisins							 		, a handful, to stuff the kofta’s							 	

Salt							 		, to taste							 	

Oil							 		, for cooking							 	
Ingredients for Gravy

							 		1 tablespoon Ghee							 		, for cooking							 	

							 		1 inch Ginger							 		, finely chopped							 	

							 		4 cloves Garlic							 		, finely chopped							 	

							 		1 Onion							 		, finely chopped							 	

							 		2 cups Homemade tomato puree 

							 		2 teaspoons Coriander Powder (Dhania) 

							 		1/2 teaspoon Garam masala powder 

							 		1/2 teaspoon Turmeric powder (Haldi) 

							 		1 teaspoon Red Chilli powder 

							 		1/2 teaspoon Cardamom Powder (Elaichi) 

							 		1 tablespoon Honey 

							 		1/4 cup Fresh cream 

							 		1 tablespoon Kasuri Methi (Dried Fenugreek Leaves)							 		, for garnishing							 	

Salt							 		, to taste							 	
","To begin making the Malai Kofta Recipe, combine all the ingredients for the koftas in a bowl and divide them into lemon size balls.Flatten the balls in the palm of your hands and place a couple of raisins in the center. Close the kofta dough back into a ball and keep aside.The next step is to cook the Malai Koftas either in the Kuzhi Paniyaram PanIf you plan to use the Kuzhi Paniyaram Pan; then place the kofta balls in the pan's cavities; drizzle the koftas with a little oil and pan fry them until golden brown on both sides. You will have to flip the kofta balls so they fry on all sides evenly. The next step is to make the Kofta CurryHeat oil in a heavy bottomed pan; add in the grated ginger, garlic, onions and sauté for a few seconds until the onions soften.Stir in the tomato puree, honey, turmeric powder, cardamom powder, garam masala powder, coriander powder, salt and chilli powder to taste.Bring the kofta curry to a boil and simmer for a couple of minutes till the tomatoes get cooked through.Finally add in the cream and the kasuri methi and stir it into the kofta curry.Adjust the consistency of the malai kofta curry by adding water if required. Do make sure to check the salt and spice levels and adjust according to your taste. When you are ready to serve, place the kofta curry in the serving bowl and add the warm malai kofta balls in the curry, garnish with coriander leaves and serve hot.Serve Non Fried Malai Kofta Recipe with Tawa parathas and Mixed Vegetable Pulao Recipe and Mooli Raita for lunch or dinner. You can even serve the Malai Kofta for a indian dinner party menu.",1.0,malai kofta,7,"8, 9, 20, 34, 39, 48, 50",YES,Original recipe dataset,Original dataset,,
kofta,nargisi kofta,C:\recipe_project\images/kofta/10fb6edad6.jpg; C:\recipe_project\images/kofta/6cf07df097.jpg,,,,,,4 boiled eggs; mashed potato and spices; onion; ginger-garlic; chilli; garam masala; salt; oil; 2 cups onion-tomato gravy,"1. Prepare the named kofta mixture and season with ginger-garlic, chilli, garam masala and salt. 2. For nargisi kofta, wrap boiled eggs in spiced potato mixture. 3. Shape the mixture around the eggs or into balls. 4. Fry until golden and cooked. 5. Simmer the koftas briefly in a prepared onion-tomato gravy, except the dry nargisi style which can be served as a fried starter.",,nargisi kofta,2,"6, 32",YES,Archana's Kitchen – Nargisi Kofta,Reputable website – exact recipe,https://www.archanaskitchen.com/recipe/awadhi-style-nargisi-kofta-recipe-boiled-egg-wrapped-with-spiced-potato-recipe,Exact recipe
Malai Kofta,Malai Kofta Curry Recipe - Creamy and Healthy Paneer Aloo Kofta Curry,C:\recipe_project\images/kofta/40a3b7432b.jpg; C:\recipe_project\images/kofta/9dc355f3c3.jpg; C:\recipe_project\images/kofta/9ea1ab6303.jpg,The Malai Kofta recipe is a delicious preparation paneer and potato balls simmered in a spiced tomato gravy. This recipe of kofta is a healthy twist to the traditionally deep fried kofta recipes that you would make.,North Indian Recipes,Main Course,Vegetarian,Total in 60 M,"
Ingredients for Malai Koftas

							 		3 Potatoes (Aloo)							 		, boiled, peeled and mashed							 	

							 		1-1/2 cups Paneer (Homemade Cottage Cheese)							 		, crumbled							 	

							 		1/2 teaspoon Garam masala powder 

							 		1/2 teaspoon Red Chilli powder 

							 		2 tablespoons Gram flour (besan) 

							 		1/4 cup Coriander (Dhania) Leaves							 		, finely chopped							 	

							 		1/2 cup Sultana Raisins							 		, a handful, to stuff the kofta’s							 	

Salt							 		, to taste							 	

Oil							 		, for cooking							 	
Ingredients for Gravy

							 		1 tablespoon Ghee							 		, for cooking							 	

							 		1 inch Ginger							 		, finely chopped							 	

							 		4 cloves Garlic							 		, finely chopped							 	

							 		1 Onion							 		, finely chopped							 	

							 		2 cups Homemade tomato puree 

							 		2 teaspoons Coriander Powder (Dhania) 

							 		1/2 teaspoon Garam masala powder 

							 		1/2 teaspoon Turmeric powder (Haldi) 

							 		1 teaspoon Red Chilli powder 

							 		1/2 teaspoon Cardamom Powder (Elaichi) 

							 		1 tablespoon Honey 

							 		1/4 cup Fresh cream 

							 		1 tablespoon Kasuri Methi (Dried Fenugreek Leaves)							 		, for garnishing							 	

Salt							 		, to taste							 	
","To begin making the Malai Kofta Recipe, combine all the ingredients for the koftas in a bowl and divide them into lemon size balls.Flatten the balls in the palm of your hands and place a couple of raisins in the center. Close the kofta dough back into a ball and keep aside.The next step is to cook the Malai Koftas either in the Kuzhi Paniyaram PanIf you plan to use the Kuzhi Paniyaram Pan; then place the kofta balls in the pan's cavities; drizzle the koftas with a little oil and pan fry them until golden brown on both sides. You will have to flip the kofta balls so they fry on all sides evenly. The next step is to make the Kofta CurryHeat oil in a heavy bottomed pan; add in the grated ginger, garlic, onions and sauté for a few seconds until the onions soften.Stir in the tomato puree, honey, turmeric powder, cardamom powder, garam masala powder, coriander powder, salt and chilli powder to taste.Bring the kofta curry to a boil and simmer for a couple of minutes till the tomatoes get cooked through.Finally add in the cream and the kasuri methi and stir it into the kofta curry.Adjust the consistency of the malai kofta curry by adding water if required. Do make sure to check the salt and spice levels and adjust according to your taste. When you are ready to serve, place the kofta curry in the serving bowl and add the warm malai kofta balls in the curry, garnish with coriander leaves and serve hot.Serve Non Fried Malai Kofta Recipe with Tawa parathas and Mixed Vegetable Pulao Recipe and Mooli Raita for lunch or dinner. You can even serve the Malai Kofta for a indian dinner party menu.",1.0,paneer kofta,3,"17, 46, 47",YES,Original recipe dataset,Original dataset,,
kofta,vegetable kofta,C:\recipe_project\images/kofta/05b8677e14.jpg; C:\recipe_project\images/kofta/05dd04207f.jpg; C:\recipe_project\images/kofta/0b3531914e.jpg; C:\recipe_project\images/kofta/2fba1e5f94.jpg; C:\recipe_project\images/kofta/4a379d05f8.jpg; C:\recipe_project\images/kofta/4e97ecdd0b.jpg; C:\recipe_project\images/kofta/4fd35157a9.jpg; C:\recipe_project\images/kofta/5bb1f4b696.jpg; C:\recipe_project\images/kofta/5c3295e87c.jpg; C:\recipe_project\images/kofta/5e2f1e4951.jpg; C:\recipe_project\images/kofta/5efb2d7101.jpg; C:\recipe_project\images/kofta/7ed3977a7e.jpg; C:\recipe_project\images/kofta/7f3b905f99.jpg; C:\recipe_project\images/kofta/8f14e47a1e.jpg; C:\recipe_project\images/kofta/9eae8e7c58.jpg,,,,,,1 cup mixed grated vegetables; 2 tbsp besan; onion; ginger-garlic; chilli; garam masala; salt; oil; 2 cups onion-tomato gravy,"1. Prepare the named kofta mixture and season with ginger-garlic, chilli, garam masala and salt. 2. For nargisi kofta, wrap boiled eggs in spiced potato mixture. 3. Shape the mixture around the eggs or into balls. 4. Fry until golden and cooked. 5. Simmer the koftas briefly in a prepared onion-tomato gravy, except the dry nargisi style which can be served as a fried starter.",,vegetable kofta,15,"2, 3, 5, 15, 19, 21, 23, 25, 26, 27, 28, 37, 38, 44, 49",YES,Swasthi's Recipes – Malai Kofta,Reputable website – adapted variant,https://www.indianhealthyrecipes.com/malai-kofta-recipe/,Base recipe adapted to predicted variety
Dosa,Ragi Kuzhi Paniyaram Recipe with Ragi Dosa Batter,C:\recipe_project\images/kuzhi_paniyaram/01dbccf36f.jpg; C:\recipe_project\images/kuzhi_paniyaram/0ca382ee93.jpg; C:\recipe_project\images/kuzhi_paniyaram/0e4cb02992.jpg; C:\recipe_project\images/kuzhi_paniyaram/1f4aa9faa5.jpg; C:\recipe_project\images/kuzhi_paniyaram/1fe2c1dafa.jpg; C:\recipe_project\images/kuzhi_paniyaram/3a6c41aa6a.jpg; C:\recipe_project\images/kuzhi_paniyaram/3bbcbdc395.jpg; C:\recipe_project\images/kuzhi_paniyaram/4a3f491bac.jpg; C:\recipe_project\images/kuzhi_paniyaram/4cadc74058.jpg; C:\recipe_project\images/kuzhi_paniyaram/5ff5c52c4d.jpg; C:\recipe_project\images/kuzhi_paniyaram/6b6d0edd93.jpg; C:\recipe_project\images/kuzhi_paniyaram/7b1ba39577.jpg; C:\recipe_project\images/kuzhi_paniyaram/8e836200a7.jpg; C:\recipe_project\images/kuzhi_paniyaram/9bc84b76b4.jpg,"Healthy Ragi Kuzhi Paniyaram Recipe is a very traditional South Indian breakfast dish, that breaks the monotony of idli and dosa.",South Indian Recipes,South Indian Breakfast,Diabetic Friendly,Total in 45 M,"

							 		2 cups Ragi Dosa Battter 

							 		2 tablespoons Fresh coconut							 		, grated							 	

							 		1/4 cup Carrots (Gajjar)							 		, grated, (or chopped spinach, finely minced cabbage) - optional							 	

							 		1 Onion							 		, finely chopped							 	

							 		1 Green Chilli							 		, finely chopped (adjust spice)							 	

							 		1 sprig Curry leaves							 		, finely chopped							 	

							 		1/4 teaspoon Mustard seeds (Rai/ Kadugu) 

Salt							 		, to taste							 	

Oil							 		, to drizzle							 	
","To begin making the Healthy Ragi Kuzhi Paniyaram Recipe, in a small pan heat the oil, add the mustard seeds and curry leaves. Allow it to crackle. Add the chopped onions and saute until onions are tender.Combine all the ingredients- fresh coconut, grated carrots, green chillies, curry leaves including the prepared onion mixture into the dosa batter.Grease the paniyaram pan by adding half a teaspoon of oil into each of the cavities of the kuzhi paniyaram pan. Spoon the ragi dosa batter into the cavities of the pan. Place the pan on medium heat and cover with a lid.After a 3 to 4 minutes of steaming, you will notice the tops of the paniyaram cooked and steamed.At this point, turn over each paniyaram and allow it to cook the other side. This time around don't cover with a lid. Allow it to cook on medium low heat until the bottom is browned and crisp.Once done, remove and arrange on serving trays. Proceed the same way with the remaining Kuzhi Paniyaram batter. Serve The Healthy Ragi Kuzhi Paniyaram Recipe with Tomato Onion Chutney | Thakkali Vengayam Chutney and Adrak Chai Recipe for a wholesome breakfast or pack into a kids school lunch box or even serve as an after school snack.Because the paniyaram is made from ragi, it makes this dish a diabetic friendly recipe that you can serve as a diabetic snack or a diabetic breakfast. ",1.0,plain kuzhi paniyaram,14,"2, 4, 5, 12, 13, 18, 19, 23, 25, 31, 32, 36, 46, 48",YES,Original recipe dataset,Original dataset,,
Dosa,Ragi Kuzhi Paniyaram Recipe with Ragi Dosa Batter,C:\recipe_project\images/kuzhi_paniyaram/2c77e896a3.jpg; C:\recipe_project\images/kuzhi_paniyaram/3cd6c002ea.jpg; C:\recipe_project\images/kuzhi_paniyaram/7dccb98380.jpg,"Healthy Ragi Kuzhi Paniyaram Recipe is a very traditional South Indian breakfast dish, that breaks the monotony of idli and dosa.",South Indian Recipes,South Indian Breakfast,Diabetic Friendly,Total in 45 M,"

							 		2 cups Ragi Dosa Battter 

							 		2 tablespoons Fresh coconut							 		, grated							 	

							 		1/4 cup Carrots (Gajjar)							 		, grated, (or chopped spinach, finely minced cabbage) - optional							 	

							 		1 Onion							 		, finely chopped							 	

							 		1 Green Chilli							 		, finely chopped (adjust spice)							 	

							 		1 sprig Curry leaves							 		, finely chopped							 	

							 		1/4 teaspoon Mustard seeds (Rai/ Kadugu) 

Salt							 		, to taste							 	

Oil							 		, to drizzle							 	
","To begin making the Healthy Ragi Kuzhi Paniyaram Recipe, in a small pan heat the oil, add the mustard seeds and curry leaves. Allow it to crackle. Add the chopped onions and saute until onions are tender.Combine all the ingredients- fresh coconut, grated carrots, green chillies, curry leaves including the prepared onion mixture into the dosa batter.Grease the paniyaram pan by adding half a teaspoon of oil into each of the cavities of the kuzhi paniyaram pan. Spoon the ragi dosa batter into the cavities of the pan. Place the pan on medium heat and cover with a lid.After a 3 to 4 minutes of steaming, you will notice the tops of the paniyaram cooked and steamed.At this point, turn over each paniyaram and allow it to cook the other side. This time around don't cover with a lid. Allow it to cook on medium low heat until the bottom is browned and crisp.Once done, remove and arrange on serving trays. Proceed the same way with the remaining Kuzhi Paniyaram batter. Serve The Healthy Ragi Kuzhi Paniyaram Recipe with Tomato Onion Chutney | Thakkali Vengayam Chutney and Adrak Chai Recipe for a wholesome breakfast or pack into a kids school lunch box or even serve as an after school snack.Because the paniyaram is made from ragi, it makes this dish a diabetic friendly recipe that you can serve as a diabetic snack or a diabetic breakfast. ",1.0,spicy kuzhi paniyaram,3,"15, 20, 37",YES,Original recipe dataset,Original dataset,,
kuzhi_paniyaram,sweet kuzhi paniyaram,C:\recipe_project\images/kuzhi_paniyaram/0a0a00c41d.jpg; C:\recipe_project\images/kuzhi_paniyaram/12c93035cd.jpg; C:\recipe_project\images/kuzhi_paniyaram/14b8e26653.jpg; C:\recipe_project\images/kuzhi_paniyaram/1b19f52530.jpg; C:\recipe_project\images/kuzhi_paniyaram/1c04ba7c8d.jpg; C:\recipe_project\images/kuzhi_paniyaram/1e9fa56958.jpg; C:\recipe_project\images/kuzhi_paniyaram/2fb4fd0770.jpg; C:\recipe_project\images/kuzhi_paniyaram/3da444b017.jpg; C:\recipe_project\images/kuzhi_paniyaram/4c857d7386.jpg; C:\recipe_project\images/kuzhi_paniyaram/4dd7d43016.jpg; C:\recipe_project\images/kuzhi_paniyaram/4f5db1ab21.jpg; C:\recipe_project\images/kuzhi_paniyaram/4fe510e4fa.jpg; C:\recipe_project\images/kuzhi_paniyaram/5e9bedb628.jpg; C:\recipe_project\images/kuzhi_paniyaram/6cc13ddc2f.jpg; C:\recipe_project\images/kuzhi_paniyaram/6e4f86f8ab.jpg; C:\recipe_project\images/kuzhi_paniyaram/7e1d536310.jpg; C:\recipe_project\images/kuzhi_paniyaram/8d804e531f.jpg; C:\recipe_project\images/kuzhi_paniyaram/8d9bbfc274.jpg; C:\recipe_project\images/kuzhi_paniyaram/9aecc40a4a.jpg; C:\recipe_project\images/kuzhi_paniyaram/9fd36f2a3a.jpg,,,,,,1 cup idli/dosa batter; 1/4 cup jaggery syrup; 1/4 cup grated coconut; cardamom; 1 tsp ghee/oil; pinch salt,1. Prepare the batter and mix in the named sweet or vegetable ingredients. 2. Heat a paniyaram pan and grease each cavity. 3. Pour batter into the cavities. 4. Cook covered on medium-low heat until the bottoms set. 5. Turn with a skewer and cook the other side until golden. 6. Serve hot.,,sweet kuzhi paniyaram,20,"3, 6, 8, 9, 10, 11, 16, 22, 24, 26, 27, 28, 30, 34, 35, 38, 43, 44, 47, 50",YES,Archana's Kitchen – Sweet Paniyaram,Reputable website – adapted variant,https://www.archanaskitchen.com/recipe/quinoa-sweet-paniyaram-recipe,Base recipe adapted to predicted variety
kuzhi_paniyaram,vegetable kuzhi paniyaram,C:\recipe_project\images/kuzhi_paniyaram/006ca09b4e.jpg; C:\recipe_project\images/kuzhi_paniyaram/12dd0d47f2.jpg; C:\recipe_project\images/kuzhi_paniyaram/2c13aaf531.jpg; C:\recipe_project\images/kuzhi_paniyaram/3a3241e010.jpg; C:\recipe_project\images/kuzhi_paniyaram/3d3d926308.jpg; C:\recipe_project\images/kuzhi_paniyaram/5ab36c6e6a.jpg; C:\recipe_project\images/kuzhi_paniyaram/6c6ec08189.jpg; C:\recipe_project\images/kuzhi_paniyaram/7fc080079d.jpg; C:\recipe_project\images/kuzhi_paniyaram/8acc43f2de.jpg; C:\recipe_project\images/kuzhi_paniyaram/8b336dc90e.jpg; C:\recipe_project\images/kuzhi_paniyaram/8c9d67fcbb.jpg; C:\recipe_project\images/kuzhi_paniyaram/8dfd5e01ce.jpg; C:\recipe_project\images/kuzhi_paniyaram/9e894026e7.jpg,,,,,,1 cup idli/dosa batter; 1/2 onion; 1 small carrot; green chilli; coriander; 1 tsp ghee/oil; pinch salt,1. Prepare the batter and mix in the named sweet or vegetable ingredients. 2. Heat a paniyaram pan and grease each cavity. 3. Pour batter into the cavities. 4. Cook covered on medium-low heat until the bottoms set. 5. Turn with a skewer and cook the other side until golden. 6. Serve hot.,,vegetable kuzhi paniyaram,13,"1, 7, 14, 17, 21, 29, 33, 39, 40, 41, 42, 45, 49",YES,Archana's Kitchen – Sweet Paniyaram,Reputable website – adapted variant,https://www.archanaskitchen.com/recipe/quinoa-sweet-paniyaram-recipe,Base recipe adapted to predicted variety
lassi,dry fruit lassi,C:\recipe_project\images/lassi/06a554e0ed.jpg; C:\recipe_project\images/lassi/07fdf6fd6b.jpg; C:\recipe_project\images/lassi/09e5f44bef.jpg; C:\recipe_project\images/lassi/0e7d8477b3.jpg; C:\recipe_project\images/lassi/14cfe620e9.jpg; C:\recipe_project\images/lassi/1afc4a9aee.jpg; C:\recipe_project\images/lassi/1dc1c8ed67.jpg; C:\recipe_project\images/lassi/1f00a89ad8.jpg; C:\recipe_project\images/lassi/28b5e47daf.jpg; C:\recipe_project\images/lassi/32fca8c34a.jpg; C:\recipe_project\images/lassi/45c66f27a5.jpg; C:\recipe_project\images/lassi/4cf2feea33.jpg; C:\recipe_project\images/lassi/4d4798b9d2.jpg; C:\recipe_project\images/lassi/4febc9411c.jpg; C:\recipe_project\images/lassi/5ce9685bc8.jpg; C:\recipe_project\images/lassi/8c72ab315d.jpg; C:\recipe_project\images/lassi/9badb05354.jpg,,,,,,"1 cup chilled plain yogurt; 1/2 cup chilled milk/water; 1/4 tsp cardamom; 2 tbsp chopped almonds, cashews and pistachios; sugar as needed","1. Add yogurt, milk/water, cardamom and the named flavoring to a blender. 2. Blend until smooth and frothy. 3. Adjust sweetness and consistency. 4. Chill if needed. 5. Pour into glasses and garnish with nuts or saffron when appropriate.",,dry fruit lassi,17,"3, 4, 5, 7, 10, 11, 12, 13, 14, 19, 28, 30, 31, 32, 35, 46, 48",YES,Swasthi's Recipes – Mango Lassi,Reputable website – adapted variant,https://www.indianhealthyrecipes.com/mango-lassi-recipe/,Base recipe adapted to predicted variety
lassi,kesar lassi,C:\recipe_project\images/lassi/02fa84068c.jpg; C:\recipe_project\images/lassi/11cfad4389.jpg; C:\recipe_project\images/lassi/28f1f2e713.jpg; C:\recipe_project\images/lassi/3d93a821ff.jpg; C:\recipe_project\images/lassi/46db7f90d4.jpg; C:\recipe_project\images/lassi/5d668c2d2b.jpg; C:\recipe_project\images/lassi/9c8d8fbe5c.jpg,,,,,,1 cup chilled plain yogurt; 1/2 cup chilled milk/water; 1/4 tsp cardamom; 2 pinches saffron soaked in warm milk; sugar as needed,"1. Add yogurt, milk/water, cardamom and the named flavoring to a blender. 2. Blend until smooth and frothy. 3. Adjust sweetness and consistency. 4. Chill if needed. 5. Pour into glasses and garnish with nuts or saffron when appropriate.",,kesar lassi,7,"1, 8, 15, 25, 29, 36, 49",YES,Swasthi's Recipes – Mango Lassi,Reputable website – adapted variant,https://www.indianhealthyrecipes.com/mango-lassi-recipe/,Base recipe adapted to predicted variety
lassi,mango lassi,C:\recipe_project\images/lassi/050de24659.jpg; C:\recipe_project\images/lassi/2ee7f9c727.jpg; C:\recipe_project\images/lassi/2f66e6aa02.jpg; C:\recipe_project\images/lassi/34dc067f91.jpg; C:\recipe_project\images/lassi/3e43d54f23.jpg; C:\recipe_project\images/lassi/54dcf40699.jpg; C:\recipe_project\images/lassi/7ac3a6e184.jpg; C:\recipe_project\images/lassi/7c6c62acce.jpg; C:\recipe_project\images/lassi/8dc2695be3.jpg,,,,,,1 cup chilled plain yogurt; 1/2 cup chilled milk/water; 1/4 tsp cardamom; 1 1/2 cups ripe mango pulp; sugar as needed,"1. Add yogurt, milk/water, cardamom and the named flavoring to a blender. 2. Blend until smooth and frothy. 3. Adjust sweetness and consistency. 4. Chill if needed. 5. Pour into glasses and garnish with nuts or saffron when appropriate.",,mango lassi,9,"2, 17, 18, 20, 26, 33, 42, 43, 47",YES,Swasthi's Recipes – Mango Lassi,Reputable website – adapted variant,https://www.indianhealthyrecipes.com/mango-lassi-recipe/,Base recipe adapted to predicted variety
lassi,rose lassi,C:\recipe_project\images/lassi/13c369f290.jpg; C:\recipe_project\images/lassi/29cd3bd536.jpg; C:\recipe_project\images/lassi/3a000f7fbb.jpg; C:\recipe_project\images/lassi/3b20fc7b35.jpg; C:\recipe_project\images/lassi/3c06c43f09.jpg; C:\recipe_project\images/lassi/62f5d06f76.jpg; C:\recipe_project\images/lassi/6c7dd182f3.jpg,,,,,,1 cup chilled plain yogurt; 1/2 cup chilled milk/water; 1/4 tsp cardamom; 1 tsp rose water; sugar as needed,"1. Add yogurt, milk/water, cardamom and the named flavoring to a blender. 2. Blend until smooth and frothy. 3. Adjust sweetness and consistency. 4. Chill if needed. 5. Pour into glasses and garnish with nuts or saffron when appropriate.",,rose lassi,7,"9, 16, 21, 22, 24, 39, 41",YES,Swasthi's Recipes – Mango Lassi,Reputable website – adapted variant,https://www.indianhealthyrecipes.com/mango-lassi-recipe/,Base recipe adapted to predicted variety
lassi,sweet lassi,C:\recipe_project\images/lassi/0c5c71c04f.jpg; C:\recipe_project\images/lassi/3b6629305f.jpg; C:\recipe_project\images/lassi/41d1af3d82.jpg; C:\recipe_project\images/lassi/5b00fb8715.jpg; C:\recipe_project\images/lassi/5dbcb3186e.jpg; C:\recipe_project\images/lassi/5e39bb1bcc.jpg; C:\recipe_project\images/lassi/6b2468cb2e.jpg; C:\recipe_project\images/lassi/7d73af1818.jpg; C:\recipe_project\images/lassi/7fb8f30d46.jpg; C:\recipe_project\images/lassi/9e5f542316.jpg,,,,,,1 cup chilled plain yogurt; 1/2 cup chilled milk/water; 1/4 tsp cardamom; 2–3 tbsp sugar; sugar as needed,"1. Add yogurt, milk/water, cardamom and the named flavoring to a blender. 2. Blend until smooth and frothy. 3. Adjust sweetness and consistency. 4. Chill if needed. 5. Pour into glasses and garnish with nuts or saffron when appropriate.",,sweet lassi,10,"6, 23, 27, 34, 37, 38, 40, 44, 45, 50",YES,Swasthi's Recipes – Mango Lassi,Reputable website – adapted variant,https://www.indianhealthyrecipes.com/mango-lassi-recipe/,Base recipe adapted to predicted variety
litti_chokha,baked litti chokha,C:\recipe_project\images/litti_chokha/0aab5762e7.jpg; C:\recipe_project\images/litti_chokha/1f9dfc1881.jpg; C:\recipe_project\images/litti_chokha/1fea466748.jpg; C:\recipe_project\images/litti_chokha/5ccfa6502a.jpg; C:\recipe_project\images/litti_chokha/6dc1ad1b0c.jpg; C:\recipe_project\images/litti_chokha/6f5210eaee.jpg; C:\recipe_project\images/litti_chokha/8ba4610bed.jpg,,,,,,2 cups whole wheat flour; salt; 1 tbsp ghee; 1 cup sattu; cumin; fennel; ajwain; nigella; chilli; ginger; garlic; coriander; lemon; mustard oil; potato and tomato chokha,"1. Knead flour, salt and ghee into a soft dough. 2. Mix sattu with spices, herbs, lemon and mustard oil. 3. Stuff and seal the dough balls. 4. Bake at 200°C for about 30–35 minutes, turning during baking, until golden. 5. Prepare chokha by mashing roasted/boiled potato and tomato with onion, chilli, garlic, coriander and mustard oil. 6. Serve with ghee.",,baked litti chokha,7,"5, 16, 17, 32, 37, 39, 43",YES,Dassana's Veg Recipes – Litti Chokha,Reputable website – adapted variant,https://www.vegrecipesofindia.com/litti-chokha-recipe/,Base recipe adapted to predicted variety
litti_chokha,classic litti chokha,C:\recipe_project\images/litti_chokha/03fb96ef73.jpg; C:\recipe_project\images/litti_chokha/06deadef64.jpg; C:\recipe_project\images/litti_chokha/0c0c161414.jpg; C:\recipe_project\images/litti_chokha/0ca1957d08.jpg; C:\recipe_project\images/litti_chokha/0e7caf0984.jpg; C:\recipe_project\images/litti_chokha/19a7b94e11.jpg; C:\recipe_project\images/litti_chokha/1dcb4a5ae0.jpg; C:\recipe_project\images/litti_chokha/1e5fa10888.jpg; C:\recipe_project\images/litti_chokha/1f59bb1889.jpg; C:\recipe_project\images/litti_chokha/27c7ee56fd.jpg; C:\recipe_project\images/litti_chokha/27d1878004.jpg; C:\recipe_project\images/litti_chokha/2c2fbd7968.jpg; C:\recipe_project\images/litti_chokha/2e1a012bb0.jpg; C:\recipe_project\images/litti_chokha/5a29964f70.jpg; C:\recipe_project\images/litti_chokha/5afdb45d36.jpg; C:\recipe_project\images/litti_chokha/5d4a3faa50.jpg; C:\recipe_project\images/litti_chokha/6d425c58bd.jpg; C:\recipe_project\images/litti_chokha/6fad4dc83e.jpg; C:\recipe_project\images/litti_chokha/8bd80bd16e.jpg; C:\recipe_project\images/litti_chokha/8faa5ff284.jpg; C:\recipe_project\images/litti_chokha/8fcfb71bc9.jpg; C:\recipe_project\images/litti_chokha/9a4e1b71ac.jpg; C:\recipe_project\images/litti_chokha/9aa385cd3a.jpg,,,,,,2 cups whole wheat flour; salt; 1 tbsp ghee; 1 cup sattu; cumin; fennel; ajwain; nigella; chilli; ginger; garlic; coriander; lemon juice; mustard oil; 2 potatoes; 2 tomatoes; onion; green chilli,"1. Knead wheat flour, salt and ghee into a soft dough and rest. 2. Mix sattu with cumin, fennel, ajwain, nigella, chilli, ginger, garlic, coriander, lemon and mustard oil. 3. Stuff dough balls with the sattu filling and seal. 4. Bake or roast until browned. 5. Roast or boil potatoes and tomatoes for chokha and mash with onion, chilli, garlic, coriander, salt and mustard oil. 6. Serve with ghee.",,classic litti chokha,23,"1, 3, 6, 7, 8, 10, 13, 14, 15, 19, 20, 21, 22, 28, 29, 33, 35, 40, 44, 45, 46, 47, 48",YES,Dassana's Veg Recipes – Litti Chokha,Reputable website – adapted variant,https://www.vegrecipesofindia.com/litti-chokha-recipe/,Base recipe adapted to predicted variety
litti_chokha,sattu litti chokha,C:\recipe_project\images/litti_chokha/5d54672f09.jpg; C:\recipe_project\images/litti_chokha/6f4ee223b6.jpg; C:\recipe_project\images/litti_chokha/7ebf710881.jpg,,,,,,2 cups whole wheat flour; salt; 1 tbsp ghee; 1 cup sattu; cumin; fennel; ajwain; nigella; chilli; ginger; garlic; coriander; lemon juice; mustard oil; potatoes and tomatoes for chokha,"1. Knead flour, salt and ghee into a soft dough. 2. Mix sattu with spices, herbs, lemon juice and mustard oil. 3. Fill dough balls with the sattu mixture and seal. 4. Bake or roast until golden and cooked. 5. Prepare potato-tomato chokha with onion, chilli and mustard oil. 6. Serve hot with melted ghee.",,sattu litti chokha,3,"34, 38, 42",YES,Dassana's Veg Recipes – Litti Chokha,Reputable website – adapted variant,https://www.vegrecipesofindia.com/litti-chokha-recipe/,Base recipe adapted to predicted variety
litti_chokha,stuffed litti chokha,C:\recipe_project\images/litti_chokha/04c4fbc0b2.jpg; C:\recipe_project\images/litti_chokha/08a3ff5088.jpg; C:\recipe_project\images/litti_chokha/0e96fab2cc.jpg; C:\recipe_project\images/litti_chokha/1c971aa23c.jpg; C:\recipe_project\images/litti_chokha/1d253881a4.jpg; C:\recipe_project\images/litti_chokha/21d8403677.jpg; C:\recipe_project\images/litti_chokha/3be81fb40e.jpg; C:\recipe_project\images/litti_chokha/3cdde0a491.jpg; C:\recipe_project\images/litti_chokha/4b78bfd688.jpg; C:\recipe_project\images/litti_chokha/4c140a8f3e.jpg; C:\recipe_project\images/litti_chokha/4e34a34a51.jpg; C:\recipe_project\images/litti_chokha/5bca5df202.jpg; C:\recipe_project\images/litti_chokha/5bed5dc3c7.jpg; C:\recipe_project\images/litti_chokha/6da65aba79.jpg; C:\recipe_project\images/litti_chokha/7d73f9dcd2.jpg; C:\recipe_project\images/litti_chokha/9bfae42a96.jpg; C:\recipe_project\images/litti_chokha/9e97287384.jpg,,,,,,2 cups whole wheat flour; salt; 1 tbsp ghee; 1 cup sattu; 1 tbsp pickle masala; cumin; fennel; ajwain; chilli; ginger; garlic; coriander; lemon juice; mustard oil; chokha vegetables,"1. Knead flour with salt and ghee. 2. Combine sattu, pickle masala, spices, herbs, lemon juice and mustard oil for the filling. 3. Stuff and seal dough balls. 4. Bake or roast until browned. 5. Prepare chokha from roasted or boiled potato/tomato with onion, chilli and mustard oil. 6. Serve with ghee.",,stuffed litti chokha,17,"2, 4, 9, 11, 12, 18, 23, 24, 25, 26, 27, 30, 31, 36, 41, 49, 50",YES,Dassana's Veg Recipes – Litti Chokha,Reputable website – adapted variant,https://www.vegrecipesofindia.com/litti-chokha-recipe/,Base recipe adapted to predicted variety
Modak,Chocolate Modak Recipe,C:\recipe_project\images/modak/6dafb0bb0c.jpg; C:\recipe_project\images/modak/7c319139fe.jpg; C:\recipe_project\images/modak/8e1d56a60c.jpg,"Chocolate Modak Recipe is delicious and festive twist to Ganesh Chaturthi favourite. Also called kozhukattai, modaks are a staple for this festival, along with Sundal, served as the favourites of Lord Ganesh.",Indian,Dessert,Vegetarian,Total in 60 M,"

							 		2 cups Paneer (Homemade Cottage Cheese)							 		, made fresh at home							 	

							 		1/4 cup Cocoa Powder 

							 		3/4 cup Icing Sugar 

							 		1 cup Dry coconut (kopra)							 		, grated							 	

							 		1 teaspoon Vanilla Extract 
For stuffing (optional)

Whole Almonds (Badam)							 		, as needed							 	
","To begin making the Chocolate Modak Recipe, refer Homemade Paneer Recipe or the complete process on how to make homemade chenna/ paneer.Into a large mixing bowl, add the homemade chenna, the icing sugar, desiccated coconut, vanilla extract and cocoa powder and and knead well for at least 5 minutes until the chocolate modak mixture is well combined. It should be smooth without any lumps. Bring the chocolate modak mixture together in a ball, and pinch a lime-sized portions of the mixture, to shape into modaks.Use modak moulds to give them the trademark shape. You can also place a whole almond inside the mixture before shaping into a modak.Serve along with other festive sweets like South Indian Poli Recipe with Coconut Obbattu/Bobbattu) and Paneer Gulab Jamun Recipe (Delicious Diwali Sweet) .",1.0,chocolate modak,3,"33, 35, 44",YES,Original recipe dataset,Original dataset,,
Modak,Jackfruit Seed Modak Recipe,C:\recipe_project\images/modak/07fb5e63b9.jpg; C:\recipe_project\images/modak/0b22982f33.jpg; C:\recipe_project\images/modak/1bd58ab9ef.jpg; C:\recipe_project\images/modak/2de3a0e8ee.jpg; C:\recipe_project\images/modak/4aaf281dcd.jpg; C:\recipe_project\images/modak/4c803249aa.jpg; C:\recipe_project\images/modak/5c636c5ce0.jpg; C:\recipe_project\images/modak/6bb6f3826a.jpg; C:\recipe_project\images/modak/7c7a69cdf4.jpg; C:\recipe_project\images/modak/9a17b6b5fb.jpg; C:\recipe_project\images/modak/9ac7efb468.jpg; C:\recipe_project\images/modak/9f63c374e0.jpg," A twist to the classic Modak, this Jackfruit Seed Modak Recipe, is stuffed with a sweet mixture made of healthy jackfruit seeds, stuffed in a rice pocket. ",Indian,Dessert,Vegetarian,Total in 70 M,"
For the stuffing

							 		1 cup Jackfruit Seeds (Kathal) 

							 		1/3 cup Palm sugar							 		, powdered							 	

							 		1/2 teaspoon Cardamom Powder (Elaichi) 
For the outer layer

							 		1 cup Rice flour 

Water							 		, as needed							 	

							 		1 teaspoon Sesame (Gingelly) Oil 

							 		pinch Salt 
Others

Ghee							 		, as required, for rubbing the hands							 	

Thonnai (dried leaves)							 		, as needed, to cover the pan							 	
","To begin making the Jackfruit Seed Modak recipe, we will first prepare the jackfruit seed stuffing.Take a pressure cooker and add the jackfruit seeds with enough water. Pressure cook for 4 whistles.Allow the pressure release naturally, drain the water and remove the outer thick white skin. The brown skin is fine. Allow it to cool completely.In a mixer grinder, add the cooked jackfruit seeds, powdered palm sugar and cardamom powder. Blend well. Do not add water. Transfer into a bowl and divide them into 14 equal balls. You need to rub your palm with ghee before shaping them so that they will not stick on to your hands.The next step is to make the outer layer of the Jackfruit Seed Modak.Take one cup of rice flour, add salt and half a teaspoon of sesame oil. Boil 2 cups of water, you may not need all of it. Pour the water little by little on the rice flour and make it as a pliable dough. Add sesame oil to this and cover with a wet cloth. Open it only when needed.Rub your hands with ghee. Take a small portion of rice flour and shape it into a round ball.Later start making as a cup by starting to press from outer side. Place the stuffing and cover it.In a pressure cooker and place the dried thonnai leaves, now place the modaks over the leaves and steam for 15 minutes and your Jackfruit seed modak is ready. Serve Jackfruit Seed Modak on festivals or as a dessert after your festive meal of Matki Chi Rassa Bhaji Recipe and Rice Flour Bhakri Recipe and Maharashtrian Bharleli Vaangi Recipe. `",1.0,dry fruit modak,12,"3, 4, 9, 15, 20, 22, 26, 30, 36, 46, 48, 50",YES,Original recipe dataset,Original dataset,,
modak,fried modak,C:\recipe_project\images/modak/1e9e52250b.jpg; C:\recipe_project\images/modak/23f149d947.jpg; C:\recipe_project\images/modak/7ad4b47378.jpg; C:\recipe_project\images/modak/7df71f68a0.jpg,,,,,,1 cup rice flour; 1 cup water; pinch salt; 1 tsp ghee; 1 cup grated coconut; 3/4 cup jaggery; 1/2 tsp cardamom; oil for frying,"1. Cook coconut and jaggery together until the filling thickens; add cardamom and cool. 2. Boil water with salt and ghee. 3. Add rice flour, mix and cover briefly. 4. Knead into a soft dough while warm. 5. Shape small cups, fill with coconut-jaggery mixture and seal into modaks. 6. Deep-fry until golden and crisp.",,fried modak,4,"11, 13, 34, 39",YES,Archana's Kitchen – Modak recipes,Reputable website – adapted variant,https://www.archanaskitchen.com/tags/modak-recipes/,Base recipe adapted to predicted variety
Modak,Traditional Steamed Modak Recipe (Ukadiche Modak With Rice flour),C:\recipe_project\images/modak/05ff07c9ef.jpg; C:\recipe_project\images/modak/0c5eb6085f.jpg; C:\recipe_project\images/modak/1d4ab0ce4a.jpg; C:\recipe_project\images/modak/1f0b1cf722.jpg; C:\recipe_project\images/modak/2ef8173f6c.jpg; C:\recipe_project\images/modak/3d9e75b03d.jpg; C:\recipe_project\images/modak/4c057ffe7a.jpg; C:\recipe_project\images/modak/4d9e053736.jpg; C:\recipe_project\images/modak/4f22685b43.jpg; C:\recipe_project\images/modak/5d846c9bc8.jpg; C:\recipe_project\images/modak/6cd5dc0fe8.jpg; C:\recipe_project\images/modak/7d6f5f098b.jpg; C:\recipe_project\images/modak/9a04a55fc5.jpg,"Traditional Steamed Modak Recipe is Ukadiche Modak recipe with coating made With Rice flour. Ukadiche Modak is one of the many varieties of modak which are offered to Ganesh as Naivedyam on Ganesh Chaturthi festival. Modak is very popular in Maharashtra, India. The sweet filling inside modak is made of fresh grated coconut and jaggery, while the soft shell/coating is made from rice flour.",Maharashtrian Recipes,Dessert,Vegetarian,Total in 65 M,"
For Outer Layer

							 		1 cup Rice flour 

							 		1.5 cups Water 

							 		1 teaspoon Ghee 

							 		1 pinch Salt 
For The Filling

							 		1.5 cup Fresh coconut							 		, grated							 	

							 		1/2 cup Jaggery							 		, grated							 	

							 		3 to 4 Cardamom (Elaichi) Pods/Seeds							 		, powdered							 	

							 		1 teaspoon Rice flour 

							 		1 teaspoon Ghee 

							 		1 pinch Nutmeg powder 

							 		1 teaspoon Poppy seeds							 		, roasted							 	

							 		5 Whole Almonds (Badam)							 		, sliced							 	

							 		1 tablespoon Sultana Raisins							 		, optional							 	

							 		1 teaspoon Chironji							 		, optional							 	

							 		6 to 7 Pistachios							 		, sliced, optional							 	
","To prepare Traditional Steamed Modak Recipe (Ukadiche Modak With Rice flour), begin with making the stuffing for modak. Combine coconut, ghee and jaggery in a Non-stick pan.Cook on medium heat for about 3 to 4 minutes. Make sure that you do not overcook the mixture.Add the roasted poppy seeds, grounded cardamom, nutmeg powder and other remaining filling ingredients. Mix well and keep aside.In the same pan, heat the water along with ghee and pinch of salt.Bring to a boil, reduce heat, and add the rice flour in a steady flow, stirring continuously to prevent lumps from forming.Now cook this mixture on very low heat for about 2 to 3 minutes.Now switch off the flame and cover this pan with lid for 4 to 5 minutes.Now take this dough in a big bowl or plate. Allow to cool till the temperature you can handle to knead. Dip you palm in cool water and knead the hot dough very well.If dough looks hard or dry, then add a little warm water and continue to knead dough till completely smooth and pliable dough is made. Rest the dough covered with a damp cloth.",1.0,steamed modak,13,"1, 5, 10, 12, 16, 17, 21, 23, 25, 27, 32, 38, 45",YES,Original recipe dataset,Original dataset,,
Modak,Thengai Poornam Kozhukattai / Ukadiche Modak Recipe With Rice Flour,C:\recipe_project\images/modak/06aff48203.jpg; C:\recipe_project\images/modak/0cf3efc19c.jpg; C:\recipe_project\images/modak/0f29ef58ae.jpg; C:\recipe_project\images/modak/1adc11b705.jpg; C:\recipe_project\images/modak/2af2913c6f.jpg; C:\recipe_project\images/modak/3eeca5f596.jpg; C:\recipe_project\images/modak/4aa7021c30.jpg; C:\recipe_project\images/modak/4ee88e4c38.jpg; C:\recipe_project\images/modak/5d8b3dfcf6.jpg; C:\recipe_project\images/modak/5ec6755a57.jpg; C:\recipe_project\images/modak/6c980ae450.jpg; C:\recipe_project\images/modak/7d02ab89e2.jpg; C:\recipe_project\images/modak/7eef40597f.jpg; C:\recipe_project\images/modak/8cf230c635.jpg; C:\recipe_project\images/modak/8d086cf874.jpg; C:\recipe_project\images/modak/8d13047648.jpg; C:\recipe_project\images/modak/9ab67129ba.jpg; C:\recipe_project\images/modak/9ce7b93ce3.jpg,Thengai Poornam Kozhukattai / Ukadiche Modak Recipe is a very festive sweet that is made for Lord Ganesha's Birthday also known as Vinayaka or Ganesh Chaturthi that is observed in the month of August - September.,Maharashtrian Recipes,Snack,Vegetarian,Total in 40 M,"

							 		1 cup Rice flour 

							 		1 cup Water 

							 		1 teaspoon Oil 

							 		1/4 teaspoon Salt 
For the filling

							 		1-1/2 cups Fresh coconut							 		, grated							 	

							 		1/2 cup Jaggery 

							 		1 teaspoon Cardamom Powder (Elaichi) 
","In a heavy bottomed saucepan; combine all the ingredients for the filling and place it on high heat until the jaggery is dissolved completely.Once the jaggery dissolves, turn the heat to medium and keep stirring until the mixture thickens and the water begins to evaporate.It takes about 7-10 minutes for the water to evaporate. Towards the end you will notice the mixtures comes together, with all the water evaporated. The coconut filling will now look like sticky mixture.At this stage, turn off the heat and transfer the mixture to another bowl to cool. Once cool divide the mixture into 10-15 equal portions. This will be the sweet filling for the modak wrapper.",1.0,ukadiche modak,18,"2, 6, 7, 8, 14, 18, 19, 24, 28, 29, 31, 37, 40, 41, 42, 43, 47, 49",YES,Original recipe dataset,Original dataset,,
mysore_pak,ghee mysore pak,C:\recipe_project\images/mysore_pak/7adbebb058.jpg; C:\recipe_project\images/mysore_pak/9cd5c43a97.jpg; C:\recipe_project\images/mysore_pak/9e8625a45a.jpg,,,,,,1 cup besan; 1 cup sugar; 1/2 cup water; 1 cup ghee; 1 tbsp milk if needed,"1. Sieve besan. 2. Make a sugar syrup with sugar and water. 3. Gradually add besan while stirring to avoid lumps. 4. Add hot ghee in batches and continue stirring until the mixture leaves the pan. 5. For hard Mysore pak, cook a little longer; for ghee Mysore pak use generous ghee. 6. Spread in a greased tray, cool slightly and cut.",,ghee mysore pak,3,"35, 46, 49",YES,Swasthi's Recipes – Mysore Pak,Reputable website – adapted variant,https://www.indianhealthyrecipes.com/mysore-pak-recipe/,Base recipe adapted to predicted variety
mysore_pak,hard mysore pak,C:\recipe_project\images/mysore_pak/2f23a5135e.jpg; C:\recipe_project\images/mysore_pak/9e02cc5dc9.jpg,,,,,,1 cup besan; 1 cup sugar; 1/2 cup water; cook the mixture longer for a firmer texture; 1 tbsp milk if needed,"1. Sieve besan. 2. Make a sugar syrup with sugar and water. 3. Gradually add besan while stirring to avoid lumps. 4. Add hot ghee in batches and continue stirring until the mixture leaves the pan. 5. For hard Mysore pak, cook a little longer; for ghee Mysore pak use generous ghee. 6. Spread in a greased tray, cool slightly and cut.",,hard mysore pak,2,"16, 47",YES,Swasthi's Recipes – Mysore Pak,Reputable website – adapted variant,https://www.indianhealthyrecipes.com/mysore-pak-recipe/,Base recipe adapted to predicted variety
Dosa,Mysore Masala Dosa Made With Ragi Dosa Batter,C:\recipe_project\images/mysore_pak/002c57eb72.jpg; C:\recipe_project\images/mysore_pak/02d716c56c.jpg; C:\recipe_project\images/mysore_pak/04e5828268.jpg; C:\recipe_project\images/mysore_pak/0abf2d644a.jpg; C:\recipe_project\images/mysore_pak/0e9f6ff346.jpg; C:\recipe_project\images/mysore_pak/0ff36ab4a6.jpg; C:\recipe_project\images/mysore_pak/2ac73caff9.jpg; C:\recipe_project\images/mysore_pak/2b371b2950.jpg; C:\recipe_project\images/mysore_pak/2c0d01b5f2.jpg; C:\recipe_project\images/mysore_pak/2d314ad204.jpg; C:\recipe_project\images/mysore_pak/2ec4e743bb.jpg; C:\recipe_project\images/mysore_pak/2f6b53cb64.jpg; C:\recipe_project\images/mysore_pak/3b0793772e.jpg; C:\recipe_project\images/mysore_pak/3b263b7383.jpg; C:\recipe_project\images/mysore_pak/3b6a975893.jpg; C:\recipe_project\images/mysore_pak/4cbdd94ea4.jpg; C:\recipe_project\images/mysore_pak/4d09dffb79.jpg; C:\recipe_project\images/mysore_pak/4df7c148c9.jpg; C:\recipe_project\images/mysore_pak/4e36d0a5d2.jpg; C:\recipe_project\images/mysore_pak/4f53cec3ca.jpg; C:\recipe_project\images/mysore_pak/7a79e7865f.jpg; C:\recipe_project\images/mysore_pak/7bd88e0ca4.jpg; C:\recipe_project\images/mysore_pak/8b64532fcd.jpg; C:\recipe_project\images/mysore_pak/8c473c3b26.jpg,"Mysore Masala Dosa Recipe is a famous breakfast dish among the  Southern part of India. In this recipe we have used a ragi idli dosa batter to make the Masala Dosa. Traditionally, idli boiled rice and urad dal, along with some jaggery is used to make the dosa.",Karnataka,South Indian Breakfast,Vegetarian,Total in 60 M,"
For the Dosa Batter

							 		1 cup Idli Rice							 		, (a special rice available in the indian stores for making idli and dosas)							 	

							 		1/2 cup Ragi Seeds 

							 		1 cup White Urad Dal (Whole) 

							 		1 teaspoon Methi Seeds (Fenugreek Seeds) 

Water							 		, for soaking the rice							 	
For the red Chutney

							 		1 Onion							 		, chopped							 	

							 		3 tablespoon Roasted Gram Dal (Pottukadalai) 

							 		2 Dry Red Chillies 

							 		4 cloves Garlic 

							 		1 inch Ginger							 		, chopped							 	

Salt							 		, to taste							 	
For the Potato Palya

							 		4 Potatoes (Aloo) 

							 		1 teaspoon Cumin seeds (Jeera) 

							 		1 sprig Curry leaves 

							 		1 pinch Asafoetida (hing) 

							 		1 Onion							 		, sliced							 	

							 		1 teaspoon Turmeric powder (Haldi) 

							 		4 sprig Coriander (Dhania) Leaves							 		, chopped							 	

Salt							 		, to taste 							 	
","To begin making the Mysore Masala Dosa Recipe, we will first make the Ragi (Millet) Idli Dosa Batter.Add idli rice and ragi in a big bowl together, the level of water required is an inch above the rice in the bowl. Let it soak for about 6 hours.Soak the urad dal and fenugreek in water such that all of the dal is completely immersed in water. The level of water will be 2 inches above the dal in the bowl. Let it soak for about 6 hours.First grind the urad dal into a fine smooth batter. While grinding just enough water to make it into a very very smooth batter. The batter will look fluffy.Grind the rice and millet mixture into a smooth batter, adding just the required amount of water to grind into an almost smooth batter. Adding too much water will make the mixture too watery. Combine the urad and rice batter, add salt to taste and set aside for at least 12 hours or overnight until the batter ferments. You will notice the batter would have risen in volume.Hence you should place the batter in a large container so it has enough room to increase in its volume.*Note on fermenting the Ragi Idli & Dosa BatterFermenting has to take place where the weather is warm. So ideally in summer, the batter ferments very well and doubles or triples its quantity.But in cold places, the batter has to be kept in an oven. If your oven has a light, then turn on the light for a few hours with the batter in the oven.Once the oven is warm, turn off the light and let the batter ferment. If your oven does not have a light, then preheat the oven to warm, turn off oven then keep the batter in the oven to ferment. This process can be mastered with experience.*To Make the Red ChutneySoak the dry red chilli in warm water for at least 20 minutes.Once done you can add all the ingredients - Onion, ginger, garlic, roasted gram dal, soaked dry red chillies and salt into a mixer and grind with little water to form a coarse paste.You can check for seasoning and adjust the salt or spice level if you want later on and set aside in a bowl.*To make the PalyaPressure cook the potatoes with 2 cups of water, sprinkle little salt and cook for atleast 4 whistle.Once done allow the pressure cooker to release naturally, and drain all the water and peel off the skin and mash the potatoes and set aside.Heat a flat skillet with oil, add mustard seeds and allow it to sizzle for few seconds. Sprinkle with hing and add curry leaves and allow it to sparkle for few seconds.Add sliced onions, ginger and garlic for few minutes and sauté until the onions turn translucent.Add turmeric powder, salt and boiled potatoes and mix well until it is well combined. Check for salt and add coriander leaves at the end and stir. Add it into a bowl and keep it ready.*To make the Mysore Masala DosaThe next step is to assemble the dosa. Heat a dosa Tawa. Pour a small ladleful of dosa batter onto the Tawa and spread evenly with the back of the ladle to make a medium-sized dosa.Drizzle half a teaspoon of oil around the dosa and cook over low heat for few seconds. Spread a little red chutney all over the dosa and place some potato masala in the center of the dosa.Continue to cook the dosa over low heat till the dosa turned a little brown. Gently fold over one side and transfer the dosa to a serving plate.Serve Mysore Masala Dosa Recipe along with south Indian coconut chutney & Bangalore Restaurant Style Sambar to make your breakfast complete.",1.0,soft mysore pak,24,"1, 2, 4, 5, 7, 8, 11, 12, 13, 14, 15, 17, 18, 19, 20, 22, 23, 25, 26, 30, 34, 36, 38, 40",YES,Original recipe dataset,Original dataset,,
Dosa,Mysore Masala Dosa Made With Ragi Dosa Batter,C:\recipe_project\images/mysore_pak/03b2a6a448.jpg; C:\recipe_project\images/mysore_pak/0cb6e08c3a.jpg; C:\recipe_project\images/mysore_pak/1eb5189a9a.jpg; C:\recipe_project\images/mysore_pak/2a2184930a.jpg; C:\recipe_project\images/mysore_pak/3f45be514f.jpg; C:\recipe_project\images/mysore_pak/4d2318b024.jpg; C:\recipe_project\images/mysore_pak/4e586f0ab5.jpg; C:\recipe_project\images/mysore_pak/4e60c51db6.jpg; C:\recipe_project\images/mysore_pak/4f1149dee5.jpg; C:\recipe_project\images/mysore_pak/5d818c6c94.jpg; C:\recipe_project\images/mysore_pak/6b30121ed8.jpg; C:\recipe_project\images/mysore_pak/6e4cc84cc9.jpg; C:\recipe_project\images/mysore_pak/7f3d2b0c23.jpg; C:\recipe_project\images/mysore_pak/8b6e511efc.jpg; C:\recipe_project\images/mysore_pak/8c4fc1ac21.jpg; C:\recipe_project\images/mysore_pak/8f338a126d.jpg; C:\recipe_project\images/mysore_pak/9acab1deaa.jpg; C:\recipe_project\images/mysore_pak/9b3e89b91e.jpg; C:\recipe_project\images/mysore_pak/9b8583ea0a.jpg; C:\recipe_project\images/mysore_pak/9e3e7d4826.jpg; C:\recipe_project\images/mysore_pak/9eae7a8659.jpg,"Mysore Masala Dosa Recipe is a famous breakfast dish among the  Southern part of India. In this recipe we have used a ragi idli dosa batter to make the Masala Dosa. Traditionally, idli boiled rice and urad dal, along with some jaggery is used to make the dosa.",Karnataka,South Indian Breakfast,Vegetarian,Total in 60 M,"
For the Dosa Batter

							 		1 cup Idli Rice							 		, (a special rice available in the indian stores for making idli and dosas)							 	

							 		1/2 cup Ragi Seeds 

							 		1 cup White Urad Dal (Whole) 

							 		1 teaspoon Methi Seeds (Fenugreek Seeds) 

Water							 		, for soaking the rice							 	
For the red Chutney

							 		1 Onion							 		, chopped							 	

							 		3 tablespoon Roasted Gram Dal (Pottukadalai) 

							 		2 Dry Red Chillies 

							 		4 cloves Garlic 

							 		1 inch Ginger							 		, chopped							 	

Salt							 		, to taste							 	
For the Potato Palya

							 		4 Potatoes (Aloo) 

							 		1 teaspoon Cumin seeds (Jeera) 

							 		1 sprig Curry leaves 

							 		1 pinch Asafoetida (hing) 

							 		1 Onion							 		, sliced							 	

							 		1 teaspoon Turmeric powder (Haldi) 

							 		4 sprig Coriander (Dhania) Leaves							 		, chopped							 	

Salt							 		, to taste 							 	
","To begin making the Mysore Masala Dosa Recipe, we will first make the Ragi (Millet) Idli Dosa Batter.Add idli rice and ragi in a big bowl together, the level of water required is an inch above the rice in the bowl. Let it soak for about 6 hours.Soak the urad dal and fenugreek in water such that all of the dal is completely immersed in water. The level of water will be 2 inches above the dal in the bowl. Let it soak for about 6 hours.First grind the urad dal into a fine smooth batter. While grinding just enough water to make it into a very very smooth batter. The batter will look fluffy.Grind the rice and millet mixture into a smooth batter, adding just the required amount of water to grind into an almost smooth batter. Adding too much water will make the mixture too watery. Combine the urad and rice batter, add salt to taste and set aside for at least 12 hours or overnight until the batter ferments. You will notice the batter would have risen in volume.Hence you should place the batter in a large container so it has enough room to increase in its volume.*Note on fermenting the Ragi Idli & Dosa BatterFermenting has to take place where the weather is warm. So ideally in summer, the batter ferments very well and doubles or triples its quantity.But in cold places, the batter has to be kept in an oven. If your oven has a light, then turn on the light for a few hours with the batter in the oven.Once the oven is warm, turn off the light and let the batter ferment. If your oven does not have a light, then preheat the oven to warm, turn off oven then keep the batter in the oven to ferment. This process can be mastered with experience.*To Make the Red ChutneySoak the dry red chilli in warm water for at least 20 minutes.Once done you can add all the ingredients - Onion, ginger, garlic, roasted gram dal, soaked dry red chillies and salt into a mixer and grind with little water to form a coarse paste.You can check for seasoning and adjust the salt or spice level if you want later on and set aside in a bowl.*To make the PalyaPressure cook the potatoes with 2 cups of water, sprinkle little salt and cook for atleast 4 whistle.Once done allow the pressure cooker to release naturally, and drain all the water and peel off the skin and mash the potatoes and set aside.Heat a flat skillet with oil, add mustard seeds and allow it to sizzle for few seconds. Sprinkle with hing and add curry leaves and allow it to sparkle for few seconds.Add sliced onions, ginger and garlic for few minutes and sauté until the onions turn translucent.Add turmeric powder, salt and boiled potatoes and mix well until it is well combined. Check for salt and add coriander leaves at the end and stir. Add it into a bowl and keep it ready.*To make the Mysore Masala DosaThe next step is to assemble the dosa. Heat a dosa Tawa. Pour a small ladleful of dosa batter onto the Tawa and spread evenly with the back of the ladle to make a medium-sized dosa.Drizzle half a teaspoon of oil around the dosa and cook over low heat for few seconds. Spread a little red chutney all over the dosa and place some potato masala in the center of the dosa.Continue to cook the dosa over low heat till the dosa turned a little brown. Gently fold over one side and transfer the dosa to a serving plate.Serve Mysore Masala Dosa Recipe along with south Indian coconut chutney & Bangalore Restaurant Style Sambar to make your breakfast complete.",1.0,traditional mysore pak,21,"3, 6, 9, 10, 21, 24, 27, 28, 29, 31, 32, 33, 37, 39, 41, 42, 43, 44, 45, 48, 50",YES,Original recipe dataset,Original dataset,,
Naan,Homemade Butter Naan Recipe - Soft Yogurt Bread,C:\recipe_project\images/naan/07b8b992f2.jpg; C:\recipe_project\images/naan/2ed6582877.jpg; C:\recipe_project\images/naan/4c8d580378.jpg,The Homemade Butter Naan recipe is simple to make in your own kitchen. Naan is an Indian bread which is on every restaurant menu. It is a rich Indian bread that goes well with most Indian gravies. Everyone loves the soft texture of a good Butter naan. It is a hit among everyone. ,North Indian Recipes,Dinner,Vegetarian,Total in 90 M,"

							 		3 cups All Purpose Flour (Maida) 

							 		1/2 cup Butter (Unsalted)							 		, softened							 	

							 		1 cup Curd (Dahi / Yogurt) 

							 		3 tablespoons Lukewarm Water 

							 		1 tablespoon Sugar 

							 		2 teaspoons Active dry yeast 

							 		1-1/2 teaspoons Salt 
Others

							 		2 teaspoons Chaat Masala Powder 

							 		1 tablespoon Butter (Salted)							 		, softened							 	
","To begin making the Butter Naan recipe, in a large bowl add the 3 cups of flour and butter. With your hands, blend the butter into the flour until it forms coarse crumbs. You can do this in a blender as well, but the dough when worked with hands gives a better texture to the dough.Stir together the warm water, yeast  and sugar until yeast is completely dissolved. Now make a well in the center of the flour mixture and add the yogurt, salt and yeast mixture.Knead into the flour and until the whole dough collects into a mass. Add a little more water if required to bring the dough together. The dough will be wet and sticky. Wipe your hands clean and oil them. Now knead the naan dough with the oiled hands until smooth , for about 10 minutes; oil your hands more if the dough is sticky. The dough after 10 minutes of kneading will still be soft and pliable. Place the dough in a greased bowl, cover the bowl and  allow the dough to rest for 3 to 4 hours until the dough has doubled in volume. Once the naan dough has doubled, punch down the dough, knead for a minute and divide into 12 to 15 equal portions.With a rolling pin, quickly roll out each ball into a 5 inch oval. With your fingers, stretch each round into a 5-7 inch oval. The next step is to cook the naans. Follow either of the below methods.",1.0,butter naan,3,"2, 22, 31",YES,Original recipe dataset,Original dataset,,
Naan,Cheese Garlic Naan Recipe ,C:\recipe_project\images/naan/03f4894650.jpg; C:\recipe_project\images/naan/0b84f41ca9.jpg; C:\recipe_project\images/naan/0e188c151b.jpg; C:\recipe_project\images/naan/0e4a2fa251.jpg; C:\recipe_project\images/naan/1a21cfe891.jpg; C:\recipe_project\images/naan/1a8c8fba3f.jpg; C:\recipe_project\images/naan/1b1da65165.jpg; C:\recipe_project\images/naan/1c6416298b.jpg; C:\recipe_project\images/naan/1dc7baaf5c.jpg; C:\recipe_project\images/naan/2c9d6d7b72.jpg; C:\recipe_project\images/naan/2d1e66e1f1.jpg; C:\recipe_project\images/naan/3e45e8aa09.jpg; C:\recipe_project\images/naan/3eeba485b4.jpg; C:\recipe_project\images/naan/4c2e6d837f.jpg; C:\recipe_project\images/naan/5c15896a88.jpg; C:\recipe_project\images/naan/7c92a8be3b.jpg; C:\recipe_project\images/naan/7d5a4c401d.jpg; C:\recipe_project\images/naan/8a980da6b0.jpg,"Cheese Garlic Naan Recipe is a delicious naan recipe stuffed with gooey cheese and flavoured with garlic. The crispy flaky naan is cooked on a tawa and then on direct flame, to give it the lovely crispy texture. The garlic when comes in contact with the direct flame, gives the naan lovely roasted garlic flavour.  Slathered with butter and served hot with a dal or a delicious sabzi. ",North Indian Recipes,Main Course,Vegetarian,Total in 45 M,"

							 		1-1/2 cup All Purpose Flour (Maida) 

							 		1 cup Whole Wheat Flour 

							 		1/2 cup Curd (Dahi / Yogurt) 

							 		1 1/2 teaspoon Active dry yeast 

Salt							 		, to taste 							 	

							 		1 tablespoon Garlic							 		, minced 							 	

							 		1/4 cup Coriander (Dhania) Leaves							 		, finely chopped 							 	

							 		1 tablespoon Butter (Salted) 

							 		1 teaspoon Oil 
For the stuffing

							 		1 cup Cheese							 		, grated 							 	
For the topping 

							 		2 tablespoons Garlic							 		, finely chopped 							 	

Butter (Salted)							 		, to smear on the naans 							 	
","To begin making the Cheese Garlic Naan Recipe, we need to make the dough to ensure it is well rested. To make the dough in a mixing bowl, combine the all purpose flour, along with the whole wheat flour, active dry yeast, salt, garlic, coriander leaves, butter and mix well until the ingredients are well combined. Now knead the dough with the curd and use the required amount of water to knead a soft dough. Finally add in a teaspoon of oil and knead into a smooth dough and shape it into a large dough ball. Place this in a greased bowl, and cover with a damp cloth and keep it rested in a warm place for about two hours. Once the naan dough has doubled in size, punch down the dough, knead for a minute and divide into equal portions.Heat a cast iron tawa on medium heat, and keep it ready.Roll out each dough ball into a 4 inch diameter, place the grated cheese, and bring the edges together and make a potli, flatten between your palms, dust it in flour and begin to roll in a way that we get elongated, oval naans. Brush water on one side of the naan, and evenly spread it on the entire surface of the naan, now place this naan on the tawa, with the water side face down, quickly sprinkle some chopped garlic, and press it down on the naan, in a way it gets embedded in the Cheese Garlic Naan. Next, after about 40 seconds, flip the tawa upside down, in a way that the tawa is up and the naan is in direct contact with the flame. Gradually the naan , will fall off from the tawa, using a pair of tongs, take the Cheese Garlic Naan from the griddle and cook the other side directly on the flame. Keep moving the naan for even cooking. Remove from the flame, slather some butter and serve hot.  Serve hot Cheese Garlic Naan along with Spinach Mushroom Chickpea Curry Recipe or Tadkewali Masoor Dal Recipe - High Protein Masoor Dal Recipe,  Pudina Pyaz Kachumber Salad Recipe - Mint & Onion Salad  followed by a dessert of Mango Sago Kheer Recipe - Sabudana Kheer With Mangoes ",1.0,cheese naan,18,"1, 4, 8, 9, 10, 11, 12, 14, 16, 19, 20, 26, 27, 30, 36, 44, 45, 47",YES,Original recipe dataset,Original dataset,,
Naan,Butter Garlic Naan Recipe - Garlic Flavoured Flatbread,C:\recipe_project\images/naan/2b805d2a64.jpg; C:\recipe_project\images/naan/3d21c39420.jpg; C:\recipe_project\images/naan/4cf68969d1.jpg; C:\recipe_project\images/naan/5c3db0a526.jpg; C:\recipe_project\images/naan/6ac2aad044.jpg; C:\recipe_project\images/naan/6e24eb5a8e.jpg; C:\recipe_project\images/naan/7ed5cb94c1.jpg; C:\recipe_project\images/naan/8b30ccaf83.jpg; C:\recipe_project\images/naan/8c0ae71bea.jpg,"Butter Garlic Naan is one of the most popular flatbreads which is served in most of the Indian restaurants. Traditionally baked in a hot Tandoor oven, this soft, smoky, leavened bread can be easily made at home using a hot iron griddle, on the stove top with almost similar result.",North Indian Recipes,Lunch,Vegetarian,Total in 270 M,"

							 		3 cups All Purpose Flour (Maida) 

							 		1-1/2 teaspoons Active dry yeast 

							 		1/4 cup Curd (Dahi / Yogurt)							 		, whisked							 	

Salt							 		, as required							 	

							 		1/2 teaspoon Sugar 

							 		8 cloves Garlic							 		, ground							 	

							 		2 tablespoon Butter (Salted)							 		, softened							 	

Lukewarm Water							 		, as required							 	
For the topping

							 		6 cloves Garlic							 		, finely minced							 	

							 		2 teaspoons Coriander (Dhania) Leaves							 		, chopped							 	

							 		1 teaspoon Mint Leaves (Pudina)							 		, chopped							 	

							 		2 tablespoon Butter (Salted)							 		, melted							 	
","To begin making the Butter Garlic Naan, prep all the ingredients and keep them ready.In a large mixing bowl, add the flour, salt, sugar and yeast and stir to combine. Add the curd, butter, garlic paste and mix well. Gradually add the lukewarm water and knead it into a soft pliable dough.Knead for about 8-10 minutes on a flat, lightly floured surface. (Use the hook attachment for kneading, if using a stand mixer)Place the dough in a well oiled bowl and cover with a damp kitchen towel. Let the dough rest for 2 hours, till it doubles in size.Punch down the dough, once doubled and knead for a minute or two.Divide the dough into 6-7 equal portions and shape them into a ball. Pat or Roll out each ball to a 7-8 inch elongated, tear shape. (Keep the other dough balls covered while your roll out one.) Sprinkle some chopped garlic over the Naan and press well.Turn it over and brush this side with some water.Preheat an iron griddle over medium heatPlace the water brushed side on the hot iron griddle.Invert the griddle exposing the garlic side directly to the flame, without directly touching the flame.Move the griddle slowly so that the Naan cooks evenly.In about a minute, the Naan starts browning and you can see a few bubbles.Using a pair of tongs, take off the Naan from the griddle and cook the other side directly on the flame. Keep moving the naan for even cooking.Mix the coriander and mint with the melted butter. Brush the Garlic Naan with this herbed butter and serve Butter Garlic Naan with Punjabi Sabut Moong Ki Dal and Dry Methi Malai Matar, along with Beetroot Raita for a satisfying meal.",1.0,garlic naan,9,"17, 25, 32, 37, 41, 42, 46, 49, 50",YES,Original recipe dataset,Original dataset,,
naan,peshawari naan,C:\recipe_project\images/naan/0d49139e62.jpg; C:\recipe_project\images/naan/1c1b648e34.jpg; C:\recipe_project\images/naan/2f199686d1.jpg,,,,,,2 1/4 cups maida; 1 1/2 tsp yeast; 1 tsp sugar; 100 g yogurt; 150 ml warm water; 2 tsp salt; 2 tbsp oil; 1/4 cup almonds; 100 g raisins; 1/2 cup coconut; ghee/butter; kalonji,"1. Activate yeast with warm water and sugar. 2. Mix flour, salt, oil and yogurt with the yeast mixture to form a soft dough; rest until risen. 3. Divide dough and roll each portion. 4. Fill with chopped almonds, raisins and coconut and seal. 5. Roll gently, sprinkle kalonji and cook on a hot greased tawa until browned on both sides. 6. Brush with ghee and serve.",,peshawari naan,3,"6, 13, 23",YES,Archana's Kitchen – Peshwari Naan,Reputable website – exact recipe,https://www.archanaskitchen.com/recipe/peshwari-naan,Exact recipe
Naan,Peshwari Naan Recipe - Naan Stuffed With Sweet Dry Fruits,C:\recipe_project\images/naan/0c54ec3111.jpg; C:\recipe_project\images/naan/2c6a595231.jpg; C:\recipe_project\images/naan/4a32a5b649.jpg; C:\recipe_project\images/naan/4de22e2232.jpg; C:\recipe_project\images/naan/5e70549cca.jpg; C:\recipe_project\images/naan/5f23494020.jpg; C:\recipe_project\images/naan/5f8300b245.jpg; C:\recipe_project\images/naan/7c8975ad6b.jpg; C:\recipe_project\images/naan/8a9fc5ef58.jpg,"Naan is an Indian flat bread that can be made very easily at home and that too on stove top. The result – soft, pillowy, delicious naans! Peshawari naan is a close cousin of Kashmiri naan.",North Indian Recipes,Lunch,Vegetarian,Total in 120 M,"

							 		2-1/4 cups All Purpose Flour (Maida)							 		, extra for dusting							 	

							 		1-1/2 teaspoons Active dry yeast 

							 		1 teaspoon Sugar 

							 		100 grams Curd (Dahi / Yogurt) 

							 		150 ml Lukewarm Water 

							 		2 teaspoon Salt 

							 		2 tablespoon Oil 

Ghee							 		, or butter as needed							 	
For stuffing:

							 		1/4 cup Whole Almonds (Badam) 

							 		100 grams Sultana Raisins 

							 		1/2 cup Fresh coconut							 		, optional							 	

Kalonji (Onion Nigella Seeds)							 		, for sprinkling							 	
","To begin the preparation of Peshawari Naan, take yeast and sugar in a bowl and pour luke warm water and let it sit for 5 minutes until the yeast starts bubbling. If the yeast doesn’t react discard it and start another batch.In another bowl, add flour, salt, oil and mix with your fingers, make a well in the center and pour in the frothy yeast mixture and yogurt. Mix well. We just want all the dry flour to be wet. The dough will be sticky.Thoroughly clean the counter surface, rub your fingers with little flour, transfer the dough onto the counter and start kneading. Initially it will be sticky. Knead until smooth, soft and shiny.The kneading should be “stretch, fold back” movements. Do not add too much flour while kneading. We need flour just to rub your fingers with in case dough is very difficult to handle. If you add more flour, the naan might not turn soft.Place the dough into a bowl rub oil all over the dough, and cover it with a damp cloth. Set it aside for 1 – 1.5 hours, for the dough to prove. After 1-1.5 hours the dough would have risen and it would be double the size.In a mixer grinder, coarsely blend the almonds and the raisins and keep aside. Optionally add the coconut as well. Once the dough is proven, knock it down (punch it with your fist), this is done to release all the air that would have collected. Gently knead for another 2 minutes.Divide the dough into equal parts (I made 3 large balls). Dust a little flour if needed to roll and press the dough.Sprinkle the dry fruits in the center. Now bring the edges of the peshwari naan to the center sealing the stuffing in the center. Now roll the peshwari naan into any desired shape making sure not to break the stuffing out of the naan.Sprinkle some kalonji over the peshwari naan and may be few almond flakes on top as well.Heat a tawa. Grease it well with ghee. Place the rolled peshwari naan and cook covered on low flame. You will see the naan bubbling up.Turn the peshwari naan the other side and rub ghee generously and cook.Keep turning peshwari naan once in 30 seconds to 1 minute on both sides until all edges are cooked and naan is browned on both sides.Remove the peshwari naan from tawa and again rub ghee generously on top. Repeat the process for the remaining dough.Serve the Peshwari naan hot with butter chicken and dal or or Peshawari Chole Recipe for a complete meal.",1.0,plain naan,9,"5, 18, 28, 33, 38, 39, 40, 43, 48",YES,Original recipe dataset,Original dataset,,
Naan,Peshwari Naan Recipe - Naan Stuffed With Sweet Dry Fruits,C:\recipe_project\images/naan/0ac9b0c175.jpg; C:\recipe_project\images/naan/0d61f506a9.jpg; C:\recipe_project\images/naan/1cdc9b9e63.jpg; C:\recipe_project\images/naan/2e453cba80.jpg; C:\recipe_project\images/naan/3c6ec7f254.jpg; C:\recipe_project\images/naan/4b0d46befb.jpg; C:\recipe_project\images/naan/4fb1b2cedd.jpg; C:\recipe_project\images/naan/5a9fd2c50e.jpg,"Naan is an Indian flat bread that can be made very easily at home and that too on stove top. The result – soft, pillowy, delicious naans! Peshawari naan is a close cousin of Kashmiri naan.",North Indian Recipes,Lunch,Vegetarian,Total in 120 M,"

							 		2-1/4 cups All Purpose Flour (Maida)							 		, extra for dusting							 	

							 		1-1/2 teaspoons Active dry yeast 

							 		1 teaspoon Sugar 

							 		100 grams Curd (Dahi / Yogurt) 

							 		150 ml Lukewarm Water 

							 		2 teaspoon Salt 

							 		2 tablespoon Oil 

Ghee							 		, or butter as needed							 	
For stuffing:

							 		1/4 cup Whole Almonds (Badam) 

							 		100 grams Sultana Raisins 

							 		1/2 cup Fresh coconut							 		, optional							 	

Kalonji (Onion Nigella Seeds)							 		, for sprinkling							 	
","To begin the preparation of Peshawari Naan, take yeast and sugar in a bowl and pour luke warm water and let it sit for 5 minutes until the yeast starts bubbling. If the yeast doesn’t react discard it and start another batch.In another bowl, add flour, salt, oil and mix with your fingers, make a well in the center and pour in the frothy yeast mixture and yogurt. Mix well. We just want all the dry flour to be wet. The dough will be sticky.Thoroughly clean the counter surface, rub your fingers with little flour, transfer the dough onto the counter and start kneading. Initially it will be sticky. Knead until smooth, soft and shiny.The kneading should be “stretch, fold back” movements. Do not add too much flour while kneading. We need flour just to rub your fingers with in case dough is very difficult to handle. If you add more flour, the naan might not turn soft.Place the dough into a bowl rub oil all over the dough, and cover it with a damp cloth. Set it aside for 1 – 1.5 hours, for the dough to prove. After 1-1.5 hours the dough would have risen and it would be double the size.In a mixer grinder, coarsely blend the almonds and the raisins and keep aside. Optionally add the coconut as well. Once the dough is proven, knock it down (punch it with your fist), this is done to release all the air that would have collected. Gently knead for another 2 minutes.Divide the dough into equal parts (I made 3 large balls). Dust a little flour if needed to roll and press the dough.Sprinkle the dry fruits in the center. Now bring the edges of the peshwari naan to the center sealing the stuffing in the center. Now roll the peshwari naan into any desired shape making sure not to break the stuffing out of the naan.Sprinkle some kalonji over the peshwari naan and may be few almond flakes on top as well.Heat a tawa. Grease it well with ghee. Place the rolled peshwari naan and cook covered on low flame. You will see the naan bubbling up.Turn the peshwari naan the other side and rub ghee generously and cook.Keep turning peshwari naan once in 30 seconds to 1 minute on both sides until all edges are cooked and naan is browned on both sides.Remove the peshwari naan from tawa and again rub ghee generously on top. Repeat the process for the remaining dough.Serve the Peshwari naan hot with butter chicken and dal or or Peshawari Chole Recipe for a complete meal.",1.0,stuffed naan,8,"3, 7, 15, 21, 24, 29, 34, 35",YES,Original recipe dataset,Original dataset,,
Palak Paneer,Palak Paneer Recipe | Cottage Cheese In Spinach Gravy,C:\recipe_project\images/palak_paneer/0014af7366.jpg; C:\recipe_project\images/palak_paneer/01ba86f373.jpg; C:\recipe_project\images/palak_paneer/08e037d0bf.jpg; C:\recipe_project\images/palak_paneer/12d074bf4c.jpg; C:\recipe_project\images/palak_paneer/1bb8aad180.jpg; C:\recipe_project\images/palak_paneer/21cab3ef44.jpg; C:\recipe_project\images/palak_paneer/24a4b9772f.jpg; C:\recipe_project\images/palak_paneer/2ced6a652d.jpg; C:\recipe_project\images/palak_paneer/3a1d0c68e9.jpg; C:\recipe_project\images/palak_paneer/3a67297585.jpg; C:\recipe_project\images/palak_paneer/3a7f767299.jpg; C:\recipe_project\images/palak_paneer/3db457fd33.jpg; C:\recipe_project\images/palak_paneer/3e98e64aae.jpg; C:\recipe_project\images/palak_paneer/53a40b729b.jpg; C:\recipe_project\images/palak_paneer/5b0d78532d.jpg; C:\recipe_project\images/palak_paneer/68a2ea7f71.jpg; C:\recipe_project\images/palak_paneer/69be14e002.jpg; C:\recipe_project\images/palak_paneer/7d47571d38.jpg; C:\recipe_project\images/palak_paneer/8a316c3c19.jpg; C:\recipe_project\images/palak_paneer/9e04b2a4ec.jpg,"Palak Paneer Recipe (Cottage Cheese In Spinach Gravy) is a preparation of spinach that is steamed, pureed and simmered along with subtle spices and cottage cheese (paneer) .  ",Punjabi,Dinner,High Protein Vegetarian,Total in 60 M,"

							 		200 grams Paneer (Homemade Cottage Cheese)							 		, cut into cubes							 	

							 		500 grams Spinach Leaves (Palak)							 		, washed and chopped							 	

							 		1 tablespoon Ghee 

							 		2 cloves Garlic							 		, finely chopped							 	

							 		1 inch Ginger							 		, finely chopped							 	

							 		1 Tomato							 		, chopped							 	

							 		2 Green Chillies							 		, slit							 	

							 		1 teaspoon Cumin powder (Jeera) 

							 		1/4 teaspoon Turmeric powder (Haldi) 

							 		1 teaspoon Garam masala powder 

Salt							 		, to taste							 	
For seasoning

							 		1/2 teaspoon Cumin seeds (Jeera) 

							 		1 Bay leaf (tej patta) 

							 		1 inch Cinnamon Stick (Dalchini) 

							 		2 tablespoons Fresh cream 

							 		1 tablespoon Butter (Salted) 
","To begin making the Palak Paneer Recipe, first pick the palak leaves and wash them thrice. Chop the washed leaves and keep them aside.Heat ghee Into the pressure cooker over medium heat; add the ginger, garlic, tomatoes, green chillies, cumin powder, turmeric powder, garam masala powder. Saute for a few seconds until the tomatoes turn slightly soft.Add the chopped spinach, salt to taste - give it a stir and add one tablespoon of water. Cover the pressure cooker and cook the palak for just one whistle. After one whistle, turn off the heat and release the pressure immediately by using a fork and lifting the weight or by placing the cooker under cold running water.We release the pressure immediately, so that we retain the fresh green colour of palak. Open the cooker and allow the palak to cool completelyOnce cooled, pulse the palak in the blender to make a smooth pure. You can also choose to mash the spinach with a masher to give it a different texture as well. Melt the butter in a frying pan on medium heat; add cumin seeds, cinnamon stick and bay leaf. Saute the ingredients for a few seconds.  Next stir in the palak, cream and the diced paneer.  Check the salt and adjust accordingly to taste.When you are ready to serve, give the palak paneer a brisk boil for 3 to 4 minutes and turn off the heat. Transfer the Palak Paneer  to a serving dish and serve hot.Serve the Palak Paneer Recipe along with hot Phulkas, Jeera pulao and Dal Makhani for a delicious lunch or dinner.",1.0,classic palak paneer,20,"1, 2, 6, 9, 14, 18, 19, 22, 25, 26, 27, 28, 29, 32, 34, 36, 37, 44, 46, 49",YES,Original recipe dataset,Original dataset,,
Palak Paneer,Palak Paneer Recipe | Cottage Cheese In Spinach Gravy,C:\recipe_project\images/palak_paneer/0c9a2788b5.jpg; C:\recipe_project\images/palak_paneer/1abc58b415.jpg; C:\recipe_project\images/palak_paneer/20b3524a19.jpg; C:\recipe_project\images/palak_paneer/24b73cf7fe.jpg; C:\recipe_project\images/palak_paneer/48a9ff780f.jpg; C:\recipe_project\images/palak_paneer/4d6bf4ed73.jpg; C:\recipe_project\images/palak_paneer/58fc2611af.jpg; C:\recipe_project\images/palak_paneer/65f983b106.jpg; C:\recipe_project\images/palak_paneer/7d4ed3cd31.jpg; C:\recipe_project\images/palak_paneer/9c01d41165.jpg,"Palak Paneer Recipe (Cottage Cheese In Spinach Gravy) is a preparation of spinach that is steamed, pureed and simmered along with subtle spices and cottage cheese (paneer) .  ",Punjabi,Dinner,High Protein Vegetarian,Total in 60 M,"

							 		200 grams Paneer (Homemade Cottage Cheese)							 		, cut into cubes							 	

							 		500 grams Spinach Leaves (Palak)							 		, washed and chopped							 	

							 		1 tablespoon Ghee 

							 		2 cloves Garlic							 		, finely chopped							 	

							 		1 inch Ginger							 		, finely chopped							 	

							 		1 Tomato							 		, chopped							 	

							 		2 Green Chillies							 		, slit							 	

							 		1 teaspoon Cumin powder (Jeera) 

							 		1/4 teaspoon Turmeric powder (Haldi) 

							 		1 teaspoon Garam masala powder 

Salt							 		, to taste							 	
For seasoning

							 		1/2 teaspoon Cumin seeds (Jeera) 

							 		1 Bay leaf (tej patta) 

							 		1 inch Cinnamon Stick (Dalchini) 

							 		2 tablespoons Fresh cream 

							 		1 tablespoon Butter (Salted) 
","To begin making the Palak Paneer Recipe, first pick the palak leaves and wash them thrice. Chop the washed leaves and keep them aside.Heat ghee Into the pressure cooker over medium heat; add the ginger, garlic, tomatoes, green chillies, cumin powder, turmeric powder, garam masala powder. Saute for a few seconds until the tomatoes turn slightly soft.Add the chopped spinach, salt to taste - give it a stir and add one tablespoon of water. Cover the pressure cooker and cook the palak for just one whistle. After one whistle, turn off the heat and release the pressure immediately by using a fork and lifting the weight or by placing the cooker under cold running water.We release the pressure immediately, so that we retain the fresh green colour of palak. Open the cooker and allow the palak to cool completelyOnce cooled, pulse the palak in the blender to make a smooth pure. You can also choose to mash the spinach with a masher to give it a different texture as well. Melt the butter in a frying pan on medium heat; add cumin seeds, cinnamon stick and bay leaf. Saute the ingredients for a few seconds.  Next stir in the palak, cream and the diced paneer.  Check the salt and adjust accordingly to taste.When you are ready to serve, give the palak paneer a brisk boil for 3 to 4 minutes and turn off the heat. Transfer the Palak Paneer  to a serving dish and serve hot.Serve the Palak Paneer Recipe along with hot Phulkas, Jeera pulao and Dal Makhani for a delicious lunch or dinner.",1.0,creamy palak paneer,10,"7, 13, 17, 20, 30, 31, 33, 35, 45, 48",YES,Original recipe dataset,Original dataset,,
Palak Paneer,Palak Paneer Recipe | Cottage Cheese In Spinach Gravy,C:\recipe_project\images/palak_paneer/03df9f3576.jpg; C:\recipe_project\images/palak_paneer/10e3274b7f.jpg; C:\recipe_project\images/palak_paneer/14dd311488.jpg; C:\recipe_project\images/palak_paneer/1a90d575c4.jpg; C:\recipe_project\images/palak_paneer/1c36b39aa7.jpg; C:\recipe_project\images/palak_paneer/1c7db700dd.jpg; C:\recipe_project\images/palak_paneer/2a51a00412.jpg; C:\recipe_project\images/palak_paneer/38cc234193.jpg; C:\recipe_project\images/palak_paneer/39b872b21c.jpg; C:\recipe_project\images/palak_paneer/6ee5b36176.jpg; C:\recipe_project\images/palak_paneer/6f341133a3.jpg; C:\recipe_project\images/palak_paneer/71c5636b38.jpg; C:\recipe_project\images/palak_paneer/8ce2d98856.jpg; C:\recipe_project\images/palak_paneer/9e19735fc3.jpg,"Palak Paneer Recipe (Cottage Cheese In Spinach Gravy) is a preparation of spinach that is steamed, pureed and simmered along with subtle spices and cottage cheese (paneer) .  ",Punjabi,Dinner,High Protein Vegetarian,Total in 60 M,"

							 		200 grams Paneer (Homemade Cottage Cheese)							 		, cut into cubes							 	

							 		500 grams Spinach Leaves (Palak)							 		, washed and chopped							 	

							 		1 tablespoon Ghee 

							 		2 cloves Garlic							 		, finely chopped							 	

							 		1 inch Ginger							 		, finely chopped							 	

							 		1 Tomato							 		, chopped							 	

							 		2 Green Chillies							 		, slit							 	

							 		1 teaspoon Cumin powder (Jeera) 

							 		1/4 teaspoon Turmeric powder (Haldi) 

							 		1 teaspoon Garam masala powder 

Salt							 		, to taste							 	
For seasoning

							 		1/2 teaspoon Cumin seeds (Jeera) 

							 		1 Bay leaf (tej patta) 

							 		1 inch Cinnamon Stick (Dalchini) 

							 		2 tablespoons Fresh cream 

							 		1 tablespoon Butter (Salted) 
","To begin making the Palak Paneer Recipe, first pick the palak leaves and wash them thrice. Chop the washed leaves and keep them aside.Heat ghee Into the pressure cooker over medium heat; add the ginger, garlic, tomatoes, green chillies, cumin powder, turmeric powder, garam masala powder. Saute for a few seconds until the tomatoes turn slightly soft.Add the chopped spinach, salt to taste - give it a stir and add one tablespoon of water. Cover the pressure cooker and cook the palak for just one whistle. After one whistle, turn off the heat and release the pressure immediately by using a fork and lifting the weight or by placing the cooker under cold running water.We release the pressure immediately, so that we retain the fresh green colour of palak. Open the cooker and allow the palak to cool completelyOnce cooled, pulse the palak in the blender to make a smooth pure. You can also choose to mash the spinach with a masher to give it a different texture as well. Melt the butter in a frying pan on medium heat; add cumin seeds, cinnamon stick and bay leaf. Saute the ingredients for a few seconds.  Next stir in the palak, cream and the diced paneer.  Check the salt and adjust accordingly to taste.When you are ready to serve, give the palak paneer a brisk boil for 3 to 4 minutes and turn off the heat. Transfer the Palak Paneer  to a serving dish and serve hot.Serve the Palak Paneer Recipe along with hot Phulkas, Jeera pulao and Dal Makhani for a delicious lunch or dinner.",1.0,restaurant style palak paneer,14,"3, 8, 10, 12, 15, 16, 21, 23, 24, 41, 42, 43, 47, 50",YES,Original recipe dataset,Original dataset,,
Palak Paneer,Palak Paneer Recipe | Cottage Cheese In Spinach Gravy,C:\recipe_project\images/palak_paneer/058d2b909e.jpg; C:\recipe_project\images/palak_paneer/08d0d520bc.jpg; C:\recipe_project\images/palak_paneer/15b64e7201.jpg; C:\recipe_project\images/palak_paneer/6c5ac985c1.jpg; C:\recipe_project\images/palak_paneer/6d07e5c40d.jpg; C:\recipe_project\images/palak_paneer/6db1f5519e.jpg,"Palak Paneer Recipe (Cottage Cheese In Spinach Gravy) is a preparation of spinach that is steamed, pureed and simmered along with subtle spices and cottage cheese (paneer) .  ",Punjabi,Dinner,High Protein Vegetarian,Total in 60 M,"

							 		200 grams Paneer (Homemade Cottage Cheese)							 		, cut into cubes							 	

							 		500 grams Spinach Leaves (Palak)							 		, washed and chopped							 	

							 		1 tablespoon Ghee 

							 		2 cloves Garlic							 		, finely chopped							 	

							 		1 inch Ginger							 		, finely chopped							 	

							 		1 Tomato							 		, chopped							 	

							 		2 Green Chillies							 		, slit							 	

							 		1 teaspoon Cumin powder (Jeera) 

							 		1/4 teaspoon Turmeric powder (Haldi) 

							 		1 teaspoon Garam masala powder 

Salt							 		, to taste							 	
For seasoning

							 		1/2 teaspoon Cumin seeds (Jeera) 

							 		1 Bay leaf (tej patta) 

							 		1 inch Cinnamon Stick (Dalchini) 

							 		2 tablespoons Fresh cream 

							 		1 tablespoon Butter (Salted) 
","To begin making the Palak Paneer Recipe, first pick the palak leaves and wash them thrice. Chop the washed leaves and keep them aside.Heat ghee Into the pressure cooker over medium heat; add the ginger, garlic, tomatoes, green chillies, cumin powder, turmeric powder, garam masala powder. Saute for a few seconds until the tomatoes turn slightly soft.Add the chopped spinach, salt to taste - give it a stir and add one tablespoon of water. Cover the pressure cooker and cook the palak for just one whistle. After one whistle, turn off the heat and release the pressure immediately by using a fork and lifting the weight or by placing the cooker under cold running water.We release the pressure immediately, so that we retain the fresh green colour of palak. Open the cooker and allow the palak to cool completelyOnce cooled, pulse the palak in the blender to make a smooth pure. You can also choose to mash the spinach with a masher to give it a different texture as well. Melt the butter in a frying pan on medium heat; add cumin seeds, cinnamon stick and bay leaf. Saute the ingredients for a few seconds.  Next stir in the palak, cream and the diced paneer.  Check the salt and adjust accordingly to taste.When you are ready to serve, give the palak paneer a brisk boil for 3 to 4 minutes and turn off the heat. Transfer the Palak Paneer  to a serving dish and serve hot.Serve the Palak Paneer Recipe along with hot Phulkas, Jeera pulao and Dal Makhani for a delicious lunch or dinner.",1.0,spicy palak paneer,6,"4, 5, 11, 38, 39, 40",YES,Original recipe dataset,Original dataset,,
Biryani,पनीर बटर मसाला बिरयानी रेसिपी - Layered Paneer Butter Masala Biryani Recipe,C:\recipe_project\images/paneer_butter_masala/1b1b07d9a4.jpg; C:\recipe_project\images/paneer_butter_masala/2a5020ff8c.jpg; C:\recipe_project\images/paneer_butter_masala/2bacf1d55a.jpg; C:\recipe_project\images/paneer_butter_masala/2dc1bb536b.jpg; C:\recipe_project\images/paneer_butter_masala/3d42568539.jpg; C:\recipe_project\images/paneer_butter_masala/49b717d94c.jpg; C:\recipe_project\images/paneer_butter_masala/5bf954ae7f.jpg,पनीर बटर मसाला बिरयानी रेसिपी एक स्वादिष्ट बिरयानी है जिसमे घी चावल और पनीर बटर मसाला को मिला कर बिरयानी बनाई जाती है. आप इसे अपनी हाउस पार्टीज या वीकेंड के खाने के लिए बना सकते है. यह एक स्वादिष्ट रेसिपी है जो आपके घर में सबको जरूर पसंद आएगी।,North Indian Recipes,Main Course,Vegetarian,Total in 45 M,"
चावल के लिए

							 		1 कप चावल 

							 		2 कप पानी 

							 		1 छोटा चम्मच घी 

							 		1 इलाइची 

							 		2 लॉन्ग 

							 		1 स्टार अनीस 

							 		1/2 इंच दालचीनी 

							 		2 पूरी काली मिर्च 

नमक							 		, स्वाद अनुसार							 	

							 		1 तेज पत्ता 
दूसरी सामग्री

							 		1/4 कप प्याज							 		, तल ले							 	

							 		1 टहनी हरा धनिया 

							 		1 टहनी पुदीना 
पनीर बटर मसाला के लिए

							 		200 ग्राम पनीर							 		, 1/2 इंच के क्यूब में काट ले							 	

							 		2 टमाटर 

							 		2 बड़े चम्मच क्रीम 

							 		1 प्याज							 		, काट ले							 	

							 		1 इंच अदरक 

							 		3 कली लहसुन 

							 		1 हरी मिर्च 

							 		1 छोटा चम्मच इलाइची पाउडर 

							 		1/2 छोटा चम्मच जीरा पाउडर 

							 		1/2 छोटा चम्मच गरम मसाला पाउडर 

							 		1/2 छोटा चम्मच लाल मिर्च पाउडर 

							 		1 छोटा चम्मच कसूरी मेथी 

							 		1 छोटा चम्मच शहद  

नमक							 		, स्वाद अनुसार							 	

तेल							 		, प्रयोग अनुसार							 	

							 		1 बड़ा चम्मच काजू							 		, गार्निश के लिए							 	
",पनीर बटर मसाला बिरयानी रेसिपी बनाने के लिए सबसे पहले चावल को धो कर 30 मिनट के लिए भिगो ले. ,1.0,classic paneer butter masala,7,"12, 19, 20, 23, 26, 28, 35",YES,Original recipe dataset,Original dataset,,
Biryani,पनीर बटर मसाला बिरयानी रेसिपी - Layered Paneer Butter Masala Biryani Recipe,C:\recipe_project\images/paneer_butter_masala/03c7021dba.jpg; C:\recipe_project\images/paneer_butter_masala/05f108bc61.jpg; C:\recipe_project\images/paneer_butter_masala/0a40ebbe55.jpg; C:\recipe_project\images/paneer_butter_masala/0cbbca29ad.jpg; C:\recipe_project\images/paneer_butter_masala/0d5934c096.jpg; C:\recipe_project\images/paneer_butter_masala/0ee3ec26da.jpg; C:\recipe_project\images/paneer_butter_masala/13e31e6443.jpg; C:\recipe_project\images/paneer_butter_masala/1c1699a008.jpg; C:\recipe_project\images/paneer_butter_masala/20ae9d2a5c.jpg; C:\recipe_project\images/paneer_butter_masala/23a4396b37.jpg; C:\recipe_project\images/paneer_butter_masala/28f881b27f.jpg; C:\recipe_project\images/paneer_butter_masala/2cad713253.jpg; C:\recipe_project\images/paneer_butter_masala/2eb4317ed6.jpg; C:\recipe_project\images/paneer_butter_masala/3eda18e18f.jpg; C:\recipe_project\images/paneer_butter_masala/4d7448193b.jpg; C:\recipe_project\images/paneer_butter_masala/56c2f31417.jpg; C:\recipe_project\images/paneer_butter_masala/7edd5c87db.jpg; C:\recipe_project\images/paneer_butter_masala/7f025c87be.jpg; C:\recipe_project\images/paneer_butter_masala/8c5a103c07.jpg; C:\recipe_project\images/paneer_butter_masala/8ce528c25e.jpg; C:\recipe_project\images/paneer_butter_masala/9a7f9d8e4c.jpg; C:\recipe_project\images/paneer_butter_masala/9b5296968c.jpg; C:\recipe_project\images/paneer_butter_masala/9db325f016.jpg,पनीर बटर मसाला बिरयानी रेसिपी एक स्वादिष्ट बिरयानी है जिसमे घी चावल और पनीर बटर मसाला को मिला कर बिरयानी बनाई जाती है. आप इसे अपनी हाउस पार्टीज या वीकेंड के खाने के लिए बना सकते है. यह एक स्वादिष्ट रेसिपी है जो आपके घर में सबको जरूर पसंद आएगी।,North Indian Recipes,Main Course,Vegetarian,Total in 45 M,"
चावल के लिए

							 		1 कप चावल 

							 		2 कप पानी 

							 		1 छोटा चम्मच घी 

							 		1 इलाइची 

							 		2 लॉन्ग 

							 		1 स्टार अनीस 

							 		1/2 इंच दालचीनी 

							 		2 पूरी काली मिर्च 

नमक							 		, स्वाद अनुसार							 	

							 		1 तेज पत्ता 
दूसरी सामग्री

							 		1/4 कप प्याज							 		, तल ले							 	

							 		1 टहनी हरा धनिया 

							 		1 टहनी पुदीना 
पनीर बटर मसाला के लिए

							 		200 ग्राम पनीर							 		, 1/2 इंच के क्यूब में काट ले							 	

							 		2 टमाटर 

							 		2 बड़े चम्मच क्रीम 

							 		1 प्याज							 		, काट ले							 	

							 		1 इंच अदरक 

							 		3 कली लहसुन 

							 		1 हरी मिर्च 

							 		1 छोटा चम्मच इलाइची पाउडर 

							 		1/2 छोटा चम्मच जीरा पाउडर 

							 		1/2 छोटा चम्मच गरम मसाला पाउडर 

							 		1/2 छोटा चम्मच लाल मिर्च पाउडर 

							 		1 छोटा चम्मच कसूरी मेथी 

							 		1 छोटा चम्मच शहद  

नमक							 		, स्वाद अनुसार							 	

तेल							 		, प्रयोग अनुसार							 	

							 		1 बड़ा चम्मच काजू							 		, गार्निश के लिए							 	
",पनीर बटर मसाला बिरयानी रेसिपी बनाने के लिए सबसे पहले चावल को धो कर 30 मिनट के लिए भिगो ले. ,1.0,creamy paneer butter masala,23,"1, 2, 5, 6, 7, 9, 10, 13, 15, 16, 18, 21, 24, 27, 30, 33, 39, 40, 42, 43, 47, 48, 49",YES,Original recipe dataset,Original dataset,,
Biryani,पनीर बटर मसाला बिरयानी रेसिपी - Layered Paneer Butter Masala Biryani Recipe,C:\recipe_project\images/paneer_butter_masala/07f1b059cc.jpg; C:\recipe_project\images/paneer_butter_masala/0a2fe30692.jpg; C:\recipe_project\images/paneer_butter_masala/0ec373725e.jpg; C:\recipe_project\images/paneer_butter_masala/17f818d048.jpg; C:\recipe_project\images/paneer_butter_masala/1da77e4b3d.jpg; C:\recipe_project\images/paneer_butter_masala/23b8311940.jpg; C:\recipe_project\images/paneer_butter_masala/2d2fecc59c.jpg; C:\recipe_project\images/paneer_butter_masala/2f9fad8a37.jpg; C:\recipe_project\images/paneer_butter_masala/4c52cdcde8.jpg; C:\recipe_project\images/paneer_butter_masala/51cfe2b0d0.jpg; C:\recipe_project\images/paneer_butter_masala/54b38451fc.jpg; C:\recipe_project\images/paneer_butter_masala/5be4bd8cfd.jpg; C:\recipe_project\images/paneer_butter_masala/60d9f480ad.jpg; C:\recipe_project\images/paneer_butter_masala/6b87719228.jpg; C:\recipe_project\images/paneer_butter_masala/6cf94acea9.jpg; C:\recipe_project\images/paneer_butter_masala/8a3a13fec0.jpg; C:\recipe_project\images/paneer_butter_masala/8d0cea1c5c.jpg; C:\recipe_project\images/paneer_butter_masala/8e352267f5.jpg; C:\recipe_project\images/paneer_butter_masala/9fe7856ec3.jpg,पनीर बटर मसाला बिरयानी रेसिपी एक स्वादिष्ट बिरयानी है जिसमे घी चावल और पनीर बटर मसाला को मिला कर बिरयानी बनाई जाती है. आप इसे अपनी हाउस पार्टीज या वीकेंड के खाने के लिए बना सकते है. यह एक स्वादिष्ट रेसिपी है जो आपके घर में सबको जरूर पसंद आएगी।,North Indian Recipes,Main Course,Vegetarian,Total in 45 M,"
चावल के लिए

							 		1 कप चावल 

							 		2 कप पानी 

							 		1 छोटा चम्मच घी 

							 		1 इलाइची 

							 		2 लॉन्ग 

							 		1 स्टार अनीस 

							 		1/2 इंच दालचीनी 

							 		2 पूरी काली मिर्च 

नमक							 		, स्वाद अनुसार							 	

							 		1 तेज पत्ता 
दूसरी सामग्री

							 		1/4 कप प्याज							 		, तल ले							 	

							 		1 टहनी हरा धनिया 

							 		1 टहनी पुदीना 
पनीर बटर मसाला के लिए

							 		200 ग्राम पनीर							 		, 1/2 इंच के क्यूब में काट ले							 	

							 		2 टमाटर 

							 		2 बड़े चम्मच क्रीम 

							 		1 प्याज							 		, काट ले							 	

							 		1 इंच अदरक 

							 		3 कली लहसुन 

							 		1 हरी मिर्च 

							 		1 छोटा चम्मच इलाइची पाउडर 

							 		1/2 छोटा चम्मच जीरा पाउडर 

							 		1/2 छोटा चम्मच गरम मसाला पाउडर 

							 		1/2 छोटा चम्मच लाल मिर्च पाउडर 

							 		1 छोटा चम्मच कसूरी मेथी 

							 		1 छोटा चम्मच शहद  

नमक							 		, स्वाद अनुसार							 	

तेल							 		, प्रयोग अनुसार							 	

							 		1 बड़ा चम्मच काजू							 		, गार्निश के लिए							 	
",पनीर बटर मसाला बिरयानी रेसिपी बनाने के लिए सबसे पहले चावल को धो कर 30 मिनट के लिए भिगो ले. ,1.0,restaurant style paneer butter masala,19,"3, 4, 8, 11, 14, 17, 22, 25, 29, 31, 32, 34, 36, 37, 38, 41, 44, 45, 50",YES,Original recipe dataset,Original dataset,,
Biryani,पनीर बटर मसाला बिरयानी रेसिपी - Layered Paneer Butter Masala Biryani Recipe,C:\recipe_project\images/paneer_butter_masala/8f215b2e9f.jpg,पनीर बटर मसाला बिरयानी रेसिपी एक स्वादिष्ट बिरयानी है जिसमे घी चावल और पनीर बटर मसाला को मिला कर बिरयानी बनाई जाती है. आप इसे अपनी हाउस पार्टीज या वीकेंड के खाने के लिए बना सकते है. यह एक स्वादिष्ट रेसिपी है जो आपके घर में सबको जरूर पसंद आएगी।,North Indian Recipes,Main Course,Vegetarian,Total in 45 M,"
चावल के लिए

							 		1 कप चावल 

							 		2 कप पानी 

							 		1 छोटा चम्मच घी 

							 		1 इलाइची 

							 		2 लॉन्ग 

							 		1 स्टार अनीस 

							 		1/2 इंच दालचीनी 

							 		2 पूरी काली मिर्च 

नमक							 		, स्वाद अनुसार							 	

							 		1 तेज पत्ता 
दूसरी सामग्री

							 		1/4 कप प्याज							 		, तल ले							 	

							 		1 टहनी हरा धनिया 

							 		1 टहनी पुदीना 
पनीर बटर मसाला के लिए

							 		200 ग्राम पनीर							 		, 1/2 इंच के क्यूब में काट ले							 	

							 		2 टमाटर 

							 		2 बड़े चम्मच क्रीम 

							 		1 प्याज							 		, काट ले							 	

							 		1 इंच अदरक 

							 		3 कली लहसुन 

							 		1 हरी मिर्च 

							 		1 छोटा चम्मच इलाइची पाउडर 

							 		1/2 छोटा चम्मच जीरा पाउडर 

							 		1/2 छोटा चम्मच गरम मसाला पाउडर 

							 		1/2 छोटा चम्मच लाल मिर्च पाउडर 

							 		1 छोटा चम्मच कसूरी मेथी 

							 		1 छोटा चम्मच शहद  

नमक							 		, स्वाद अनुसार							 	

तेल							 		, प्रयोग अनुसार							 	

							 		1 बड़ा चम्मच काजू							 		, गार्निश के लिए							 	
",पनीर बटर मसाला बिरयानी रेसिपी बनाने के लिए सबसे पहले चावल को धो कर 30 मिनट के लिए भिगो ले. ,1.0,spicy paneer butter masala,1,46,YES,Original recipe dataset,Original dataset,,
phirni,almond phirni,C:\recipe_project\images/phirni/0f8a406a29.jpg; C:\recipe_project\images/phirni/11afb3ca3f.jpg; C:\recipe_project\images/phirni/17f8c5d075.jpg; C:\recipe_project\images/phirni/1f4825add6.jpg; C:\recipe_project\images/phirni/25fa0b96dc.jpg; C:\recipe_project\images/phirni/28ac9df5a6.jpg; C:\recipe_project\images/phirni/2e8e0a90c4.jpg; C:\recipe_project\images/phirni/6e7f76546a.jpg; C:\recipe_project\images/phirni/7ce2507f95.jpg; C:\recipe_project\images/phirni/8fc59e4ef9.jpg; C:\recipe_project\images/phirni/9b59b5947a.jpg; C:\recipe_project\images/phirni/9fe5d747bf.jpg,,,,,,1/4 cup basmati rice; 1 litre full-fat milk; 1/2 cup sugar; 4 cardamoms; 2 pinches saffron; 2 tbsp ground almonds; pistachio/almond garnish,"1. Soak rice, drain and grind to a coarse paste. 2. Bring milk to a boil and lower the heat. 3. Stir in the rice paste and cook, stirring, until thick. 4. Add sugar, cardamom and saffron. 5. Stir in the named nut powder. 6. Pour into bowls, garnish and chill until set.",,almond phirni,12,"5, 6, 7, 9, 13, 16, 19, 30, 36, 42, 47, 50",YES,Swasthi's Recipes – Phirni,Reputable website – adapted variant,https://www.indianhealthyrecipes.com/phirni/,Base recipe adapted to predicted variety
Phirni,Gil-E-Firdaus Recipe (Kesar Phirni),C:\recipe_project\images/phirni/01ef25ec7d.jpg; C:\recipe_project\images/phirni/1c90b2be0c.jpg; C:\recipe_project\images/phirni/24a87eb5b7.jpg; C:\recipe_project\images/phirni/26acefe625.jpg; C:\recipe_project\images/phirni/26d9644403.jpg; C:\recipe_project\images/phirni/2ce003e27e.jpg; C:\recipe_project\images/phirni/2f272e7c97.jpg; C:\recipe_project\images/phirni/2f4c9d5bed.jpg; C:\recipe_project\images/phirni/4b0e86dfe6.jpg; C:\recipe_project\images/phirni/4cd1ba06b1.jpg; C:\recipe_project\images/phirni/6cf6911d43.jpg; C:\recipe_project\images/phirni/6de8f2160d.jpg; C:\recipe_project\images/phirni/6f1f62bdfc.jpg; C:\recipe_project\images/phirni/6fea00ddc2.jpg; C:\recipe_project\images/phirni/7a5804c54f.jpg; C:\recipe_project\images/phirni/7b2ff46eeb.jpg; C:\recipe_project\images/phirni/7b3d4c958d.jpg; C:\recipe_project\images/phirni/8cda10ea15.jpg; C:\recipe_project\images/phirni/8d6f3b6a3a.jpg; C:\recipe_project\images/phirni/9a6a49997a.jpg; C:\recipe_project\images/phirni/9aa5afb465.jpg; C:\recipe_project\images/phirni/9c76d064dd.jpg; C:\recipe_project\images/phirni/9e37fe8e62.jpg,"Gil-E-Firdaus also commonly known as Kesar Firni is a pudding made by grounded rice which is filled with lots of dry fruits and saffron. It's thick as compared to the normal rice kheer, garnished with lots of dry nuts and rose petals, comes from Mughlai Cuisine and is served chilled in various festivals and special occasions.",Hyderabadi,Dessert,Vegetarian,Total in 60 M,"

							 		1 liter Milk							 		, full cream milk							 	

							 		1 cup Rice							 		, coarsely grounded							 	

							 		1 cup Sugar 

							 		1 teaspoon Cardamom Powder (Elaichi) 

							 		Few Saffron strands 

							 		10 Whole Almonds (Badam)							 		, sliced							 	

							 		10 Cashew nuts							 		, chopped							 	

							 		1 tablespoon Pistachios							 		, chopped							 	

							 		10 Sultana Raisins 

							 		1 Edible Silver Foil/Leaf (Chandi Ka Vark)							 		, optional							 	
For garnish

							 		1 teaspoon Mixed nuts							 		, chopped (I used almonds and pistachios)							 	

							 		1 teaspoon Dried rose petals 

							 		Few Saffron strands 
","To begin making the Gil-E-Firdaus recipe, for making ground rice, wash and drain and let the rice rest for around 30 minutes. In a grinder add rice and grind it coarsely and keep aside.Heat milk in a thick bottomed vessel. As soon as the milk comes to a boil, add saffron and grounded rice and stir well. Break lumps if any. Keep stirring in medium to low heat to avoid getting burnt.Add cardamom powder and chopped dry fruits except raisins. We shall add raisins at the end to avoid milk getting separate.Keep stirring till the rice gets cooked and milk becomes thick and creamy. Scratch the sides of the vessel with a spatula to remove the thick cream accumulated.Drop that cream in the milk, that will make it more rick and creamy.Now add sugar to and stir well. You may suddenly find the milk getting a thin, but that's okay as sugar has a tendency to leave water.Cook the phirni for another few minutes till you get the required consistency.Turn off the flames and allow it to cool at room temperature.Transfer it to the serving bowls, cups or glasses and refrigerate it till chilled.Garnish each serving with chopped almonds, pistachios, saffron and dried rose petals and serve chilled.Serve Gil-E-Firdaus on festivals or as a dessert after your festive Diwali meal.",1.0,kesar phirni,23,"1, 8, 12, 14, 15, 18, 20, 21, 24, 25, 27, 28, 31, 32, 33, 34, 35, 40, 41, 44, 46, 48, 49",YES,Original recipe dataset,Original dataset,,
phirni,pistachio phirni,C:\recipe_project\images/phirni/07d089cad8.jpg; C:\recipe_project\images/phirni/1fa96c5241.jpg; C:\recipe_project\images/phirni/2b8ccbc4a2.jpg; C:\recipe_project\images/phirni/6b1f9f0434.jpg; C:\recipe_project\images/phirni/6e6e0168c6.jpg; C:\recipe_project\images/phirni/7d241c0d88.jpg; C:\recipe_project\images/phirni/8ff5e584fd.jpg; C:\recipe_project\images/phirni/9a9f6d089a.jpg,,,,,,1/4 cup basmati rice; 1 litre full-fat milk; 1/2 cup sugar; 4 cardamoms; 2 pinches saffron; 2 tbsp ground pistachios; pistachio/almond garnish,"1. Soak rice, drain and grind to a coarse paste. 2. Bring milk to a boil and lower the heat. 3. Stir in the rice paste and cook, stirring, until thick. 4. Add sugar, cardamom and saffron. 5. Stir in the named nut powder. 6. Pour into bowls, garnish and chill until set.",,pistachio phirni,8,"3, 10, 17, 26, 29, 38, 43, 45",YES,Swasthi's Recipes – Phirni,Reputable website – adapted variant,https://www.indianhealthyrecipes.com/phirni/,Base recipe adapted to predicted variety
Phirni,Gulab Phirni Recipe - Rose Flavoured Rice Pudding Shots,C:\recipe_project\images/phirni/1fd347ed6b.jpg; C:\recipe_project\images/phirni/7d154a9149.jpg; C:\recipe_project\images/phirni/8c3ce57e08.jpg,"Gulab Phirni Recipe is a freshing rice pudding packed with flavours from gulab jal and saffron and sweetened along with dates. It's easy to make, looks beautiful when served in small shot glasses, ensuring you are having the right portions and will light up your festive meals instantly. Make and serve Gulab Phirni at your next house party and wow your guests.",Indian,Dessert,Vegetarian,Total in 65 M,"

							 		1/4 cup Rice 

							 		2 tablespoons Milk 

							 		700 ml Milk 

							 		Few Saffron strands 

							 		2 tablespoons Rose water 

Mixed nuts							 		, pistachio and almonds for garnishing							 	
For dates

							 		1 cup Dates 

							 		1/2 cup Milk							 		, hot							 	
","To begin making the Gulab Phirni Recipe, soak the rice in water for half an hour.Chop the dates and soak the dates in about 1/2 cup of hot milk for about 30 minutesDrain water and pulse along with 2 tablespoons of milk in a mixer grinder till you get a grainy consistency. The grains should feel coarse between your fingers.Bring the milk to a brisk boil in a large saucepan, add the rice and saffron while whisking continuously. Turn the heat to low and keep stirring to avoid lumps.Keep stirring the mixture every couple of minutes.After about 20 minutes the mixture will start to thicken. Simmer the phirni mixture for another 20 to 25 minutes till it thickens considerably and the rice is completely cooked.Stir Occasionally to avoid the Phirni from sticking to the bottom of the pan and forming lumps.Once done and the Gulab Phirni is creamy, add the chopped and soaked dates and simmer for another 3 to 4 minutes. Finally add the gulab jal and stir it in.Turn off the heat and allow the Phirni mixture cool. Spoon the Gulab Phirni into small shot glasses. Garnish with chopped pistachios or sliced almonds.Cool the Gulab Phirni in the refrigerator for at least 3 hours or overnight and serve chilled.Serve Gulab Phirni Recipe along with Samosas and Mawa Gujiya With Badam and Pista Recipe to guests during festive occasions.",1.0,plain phirni,3,"11, 37, 39",YES,Original recipe dataset,Original dataset,,
Phirni,Gulab Phirni Recipe - Rose Flavoured Rice Pudding Shots,C:\recipe_project\images/phirni/04f68472f2.jpg; C:\recipe_project\images/phirni/0c10fc39f9.jpg; C:\recipe_project\images/phirni/3bb2c8cfef.jpg; C:\recipe_project\images/phirni/3e7f1ad6da.jpg,"Gulab Phirni Recipe is a freshing rice pudding packed with flavours from gulab jal and saffron and sweetened along with dates. It's easy to make, looks beautiful when served in small shot glasses, ensuring you are having the right portions and will light up your festive meals instantly. Make and serve Gulab Phirni at your next house party and wow your guests.",Indian,Dessert,Vegetarian,Total in 65 M,"

							 		1/4 cup Rice 

							 		2 tablespoons Milk 

							 		700 ml Milk 

							 		Few Saffron strands 

							 		2 tablespoons Rose water 

Mixed nuts							 		, pistachio and almonds for garnishing							 	
For dates

							 		1 cup Dates 

							 		1/2 cup Milk							 		, hot							 	
","To begin making the Gulab Phirni Recipe, soak the rice in water for half an hour.Chop the dates and soak the dates in about 1/2 cup of hot milk for about 30 minutesDrain water and pulse along with 2 tablespoons of milk in a mixer grinder till you get a grainy consistency. The grains should feel coarse between your fingers.Bring the milk to a brisk boil in a large saucepan, add the rice and saffron while whisking continuously. Turn the heat to low and keep stirring to avoid lumps.Keep stirring the mixture every couple of minutes.After about 20 minutes the mixture will start to thicken. Simmer the phirni mixture for another 20 to 25 minutes till it thickens considerably and the rice is completely cooked.Stir Occasionally to avoid the Phirni from sticking to the bottom of the pan and forming lumps.Once done and the Gulab Phirni is creamy, add the chopped and soaked dates and simmer for another 3 to 4 minutes. Finally add the gulab jal and stir it in.Turn off the heat and allow the Phirni mixture cool. Spoon the Gulab Phirni into small shot glasses. Garnish with chopped pistachios or sliced almonds.Cool the Gulab Phirni in the refrigerator for at least 3 hours or overnight and serve chilled.Serve Gulab Phirni Recipe along with Samosas and Mawa Gujiya With Badam and Pista Recipe to guests during festive occasions.",1.0,rose phirni,4,"2, 4, 22, 23",YES,Original recipe dataset,Original dataset,,
pithe,chushi pithe,C:\recipe_project\images/pithe/1d52dc653e.jpg; C:\recipe_project\images/pithe/2fabf79458.jpg,,,,,,1 cup rice flour; 1/2 cup grated coconut; 1/2 cup jaggery; 2 cups milk; pinch salt; cardamom; small rice-flour pasta-like pieces,"1. Cook coconut and jaggery into a moist filling. 2. Prepare a soft rice-flour dough or batter. 3. Shape the named pithe: dumplings for puli/dudh puli, thin crepes for patishapta, or small pieces for chushi. 4. Cook or steam the shaped pieces until done. 5. Simmer in sweetened milk with cardamom when the variety is milk-based. 6. Serve warm or chilled.",,chushi pithe,2,"11, 19",YES,Archana's Kitchen – Kheer/Pitha recipes,Reputable website – adapted variant,https://www.archanaskitchen.com/collection/collection-of-kheer-recipes-that-you-can-make-on-festivals-and-special-occasions,Base recipe adapted to predicted variety
pithe,dudh puli,C:\recipe_project\images/pithe/07bcd015de.jpg; C:\recipe_project\images/pithe/0c3fc00453.jpg; C:\recipe_project\images/pithe/1e820ca3b7.jpg; C:\recipe_project\images/pithe/2ffa850661.jpg; C:\recipe_project\images/pithe/3cfc4e1517.jpg; C:\recipe_project\images/pithe/45d83e5d3d.jpg; C:\recipe_project\images/pithe/5a7285d281.jpg; C:\recipe_project\images/pithe/62f2ac6ff9.jpg; C:\recipe_project\images/pithe/7b0311a688.jpg; C:\recipe_project\images/pithe/7bd0ee7d11.jpg; C:\recipe_project\images/pithe/7fa691b17b.jpg; C:\recipe_project\images/pithe/8ad36d7292.jpg; C:\recipe_project\images/pithe/9ba623dde6.jpg; C:\recipe_project\images/pithe/9f849ef5c6.jpg,,,,,,1 cup rice flour; 1/2 cup grated coconut; 1/2 cup jaggery; 2 cups milk; pinch salt; cardamom; coconut-jaggery stuffed rice dumplings,"1. Cook coconut and jaggery into a moist filling. 2. Prepare a soft rice-flour dough or batter. 3. Shape the named pithe: dumplings for puli/dudh puli, thin crepes for patishapta, or small pieces for chushi. 4. Cook or steam the shaped pieces until done. 5. Simmer in sweetened milk with cardamom when the variety is milk-based. 6. Serve warm or chilled.",,dudh puli,14,"3, 7, 12, 20, 23, 26, 35, 36, 42, 43, 45, 47, 48, 50",YES,Archana's Kitchen – Kheer/Pitha recipes,Reputable website – adapted variant,https://www.archanaskitchen.com/collection/collection-of-kheer-recipes-that-you-can-make-on-festivals-and-special-occasions,Base recipe adapted to predicted variety
pithe,patishapta,C:\recipe_project\images/pithe/06df13ef65.jpg; C:\recipe_project\images/pithe/0a8356be04.jpg; C:\recipe_project\images/pithe/0b9de65a64.jpg; C:\recipe_project\images/pithe/0ef0b97946.jpg; C:\recipe_project\images/pithe/0f19524f35.jpg; C:\recipe_project\images/pithe/1b969e1b20.jpg; C:\recipe_project\images/pithe/1ea2938387.jpg; C:\recipe_project\images/pithe/1fcc10db47.jpg; C:\recipe_project\images/pithe/22f3ebb97b.jpg; C:\recipe_project\images/pithe/2c9c53c4f1.jpg; C:\recipe_project\images/pithe/3cf4d741c2.jpg; C:\recipe_project\images/pithe/44d72b98d2.jpg; C:\recipe_project\images/pithe/45a90d619a.jpg; C:\recipe_project\images/pithe/4c3c73d380.jpg; C:\recipe_project\images/pithe/4c47c47e85.jpg; C:\recipe_project\images/pithe/4c47cbb054.jpg; C:\recipe_project\images/pithe/4c8c585613.jpg; C:\recipe_project\images/pithe/4e8f7b3104.jpg; C:\recipe_project\images/pithe/56eada35bb.jpg; C:\recipe_project\images/pithe/6b6d07a739.jpg; C:\recipe_project\images/pithe/6e69db0785.jpg; C:\recipe_project\images/pithe/6ec1e63f71.jpg; C:\recipe_project\images/pithe/8a99026712.jpg; C:\recipe_project\images/pithe/9f83dd9ae6.jpg,,,,,,1 cup rice flour; 1/2 cup grated coconut; 1/2 cup jaggery; 2 cups milk; pinch salt; cardamom; thin rice-flour crepes with coconut-jaggery filling,"1. Cook coconut and jaggery into a moist filling. 2. Prepare a soft rice-flour dough or batter. 3. Shape the named pithe: dumplings for puli/dudh puli, thin crepes for patishapta, or small pieces for chushi. 4. Cook or steam the shaped pieces until done. 5. Simmer in sweetened milk with cardamom when the variety is milk-based. 6. Serve warm or chilled.",,patishapta,24,"2, 5, 6, 8, 9, 10, 13, 14, 16, 17, 22, 24, 25, 28, 29, 30, 31, 32, 34, 37, 39, 40, 46, 49",YES,Archana's Kitchen – Kheer/Pitha recipes,Reputable website – adapted variant,https://www.archanaskitchen.com/collection/collection-of-kheer-recipes-that-you-can-make-on-festivals-and-special-occasions,Base recipe adapted to predicted variety
pithe,puli pithe,C:\recipe_project\images/pithe/03f3fec86b.jpg; C:\recipe_project\images/pithe/0a7d2966fb.jpg; C:\recipe_project\images/pithe/21c7fbf2fe.jpg; C:\recipe_project\images/pithe/2ceb8075cc.jpg; C:\recipe_project\images/pithe/34ee26ba92.jpg; C:\recipe_project\images/pithe/45df5a6268.jpg; C:\recipe_project\images/pithe/52eb4c2a1f.jpg; C:\recipe_project\images/pithe/6cb6e7b42f.jpg; C:\recipe_project\images/pithe/7a9807d2f5.jpg; C:\recipe_project\images/pithe/7befb8ce66.jpg,,,,,,1 cup rice flour; 1/2 cup grated coconut; 1/2 cup jaggery; 2 cups milk; pinch salt; cardamom; rice-flour dumplings filled with coconut and jaggery,"1. Cook coconut and jaggery into a moist filling. 2. Prepare a soft rice-flour dough or batter. 3. Shape the named pithe: dumplings for puli/dudh puli, thin crepes for patishapta, or small pieces for chushi. 4. Cook or steam the shaped pieces until done. 5. Simmer in sweetened milk with cardamom when the variety is milk-based. 6. Serve warm or chilled.",,puli pithe,10,"1, 4, 15, 18, 21, 27, 33, 38, 41, 44",YES,Archana's Kitchen – Kheer/Pitha recipes,Reputable website – adapted variant,https://www.archanaskitchen.com/collection/collection-of-kheer-recipes-that-you-can-make-on-festivals-and-special-occasions,Base recipe adapted to predicted variety
Poha,Aloo Poha Recipe - Batata Poha,C:\recipe_project\images/poha/01fe6cca57.jpg; C:\recipe_project\images/poha/0abcfb9143.jpg; C:\recipe_project\images/poha/0c434784ec.jpg; C:\recipe_project\images/poha/3a59c4d7b6.jpg; C:\recipe_project\images/poha/4a50ef0249.jpg; C:\recipe_project\images/poha/4b793400cc.jpg; C:\recipe_project\images/poha/5b2870bb2a.jpg; C:\recipe_project\images/poha/7b832d20cc.jpg; C:\recipe_project\images/poha/8a7a04c719.jpg; C:\recipe_project\images/poha/9c7d817f3c.jpg,"Aloo Poha also known as the Batata Poha brings with it delicious tastes and textures of sweetness, sourness, softness and crunchiness. It is made tangy and spicy from green chillies and lemon juice along with boiled potatoes that further enhances the texture.",Indian,Indian Breakfast,Vegetarian,Total in 50 M,"

							 		2 cups Poha (Flattened rice) 

							 		2 Potatoes (Aloo)							 		, boiled, peeled & cubed							 	

							 		1/4 cup Green peas (Matar)							 		, steamed							 	

							 		1/2 teaspoon Mustard seeds (Rai/ Kadugu) 

							 		1/2 teaspoon Cumin seeds (Jeera) 

							 		1 sprig Curry leaves							 		, finely chopped							 	

							 		2 Onion							 		, finely chopped							 	

							 		2 Green Chillies							 		, slit lengthwise							 	

							 		2 inch Ginger							 		, finely chopped							 	

							 		1/2 teaspoon Turmeric powder (Haldi) 

							 		1/4 teaspoon Asafoetida (hing) 

							 		2 teaspoons Sugar 

							 		2 Lemons							 		, juice extracted							 	

							 		2 tablespoon Roasted Peanuts (Moongphali) 

							 		2 tablespoons Oil 

							 		2 tablespoons Coriander (Dhania) Leaves							 		, finely chopped							 	

							 		3/4 cup Fresh Pomegranate Fruit Kernels							 		, to serve							 	

Salt							 		, to taste							 	
Alternative Ingredients: You can use the following ingredients in addition to the potatoes

							 		1/2 cup Sweet corn							 		, steamed							 	

							 		1/2 cup Green Moong Sprouts 
","To begin making the Aloo Poha Recipe-Batata Poha Recipe, we will first rinse the poha or flattened rice under cold water and drain any excess water. Using a large strainer for washing helps ease the rinsing process. Transfer the rinsed rice to a large bowl; stir in the turmeric, salt, sugar, asafoetida and keep aside.Heat oil in a pan on medium heat; add the mustard seeds, cumin seeds and allow them to crackle.Once the seeds have crackle stir in the onions, curry leaves, ginger, green chillies and sauté until the onions are tender and become translucent. Now stir in the potatoes and sauté for a couple of minutes till potatoes are cooked.Once done gradually stir in the flattened rice mixture into the onion and potato mixture.Sprinkle about 3 tablespoons of water and gently stir to combine all the ingredients. Turn the heat to low, cover the pan with a lid and let it simmer for 4-5 minutes. You will notice the flattened rice has fluffed up a little.Once the poha is done turn off heat and stir in the freshly squeezed lemon juice, steamed peas, roasted peanuts and chopped coriander leaves. Let the aloo poha sit covered for another minute.Serve the Aloo/Batata Poha hot sprinkled with pomegranate and a hot cup of chai made with chai ka masala or with Beet Latte Recipe. ",1.0,batata poha,10,"1, 5, 7, 18, 23, 25, 30, 39, 41, 49",YES,Original recipe dataset,Original dataset,,
Poha,Maharashtrian Kanda Poha Recipe,C:\recipe_project\images/poha/0b8929f2d5.jpg; C:\recipe_project\images/poha/0f206058b0.jpg; C:\recipe_project\images/poha/1d81eaece2.jpg; C:\recipe_project\images/poha/1ff3ffa923.jpg; C:\recipe_project\images/poha/3c1e55f366.jpg; C:\recipe_project\images/poha/4e44f65e50.jpg; C:\recipe_project\images/poha/6cd666a8bf.jpg; C:\recipe_project\images/poha/8ec8a0742f.jpg,"Maharashtrian Kanda Poha/Pohe is a very popular Maharashtrian breakfast or tea time snack. It is made from flattened/ beaten rice and tossed in caramelized onions, green chillies and peanuts. If you prefer to eat a light meal first thing in the morning, this super quick dish is just right for you. You can always spice it up or down depending on your taste. Serve Maharashtrian Kanda Poha Recipe with Samosa Recipe and Ginger Cardamom Chai.",Maharashtrian Recipes,Snack,Vegetarian,Total in 30 M,"

							 		300 grams Poha (Flattened rice) 

							 		1 Onion							 		, chopped finely							 	

							 		1 Green Chillies							 		, split in half							 	

							 		6 Curry leaves							 		, (optional)							 	

							 		1 tablespoon Cumin seeds (Jeera) 

							 		2 tablespoons Oil 

							 		1 teaspoon Sugar 

							 		1 tablespoon Roasted Peanuts (Moongphali) 

Salt							 		, to taste							 	

							 		2 tablespoons Coriander (Dhania) Leaves							 		, chopped fine, for the garnish							 	

							 		1 Lemon							 		, juiced							 	
","To begin making the Maharashtrian Kanda Poha Recipe, heat the oil in a large shallow pan. When the oil is hot, throw in the cumin seeds. When they splutter, add the chilli, peanuts and the curry leaves.Add the onions and cook till light pink or brown on a medium flame.In the meanwhile, wash the pohe and leave them to drain in a sieve. (The trick is to ensure they are still damp but not dripping when they are added into the pan)Once the onions are cooked, add in the pohe, season with salt, add the sugar, chopped coriander leaves and juice from one lemon. Stir all the ingredients well, turn the heat to low, cover the pan and simmer for about 2 to 3 minutes.After about 3 to 4 minutes, turn off the heat and serve the Maharashtrian Kanda Poha for breakfast or as a tea time snack, along with Samosa Recipe and Ginger Cardamom Chai.",1.0,kanda poha,8,"6, 9, 13, 17, 19, 27, 34, 47",YES,Original recipe dataset,Original dataset,,
Poha,Maharashtrian Gopalkala Recipe (Curd Poha With Fruits),C:\recipe_project\images/poha/0e639d80b3.jpg; C:\recipe_project\images/poha/10b105bbcf.jpg; C:\recipe_project\images/poha/1b4b8c3cc3.jpg; C:\recipe_project\images/poha/1e7b70c7ec.jpg; C:\recipe_project\images/poha/3cb176e471.jpg; C:\recipe_project\images/poha/3eced435ef.jpg; C:\recipe_project\images/poha/4a4e427baf.jpg; C:\recipe_project\images/poha/4eb521696a.jpg; C:\recipe_project\images/poha/4fe96eb701.jpg; C:\recipe_project\images/poha/6d4cc10345.jpg; C:\recipe_project\images/poha/6ef6d2e8ee.jpg; C:\recipe_project\images/poha/7ac080874b.jpg; C:\recipe_project\images/poha/8ab801783a.jpg; C:\recipe_project\images/poha/8fdf5b11ab.jpg,"Gopalkala is a beaten rice recipe mixed with curd, pomegranate and cucumber. Gopalkala is a prashad recipe that is specially made on Krishna Janmashtami. In Maharashtrian households, mothers make gopalkala with seasonal fruits to feed it to kids. This bean rice poha with fruits in curd, can be served for breakfast or as an afterschool snack.",Maharashtrian Recipes,Indian Breakfast,Vegetarian,Total in 12 M,"

							 		1 cup Poha (Flattened rice) 

							 		1/2 cup Curd (Dahi / Yogurt) 

							 		1/4 cup Cucumber							 		, finely chopped							 	

							 		1/4 cup Fresh coconut							 		, scraped							 	

							 		1/4 cup Anardana Powder (Pomegranate Seed Powder) 

							 		1 teaspoon Sugar 

							 		2 teaspoon Raw Peanuts (Moongphali) 

							 		2 Green Chillies							 		, finely chopped							 	

							 		1 teaspoon Ghee 

							 		1 teaspoon Cumin seeds (Jeera) 

							 		5 Curry leaves							 		, finely chopped							 	

Salt							 		, to taste							 	
","To prepare Gopalkala Recipe (Curd Poha With Fruits), wash the Poha under running water and allow to drain in a colander. (You can keep the colander on a fitting vessel.In a big mixing bowl, take this drained Poha and mix with chopped cucumber, grated Coconut, pomegranate seeds, curd, salt and sugar.Heat a tadka pan on medium heat and melt the ghee.Add cumin seeds, curry leaves, peanuts and chopped green chilies.Stir fry for a minute and pour this tempering over the Poha and mix well.Served Gopalkala Recipe for breakfast or as an afterschool snack for kids or for breakfast.",1.0,plain poha,14,"8, 10, 11, 15, 20, 21, 22, 28, 29, 35, 37, 38, 42, 48",YES,Original recipe dataset,Original dataset,,
Poha,Bengali Chirer Pulao Recipe - Bengali Style Vegetable Poha,C:\recipe_project\images/poha/06a10b3c3b.jpg; C:\recipe_project\images/poha/07a20c7587.jpg; C:\recipe_project\images/poha/07b1fd2bea.jpg; C:\recipe_project\images/poha/1ceb727efe.jpg; C:\recipe_project\images/poha/1e4ee59203.jpg; C:\recipe_project\images/poha/1fda470ebc.jpg; C:\recipe_project\images/poha/4a78619b2a.jpg; C:\recipe_project\images/poha/4cf37c3b5a.jpg; C:\recipe_project\images/poha/5d02581328.jpg; C:\recipe_project\images/poha/6b508a31f2.jpg; C:\recipe_project\images/poha/6c4184dfd1.jpg; C:\recipe_project\images/poha/6ede1680e9.jpg; C:\recipe_project\images/poha/7fbe7b01b9.jpg; C:\recipe_project\images/poha/8b92abb5e9.jpg; C:\recipe_project\images/poha/8bff1804b3.jpg; C:\recipe_project\images/poha/8c68184523.jpg; C:\recipe_project\images/poha/8d15768f3d.jpg; C:\recipe_project\images/poha/9dd3b41182.jpg,"Bengali Chirer Pulao Recipe is a twist to the poha variations that you find in other states of India. In Bengal, Poha is a staple breakfast dish and has a mild sweetness taste to it. The addition of raisins and vegetables to the Bengali Chirer Pulao makes this dish packed with nutrients and a healthy menu choice for the school lunch box as well.",Bengali Recipes,North Indian Breakfast,Vegetarian,Total in 35 M,"

							 		2 cups Poha (Flattened rice) 

							 		1 Onion							 		, thinly sliced							 	

							 		1 Carrot (Gajjar)							 		, finely chopped							 	

							 		1/4 cup Green beans (French Beans)							 		, finely chopped							 	

							 		1/2 cup Cauliflower (gobi)							 		, florets							 	

							 		1/3 cup Green peas (Matar) 

							 		3 tablespoons Roasted Peanuts (Moongphali) 

							 		1 tablespoon Sultana Raisins 

							 		1/4 teaspoon Kalonji (Onion Nigella Seeds) 

							 		1 teaspoon Turmeric powder (Haldi) 

							 		2 teaspoons Sugar 

Salt and Pepper							 		, to taste							 	

							 		1 tablespoon Lemon juice 

Coriander (Dhania) Leaves							 		, small bunch, finely chopped							 	

							 		1 tablespoons Oil 
","To begin making Bengali Chirer Pulao Recipe, we will first steam the green peas, carrots, cauliflower and beans in a steamer until it is cooked. Once cooked, remove from the steamer and keep the vegetables aside.Place the poha (Chirer) in a colander and rinse it well under running water. Stir the poha gently by using your fingers while rinsing, otherwise they will become mushy at the time of cooking. Once washed set aside the poha.The next step is to bring the Chirer Pulao together. Heat oil in a heavy bottomed pan or a wok. Add the nigella seeds and allow it to crackle.Add sliced onions and saute over medium heat till light brown in color.  Once the onions are tender, add the turmeric powder, steamed vegetables, peanuts, raisins, salt and sugar. Stir to combine and finally add rinsed poha (Chirer). Give the Bengali Chirer Pulao a gentle stir until all the ingredients come together. Turn the heat to low and cover the pan. Allow the Bengali Chirer Pulao to cook in the steam along with the vegetables. This will take about 3 to 4 minutes.After 3 to 4 minutes, you will notice the Chirer Pulao has puffed up slightly. At this stage turn off the heat. Stir in the juice from one lemon and the coriander leaves. Check the salt and seasonings and adjust to suit your taste.Serve the Bengali Chirer Pulao for the breakfast along with a hot cup of Masala Chai or enjoy it as an evening tea time snack.",1.0,vegetable poha,18,"2, 3, 4, 12, 14, 16, 24, 26, 31, 32, 33, 36, 40, 43, 44, 45, 46, 50",YES,Original recipe dataset,Original dataset,,
rabri,dry fruit rabri,C:\recipe_project\images/rabri/06b493f201.jpg; C:\recipe_project\images/rabri/13b4028c8d.jpg; C:\recipe_project\images/rabri/1e03392c86.jpg; C:\recipe_project\images/rabri/23ea1c0725.jpg; C:\recipe_project\images/rabri/4d3f25fd6c.jpg; C:\recipe_project\images/rabri/5d1b162000.jpg; C:\recipe_project\images/rabri/6b708f3d1f.jpg; C:\recipe_project\images/rabri/8e6f036dd4.jpg,,,,,,1.5 litres full-fat milk; 4–5 tbsp sugar; 1/2 tsp cardamom; 1/4 cup mixed nuts and raisins; 10 almonds; 15 pistachios,"1. Bring milk to a boil in a wide heavy pan. 2. Lower heat and repeatedly move the cream layer to the sides while stirring the milk below. 3. Continue until the milk reduces to about one-third. 4. Add sugar, cardamom and the named flavor. 5. Scrape the cream back into the rabri, add nuts and chill before serving.",,dry fruit rabri,8,"2, 7, 9, 11, 25, 30, 34, 43",YES,Swasthi's Recipes – Rabri,Reputable website – adapted variant,https://www.indianhealthyrecipes.com/rabri-recipe-video/,Base recipe adapted to predicted variety
rabri,kesar rabri,C:\recipe_project\images/rabri/0a3c6c1160.jpg; C:\recipe_project\images/rabri/10fd133bf2.jpg; C:\recipe_project\images/rabri/2b691baec7.jpg; C:\recipe_project\images/rabri/2f6fb4e307.jpg; C:\recipe_project\images/rabri/4c8d5701cc.jpg; C:\recipe_project\images/rabri/4df02154e3.jpg; C:\recipe_project\images/rabri/4f1437aaa9.jpg; C:\recipe_project\images/rabri/5c7f0eda5e.jpg; C:\recipe_project\images/rabri/5d28b2c144.jpg; C:\recipe_project\images/rabri/6bcd864798.jpg; C:\recipe_project\images/rabri/7f3f8a8e40.jpg; C:\recipe_project\images/rabri/8a6f9604c6.jpg; C:\recipe_project\images/rabri/8d160f5b4e.jpg; C:\recipe_project\images/rabri/9a95f38b7c.jpg; C:\recipe_project\images/rabri/9c701ce421.jpg,,,,,,1.5 litres full-fat milk; 4–5 tbsp sugar; 1/2 tsp cardamom; 2 pinches saffron; 10 almonds; 15 pistachios,"1. Bring milk to a boil in a wide heavy pan. 2. Lower heat and repeatedly move the cream layer to the sides while stirring the milk below. 3. Continue until the milk reduces to about one-third. 4. Add sugar, cardamom and the named flavor. 5. Scrape the cream back into the rabri, add nuts and chill before serving.",,kesar rabri,15,"3, 6, 13, 16, 24, 26, 27, 29, 31, 35, 39, 40, 42, 45, 49",YES,Swasthi's Recipes – Rabri,Reputable website – adapted variant,https://www.indianhealthyrecipes.com/rabri-recipe-video/,Base recipe adapted to predicted variety
rabri,malai rabri,C:\recipe_project\images/rabri/024cba4450.jpg; C:\recipe_project\images/rabri/0af06b0a53.jpg; C:\recipe_project\images/rabri/0d17b0ce13.jpg; C:\recipe_project\images/rabri/1ccb82a079.jpg; C:\recipe_project\images/rabri/1eec1abf9a.jpg; C:\recipe_project\images/rabri/24c144bdc3.jpg; C:\recipe_project\images/rabri/2bdab21920.jpg; C:\recipe_project\images/rabri/2d4523f8f4.jpg; C:\recipe_project\images/rabri/36e7487761.jpg; C:\recipe_project\images/rabri/37d7c2ca71.jpg; C:\recipe_project\images/rabri/39eeccd6ba.jpg; C:\recipe_project\images/rabri/3b39d9ea2b.jpg; C:\recipe_project\images/rabri/3da1568dfa.jpg; C:\recipe_project\images/rabri/3ff967da9a.jpg; C:\recipe_project\images/rabri/4f3f7709ca.jpg; C:\recipe_project\images/rabri/5dd3dbb52b.jpg; C:\recipe_project\images/rabri/5efb9e19c6.jpg; C:\recipe_project\images/rabri/6bdee84bb5.jpg; C:\recipe_project\images/rabri/6eccf4b195.jpg; C:\recipe_project\images/rabri/7e847708ec.jpg; C:\recipe_project\images/rabri/8c2ece11a1.jpg; C:\recipe_project\images/rabri/9a2ec53a4f.jpg; C:\recipe_project\images/rabri/9ad38c3259.jpg; C:\recipe_project\images/rabri/9b5e4e12ab.jpg; C:\recipe_project\images/rabri/9bc1b5aa0c.jpg; C:\recipe_project\images/rabri/9c7feeacfa.jpg,,,,,,1.5 litres full-fat milk; 4–5 tbsp sugar; 1/2 tsp cardamom; extra collected milk cream; 10 almonds; 15 pistachios,"1. Bring milk to a boil in a wide heavy pan. 2. Lower heat and repeatedly move the cream layer to the sides while stirring the milk below. 3. Continue until the milk reduces to about one-third. 4. Add sugar, cardamom and the named flavor. 5. Scrape the cream back into the rabri, add nuts and chill before serving.",,malai rabri,26,"1, 4, 5, 8, 10, 12, 14, 15, 17, 18, 20, 21, 22, 23, 28, 32, 33, 36, 37, 38, 41, 44, 46, 47, 48, 50",YES,Swasthi's Recipes – Rabri,Reputable website – adapted variant,https://www.indianhealthyrecipes.com/rabri-recipe-video/,Base recipe adapted to predicted variety
rabri,rose rabri,C:\recipe_project\images/rabri/39d990448b.jpg,,,,,,1.5 litres full-fat milk; 4–5 tbsp sugar; 1/2 tsp cardamom; 1 tsp rose water; 10 almonds; 15 pistachios,"1. Bring milk to a boil in a wide heavy pan. 2. Lower heat and repeatedly move the cream layer to the sides while stirring the milk below. 3. Continue until the milk reduces to about one-third. 4. Add sugar, cardamom and the named flavor. 5. Scrape the cream back into the rabri, add nuts and chill before serving.",,rose rabri,1,19,YES,Swasthi's Recipes – Rabri,Reputable website – adapted variant,https://www.indianhealthyrecipes.com/rabri-recipe-video/,Base recipe adapted to predicted variety
rasgulla,bengali rasgulla,C:\recipe_project\images/rasgulla/08cca5782a.jpg; C:\recipe_project\images/rasgulla/2fff4054b6.jpg; C:\recipe_project\images/rasgulla/3a4924c5f0.jpg; C:\recipe_project\images/rasgulla/67a0b5d362.jpg; C:\recipe_project\images/rasgulla/6e370baada.jpg; C:\recipe_project\images/rasgulla/72a87c23a2.jpg,,,,,,1 litre full-fat milk; 2 tbsp lemon juice; 1 cup sugar; 4 cups water; 2 cardamoms; plain chenna balls,"1. Bring milk to a boil and curdle with lemon juice. 2. Strain the chenna and wash gently; hang until just moist. 3. Knead until smooth and shape into small balls. 4. Boil sugar and water to make syrup. 5. Add balls, cover and cook until they puff and become spongy. 6. Follow the named variant for brown, dry or white finish and cool before serving.",,bengali rasgulla,6,"4, 13, 15, 29, 35, 38",YES,Archana's Kitchen – Bengali Rasgulla,Reputable website – adapted variant,https://www.archanaskitchen.com/recipe/rasgulla-rosogolla-a-delicious-bengali-sweet,Base recipe adapted to predicted variety
rasgulla,brown rasgulla,C:\recipe_project\images/rasgulla/014ce94539.jpg; C:\recipe_project\images/rasgulla/1dbc60a00c.jpg; C:\recipe_project\images/rasgulla/3ac546bb60.jpg; C:\recipe_project\images/rasgulla/3e474c7fa0.jpg; C:\recipe_project\images/rasgulla/55aa0e6d96.jpg; C:\recipe_project\images/rasgulla/6d92c18226.jpg; C:\recipe_project\images/rasgulla/6f58b256d5.jpg; C:\recipe_project\images/rasgulla/79bc9bded9.jpg; C:\recipe_project\images/rasgulla/7c6367c1e6.jpg; C:\recipe_project\images/rasgulla/81be6155a9.jpg; C:\recipe_project\images/rasgulla/84b6fcd406.jpg,,,,,,1 litre full-fat milk; 2 tbsp lemon juice; 1 cup sugar; 4 cups water; 2 cardamoms; cook the syrup longer or use lightly caramelized syrup,"1. Bring milk to a boil and curdle with lemon juice. 2. Strain the chenna and wash gently; hang until just moist. 3. Knead until smooth and shape into small balls. 4. Boil sugar and water to make syrup. 5. Add balls, cover and cook until they puff and become spongy. 6. Follow the named variant for brown, dry or white finish and cool before serving.",,brown rasgulla,11,"1, 10, 16, 21, 24, 34, 36, 39, 40, 41, 43",YES,Archana's Kitchen – Bengali Rasgulla,Reputable website – adapted variant,https://www.archanaskitchen.com/recipe/rasgulla-rosogolla-a-delicious-bengali-sweet,Base recipe adapted to predicted variety
rasgulla,dry rasgulla,C:\recipe_project\images/rasgulla/12dace47fc.jpg; C:\recipe_project\images/rasgulla/69dd42b748.jpg; C:\recipe_project\images/rasgulla/6aa91b4eea.jpg; C:\recipe_project\images/rasgulla/70b595e1ac.jpg; C:\recipe_project\images/rasgulla/87d7c05399.jpg; C:\recipe_project\images/rasgulla/8ea9cbf7ee.jpg; C:\recipe_project\images/rasgulla/9edcc97fc8.jpg,,,,,,"1 litre full-fat milk; 2 tbsp lemon juice; 1 cup sugar; 4 cups water; 2 cardamoms; cook the balls until firm, then drain and serve without excess syrup","1. Bring milk to a boil and curdle with lemon juice. 2. Strain the chenna and wash gently; hang until just moist. 3. Knead until smooth and shape into small balls. 4. Boil sugar and water to make syrup. 5. Add balls, cover and cook until they puff and become spongy. 6. Follow the named variant for brown, dry or white finish and cool before serving.",,dry rasgulla,7,"6, 30, 31, 37, 45, 46, 50",YES,Archana's Kitchen – Bengali Rasgulla,Reputable website – adapted variant,https://www.archanaskitchen.com/recipe/rasgulla-rosogolla-a-delicious-bengali-sweet,Base recipe adapted to predicted variety
rasgulla,white rasgulla,C:\recipe_project\images/rasgulla/03c77ada4d.jpg; C:\recipe_project\images/rasgulla/063a16b50b.jpg; C:\recipe_project\images/rasgulla/11a818e3f6.jpg; C:\recipe_project\images/rasgulla/15e2514789.jpg; C:\recipe_project\images/rasgulla/15f52d7785.jpg; C:\recipe_project\images/rasgulla/1b02eccfbe.jpg; C:\recipe_project\images/rasgulla/1e3f3359d5.jpg; C:\recipe_project\images/rasgulla/2ce50a96d1.jpg; C:\recipe_project\images/rasgulla/3a1266de50.jpg; C:\recipe_project\images/rasgulla/3b11e111b7.jpg; C:\recipe_project\images/rasgulla/3c22b84dd9.jpg; C:\recipe_project\images/rasgulla/3d24434b7a.jpg; C:\recipe_project\images/rasgulla/3d4802b49c.jpg; C:\recipe_project\images/rasgulla/3fa1c081db.jpg; C:\recipe_project\images/rasgulla/4efcadced4.jpg; C:\recipe_project\images/rasgulla/55f603e47f.jpg; C:\recipe_project\images/rasgulla/5a200c3472.jpg; C:\recipe_project\images/rasgulla/5cd440e52d.jpg; C:\recipe_project\images/rasgulla/5f675d88e0.jpg; C:\recipe_project\images/rasgulla/6ac863dbb4.jpg; C:\recipe_project\images/rasgulla/6d71ed5332.jpg; C:\recipe_project\images/rasgulla/82bf2b6314.jpg; C:\recipe_project\images/rasgulla/86f1c46bd8.jpg; C:\recipe_project\images/rasgulla/9a26b97d4b.jpg; C:\recipe_project\images/rasgulla/9c0002e783.jpg; C:\recipe_project\images/rasgulla/9d60bf1eb5.jpg,,,,,,1 litre full-fat milk; 2 tbsp lemon juice; 1 cup sugar; 4 cups water; 2 cardamoms; use a clear sugar syrup and keep the balls pale,"1. Bring milk to a boil and curdle with lemon juice. 2. Strain the chenna and wash gently; hang until just moist. 3. Knead until smooth and shape into small balls. 4. Boil sugar and water to make syrup. 5. Add balls, cover and cook until they puff and become spongy. 6. Follow the named variant for brown, dry or white finish and cool before serving.",,white rasgulla,26,"2, 3, 5, 7, 8, 9, 11, 12, 14, 17, 18, 19, 20, 22, 23, 25, 26, 27, 28, 32, 33, 42, 44, 47, 48, 49",YES,Archana's Kitchen – Bengali Rasgulla,Reputable website – adapted variant,https://www.archanaskitchen.com/recipe/rasgulla-rosogolla-a-delicious-bengali-sweet,Base recipe adapted to predicted variety
sandesh,chocolate sandesh,C:\recipe_project\images/sandesh/0f3175ce66.jpg; C:\recipe_project\images/sandesh/26e79a21ba.jpg; C:\recipe_project\images/sandesh/3afe15b371.jpg; C:\recipe_project\images/sandesh/5bef35ceb7.jpg; C:\recipe_project\images/sandesh/7f75616740.jpg; C:\recipe_project\images/sandesh/9e9076343e.jpg,,,,,,500 g fresh paneer/chenna; 2 tbsp powdered sugar; 1 tbsp milk powder; 100 g melted milk chocolate; chopped nuts for garnish,"1. Blend or knead paneer/chenna until smooth. 2. Mix in sugar and the named flavoring. 3. Cook the mixture on low heat, stirring continuously, until it becomes soft and leaves the pan. 4. Cool slightly and shape into small discs or moulds. 5. Garnish with nuts and refrigerate briefly before serving.",,chocolate sandesh,6,"9, 19, 21, 33, 43, 47",YES,Archana's Kitchen – Chocolate Sandesh,Reputable website – adapted variant,https://www.archanaskitchen.com/recipe/bengali-special-chocolate-sandesh-recipe,Base recipe adapted to predicted variety
sandesh,kesar sandesh,C:\recipe_project\images/sandesh/07cab2b323.jpg; C:\recipe_project\images/sandesh/0a06dfa719.jpg; C:\recipe_project\images/sandesh/0a1d8d6124.jpg; C:\recipe_project\images/sandesh/1fa07f3678.jpg; C:\recipe_project\images/sandesh/3eb70b5763.jpg; C:\recipe_project\images/sandesh/4c3e2f8b81.jpg; C:\recipe_project\images/sandesh/5a4e6f3785.jpg; C:\recipe_project\images/sandesh/5ce160b34d.jpg; C:\recipe_project\images/sandesh/6b37b3d6d9.jpg,,,,,,500 g fresh paneer/chenna; 2 tbsp powdered sugar; 1 tbsp milk powder; 2 pinches saffron soaked in warm milk; chopped nuts for garnish,"1. Blend or knead paneer/chenna until smooth. 2. Mix in sugar and the named flavoring. 3. Cook the mixture on low heat, stirring continuously, until it becomes soft and leaves the pan. 4. Cool slightly and shape into small discs or moulds. 5. Garnish with nuts and refrigerate briefly before serving.",,kesar sandesh,9,"2, 4, 5, 17, 22, 26, 32, 36, 38",YES,Nestlé Professional – Sandesh,Reputable website – adapted variant,https://www.nestleprofessional.in/recipes/sandesh,Base recipe adapted to predicted variety
sandesh,nolen gur sandesh,C:\recipe_project\images/sandesh/2c59e6c870.jpg; C:\recipe_project\images/sandesh/5a25c8cffe.jpg; C:\recipe_project\images/sandesh/5c1dc0509a.jpg; C:\recipe_project\images/sandesh/5c6da8a79d.jpg; C:\recipe_project\images/sandesh/6f35ed3874.jpg; C:\recipe_project\images/sandesh/9d7e51330a.jpg; C:\recipe_project\images/sandesh/9f8e16fb10.jpg,,,,,,500 g fresh paneer/chenna; 2 tbsp powdered sugar; 1 tbsp milk powder; 1/4 cup liquid nolen gur/date-palm jaggery; chopped nuts for garnish,"1. Blend or knead paneer/chenna until smooth. 2. Mix in sugar and the named flavoring. 3. Cook the mixture on low heat, stirring continuously, until it becomes soft and leaves the pan. 4. Cool slightly and shape into small discs or moulds. 5. Garnish with nuts and refrigerate briefly before serving.",,nolen gur sandesh,7,"20, 31, 34, 35, 39, 46, 50",YES,Nestlé Professional – Sandesh,Reputable website – adapted variant,https://www.nestleprofessional.in/recipes/sandesh,Base recipe adapted to predicted variety
sandesh,pistachio sandesh,C:\recipe_project\images/sandesh/07e2d36ebc.jpg; C:\recipe_project\images/sandesh/0aa9a3a768.jpg; C:\recipe_project\images/sandesh/0de59f4cbc.jpg; C:\recipe_project\images/sandesh/13b2c35930.jpg; C:\recipe_project\images/sandesh/1b6c65fc85.jpg; C:\recipe_project\images/sandesh/1d4b423cc4.jpg; C:\recipe_project\images/sandesh/24f8abeb1b.jpg; C:\recipe_project\images/sandesh/3f8e1f3292.jpg; C:\recipe_project\images/sandesh/3ff5e2f42f.jpg; C:\recipe_project\images/sandesh/4b4a8b808b.jpg; C:\recipe_project\images/sandesh/4c5181dbcb.jpg; C:\recipe_project\images/sandesh/4ebd9a49d3.jpg; C:\recipe_project\images/sandesh/7da126f76d.jpg; C:\recipe_project\images/sandesh/8c9c7d1e55.jpg; C:\recipe_project\images/sandesh/9f0b21ed2b.jpg,,,,,,500 g fresh paneer/chenna; 2 tbsp powdered sugar; 1 tbsp milk powder; 2 tbsp finely ground pistachios; chopped nuts for garnish,"1. Blend or knead paneer/chenna until smooth. 2. Mix in sugar and the named flavoring. 3. Cook the mixture on low heat, stirring continuously, until it becomes soft and leaves the pan. 4. Cool slightly and shape into small discs or moulds. 5. Garnish with nuts and refrigerate briefly before serving.",,pistachio sandesh,15,"3, 6, 7, 10, 13, 15, 18, 23, 24, 25, 27, 30, 41, 44, 49",YES,Nestlé Professional – Sandesh,Reputable website – adapted variant,https://www.nestleprofessional.in/recipes/sandesh,Base recipe adapted to predicted variety
sandesh,plain sandesh,C:\recipe_project\images/sandesh/00a3969131.jpg; C:\recipe_project\images/sandesh/0f0b55a701.jpg; C:\recipe_project\images/sandesh/15ce2c0fc0.jpg; C:\recipe_project\images/sandesh/16e9358433.jpg; C:\recipe_project\images/sandesh/1cb51aaf1e.jpg; C:\recipe_project\images/sandesh/1dc0a68931.jpg; C:\recipe_project\images/sandesh/4c99a589fe.jpg; C:\recipe_project\images/sandesh/4cf11fa775.jpg; C:\recipe_project\images/sandesh/5ce76edd82.jpg; C:\recipe_project\images/sandesh/7c97f1defe.jpg; C:\recipe_project\images/sandesh/7eab0972a1.jpg; C:\recipe_project\images/sandesh/8cfbeaef96.jpg; C:\recipe_project\images/sandesh/9e926b8b07.jpg,,,,,,500 g fresh paneer/chenna; 2 tbsp powdered sugar; 1 tbsp milk powder; no extra flavoring; chopped nuts for garnish,"1. Blend or knead paneer/chenna until smooth. 2. Mix in sugar and the named flavoring. 3. Cook the mixture on low heat, stirring continuously, until it becomes soft and leaves the pan. 4. Cool slightly and shape into small discs or moulds. 5. Garnish with nuts and refrigerate briefly before serving.",,plain sandesh,13,"1, 8, 11, 12, 14, 16, 28, 29, 37, 40, 42, 45, 48",YES,Nestlé Professional – Sandesh,Reputable website – adapted variant,https://www.nestleprofessional.in/recipes/sandesh,Base recipe adapted to predicted variety
sheer_korma,classic sheer khurma,C:\recipe_project\images/sheer_korma/3f271c68f4.jpg; C:\recipe_project\images/sheer_korma/8fd4a3b7ce.jpg,,,,,,3 cups milk; 1/4 cup roasted vermicelli; 1/2 cup sugar; 5 dates; 1 tbsp raisins; 2 tbsp pistachios; 1/2 tsp cardamom; 3 saffron strands; 1 tbsp ghee,"1. Roast vermicelli in ghee until lightly golden. 2. Heat milk with sugar, saffron and cardamom. 3. Add roasted vermicelli and simmer until tender. 4. Add dates, raisins and pistachios. 5. Cook 4–5 minutes until creamy. 6. Adjust thickness with milk and serve warm or chilled.",,classic sheer khurma,2,"24, 44",YES,Archana's Kitchen – Sheer Khurma,Reputable website – adapted variant,https://www.archanaskitchen.com/recipe/sheer-khurma-recipe-a-delicious-vermicelli-pudding,Base recipe adapted to predicted variety
sheer_korma,dry fruit sheer khurma,C:\recipe_project\images/sheer_korma/02f5027bbc.jpg; C:\recipe_project\images/sheer_korma/06e4829858.jpg; C:\recipe_project\images/sheer_korma/07a5773e7e.jpg; C:\recipe_project\images/sheer_korma/0a537265f1.jpg; C:\recipe_project\images/sheer_korma/0c74fbfe81.jpg; C:\recipe_project\images/sheer_korma/0d78a82637.jpg; C:\recipe_project\images/sheer_korma/0d7c015a6c.jpg; C:\recipe_project\images/sheer_korma/0e5a62c5f7.jpg; C:\recipe_project\images/sheer_korma/0e7e856044.jpg; C:\recipe_project\images/sheer_korma/19f71ebedd.jpg; C:\recipe_project\images/sheer_korma/1adc7c165e.jpg; C:\recipe_project\images/sheer_korma/1b5c37a3e8.jpg; C:\recipe_project\images/sheer_korma/1d0397ff69.jpg; C:\recipe_project\images/sheer_korma/27fe9072b3.jpg; C:\recipe_project\images/sheer_korma/2a92210a65.jpg; C:\recipe_project\images/sheer_korma/2ad74c4a5a.jpg; C:\recipe_project\images/sheer_korma/2b0dbbb016.jpg; C:\recipe_project\images/sheer_korma/2f4b330223.jpg; C:\recipe_project\images/sheer_korma/2f84119dc3.jpg; C:\recipe_project\images/sheer_korma/35d616b41c.jpg; C:\recipe_project\images/sheer_korma/3e457665ae.jpg; C:\recipe_project\images/sheer_korma/40b846eebc.jpg; C:\recipe_project\images/sheer_korma/4b817f4ba2.jpg; C:\recipe_project\images/sheer_korma/4c18fbcdcc.jpg; C:\recipe_project\images/sheer_korma/4c9bc348ab.jpg; C:\recipe_project\images/sheer_korma/4dbc1669fc.jpg; C:\recipe_project\images/sheer_korma/4f22018a07.jpg; C:\recipe_project\images/sheer_korma/5b9b7e35b9.jpg; C:\recipe_project\images/sheer_korma/5c8daf364d.jpg; C:\recipe_project\images/sheer_korma/5e1e5399fe.jpg; C:\recipe_project\images/sheer_korma/6bf24d7320.jpg; C:\recipe_project\images/sheer_korma/6d7ccb14d8.jpg; C:\recipe_project\images/sheer_korma/7a1a080fe4.jpg; C:\recipe_project\images/sheer_korma/7b3a1b8410.jpg; C:\recipe_project\images/sheer_korma/7bb1e60805.jpg; C:\recipe_project\images/sheer_korma/7cbde5b382.jpg; C:\recipe_project\images/sheer_korma/7e0367db7c.jpg; C:\recipe_project\images/sheer_korma/8b5fa64d88.jpg; C:\recipe_project\images/sheer_korma/8e4c091f3c.jpg; C:\recipe_project\images/sheer_korma/9a75346590.jpg; C:\recipe_project\images/sheer_korma/9ad9df3d3f.jpg; C:\recipe_project\images/sheer_korma/9b33f5aafe.jpg; C:\recipe_project\images/sheer_korma/9d1a624f9c.jpg; C:\recipe_project\images/sheer_korma/9e0081b03e.jpg; C:\recipe_project\images/sheer_korma/9e7fb4be48.jpg,,,,,,"3 cups milk; 1/4 cup roasted vermicelli; 1/2 cup sugar; 5 dates; 1 tbsp raisins; 2 tbsp pistachios; 1/2 tsp cardamom; 3 saffron strands; extra almonds, cashews, pistachios and raisins; 1 tbsp ghee","1. Roast vermicelli in ghee until lightly golden. 2. Heat milk with sugar, saffron and cardamom. 3. Add roasted vermicelli and simmer until tender. 4. Add dates, raisins and the named dry fruits. 5. Cook 4–5 minutes until creamy. 6. Adjust thickness with milk and serve warm or chilled.",,dry fruit sheer khurma,45,"1, 2, 3, 4, 6, 7, 8, 9, 10, 12, 13, 14, 15, 16, 17, 18, 19, 20, 21, 22, 23, 25, 26, 27, 28, 30, 31, 32, 33, 34, 35, 36, 37, 38, 39, 40, 41, 42, 43, 45, 46, 47, 48, 49, 50",YES,Archana's Kitchen – Sheer Khurma,Reputable website – adapted variant,https://www.archanaskitchen.com/recipe/sheer-khurma-recipe-a-delicious-vermicelli-pudding,Base recipe adapted to predicted variety
sheer_korma,vermicelli sheer khurma,C:\recipe_project\images/sheer_korma/0b31c7c40f.jpg; C:\recipe_project\images/sheer_korma/19df78dead.jpg; C:\recipe_project\images/sheer_korma/4ce0494bf8.jpg,,,,,,3 cups milk; 1/4 cup roasted vermicelli; 1/2 cup sugar; 5 dates; 1 tbsp raisins; 2 tbsp pistachios; 1/2 tsp cardamom; 3 saffron strands; 1/2 cup roasted vermicelli as the main grain; 1 tbsp ghee,"1. Roast vermicelli in ghee until lightly golden. 2. Heat milk with sugar, saffron and cardamom. 3. Add roasted vermicelli and simmer until tender. 4. Add dates, raisins and the named dry fruits. 5. Cook 4–5 minutes until creamy. 6. Adjust thickness with milk and serve warm or chilled.",,vermicelli sheer khurma,3,"5, 11, 29",YES,Archana's Kitchen – Sheer Khurma,Reputable website – adapted variant,https://www.archanaskitchen.com/recipe/sheer-khurma-recipe-a-delicious-vermicelli-pudding,Base recipe adapted to predicted variety
sheera,banana sheera,C:\recipe_project\images/sheera/35aec476cd.jpg; C:\recipe_project\images/sheera/5fc323039a.jpg; C:\recipe_project\images/sheera/72c9999a4d.jpg; C:\recipe_project\images/sheera/8ac394025d.jpg,,,,,,1 cup rava/semolina; 1/2 cup sugar; 2 cups hot water; 3 tbsp ghee; 1/4 tsp cardamom; cashews and raisins; 1 sliced ripe banana,1. Heat ghee and roast rava until aromatic and lightly golden. 2. Add hot water carefully and stir until absorbed. 3. Add sugar and cardamom and cook until thick and glossy. 4. Stir in the named fruit or saffron. 5. Garnish with roasted cashews and raisins and serve.,,banana sheera,4,"19, 35, 43, 45",YES,Swasthi's Recipes – Sheera,Reputable website – adapted variant,https://www.indianhealthyrecipes.com/suji-halwa-recipe-sheera-recipe/,Base recipe adapted to predicted variety
sheera,kesar sheera,C:\recipe_project\images/sheera/009bf8eb7d.jpg; C:\recipe_project\images/sheera/05bc4fffd1.jpg; C:\recipe_project\images/sheera/12a0916464.jpg; C:\recipe_project\images/sheera/13bd88990a.jpg; C:\recipe_project\images/sheera/14d717de86.jpg; C:\recipe_project\images/sheera/1f7d159f91.jpg; C:\recipe_project\images/sheera/29a306fa6e.jpg; C:\recipe_project\images/sheera/2a7dcc9088.jpg; C:\recipe_project\images/sheera/34e7c8ab2b.jpg; C:\recipe_project\images/sheera/3a9c701a50.jpg; C:\recipe_project\images/sheera/47b728f49c.jpg; C:\recipe_project\images/sheera/48a2b5d7e6.jpg; C:\recipe_project\images/sheera/4d2400684c.jpg; C:\recipe_project\images/sheera/4d8a19ddc2.jpg; C:\recipe_project\images/sheera/5aa53f3cc2.jpg; C:\recipe_project\images/sheera/5e936c46fd.jpg; C:\recipe_project\images/sheera/5f1d88c738.jpg; C:\recipe_project\images/sheera/66a3256331.jpg; C:\recipe_project\images/sheera/6a86c9fb6c.jpg; C:\recipe_project\images/sheera/6b0d7dc2e0.jpg; C:\recipe_project\images/sheera/6db125270c.jpg; C:\recipe_project\images/sheera/70bbc681c6.jpg; C:\recipe_project\images/sheera/70c90efdaa.jpg; C:\recipe_project\images/sheera/8c11826f98.jpg; C:\recipe_project\images/sheera/8f171404d1.jpg; C:\recipe_project\images/sheera/9da39f7522.jpg,,,,,,1 cup rava/semolina; 1/2 cup sugar; 2 cups hot water; 3 tbsp ghee; 1/4 tsp cardamom; cashews and raisins; 2 pinches saffron,1. Heat ghee and roast rava until aromatic and lightly golden. 2. Add hot water carefully and stir until absorbed. 3. Add sugar and cardamom and cook until thick and glossy. 4. Stir in the named fruit or saffron. 5. Garnish with roasted cashews and raisins and serve.,,kesar sheera,26,"1, 3, 9, 10, 11, 14, 16, 17, 18, 20, 23, 24, 26, 27, 29, 32, 33, 36, 37, 38, 39, 40, 41, 46, 47, 49",YES,Swasthi's Recipes – Sheera,Reputable website – adapted variant,https://www.indianhealthyrecipes.com/suji-halwa-recipe-sheera-recipe/,Base recipe adapted to predicted variety
sheera,pineapple sheera,C:\recipe_project\images/sheera/02aac1d589.jpg; C:\recipe_project\images/sheera/06cdabe7cb.jpg; C:\recipe_project\images/sheera/0d0a2454d9.jpg; C:\recipe_project\images/sheera/0e453fb121.jpg; C:\recipe_project\images/sheera/24e2db2098.jpg; C:\recipe_project\images/sheera/3c9922a3ba.jpg; C:\recipe_project\images/sheera/43cd458ac5.jpg; C:\recipe_project\images/sheera/4b5a6b2636.jpg; C:\recipe_project\images/sheera/4fc39c34b8.jpg; C:\recipe_project\images/sheera/5db00ee48f.jpg; C:\recipe_project\images/sheera/5f73b643d1.jpg; C:\recipe_project\images/sheera/71cf767066.jpg; C:\recipe_project\images/sheera/7f4ff9328e.jpg; C:\recipe_project\images/sheera/9f115c78c4.jpg,,,,,,1 cup rava/semolina; 1/2 cup sugar; 2 cups hot water; 3 tbsp ghee; 1/4 tsp cardamom; cashews and raisins; 1/2 cup finely chopped pineapple,1. Heat ghee and roast rava until aromatic and lightly golden. 2. Add hot water carefully and stir until absorbed. 3. Add sugar and cardamom and cook until thick and glossy. 4. Stir in the named fruit or saffron. 5. Garnish with roasted cashews and raisins and serve.,,pineapple sheera,14,"2, 4, 6, 7, 15, 21, 22, 25, 28, 31, 34, 42, 44, 50",YES,Swasthi's Recipes – Sheera,Reputable website – adapted variant,https://www.indianhealthyrecipes.com/suji-halwa-recipe-sheera-recipe/,Base recipe adapted to predicted variety
sheera,rava sheera,C:\recipe_project\images/sheera/09afaaeef2.jpg; C:\recipe_project\images/sheera/0e661d4b4d.jpg; C:\recipe_project\images/sheera/16f44392a2.jpg; C:\recipe_project\images/sheera/1b6860747f.jpg; C:\recipe_project\images/sheera/5bcf64ab96.jpg; C:\recipe_project\images/sheera/8f6c2bde53.jpg,,,,,,1 cup rava/semolina; 1/2 cup sugar; 2 cups hot water; 3 tbsp ghee; 1/4 tsp cardamom; cashews and raisins; 1 cup rava/semolina,1. Heat ghee and roast rava until aromatic and lightly golden. 2. Add hot water carefully and stir until absorbed. 3. Add sugar and cardamom and cook until thick and glossy. 4. Stir in the named fruit or saffron. 5. Garnish with roasted cashews and raisins and serve.,,rava sheera,6,"5, 8, 12, 13, 30, 48",YES,Swasthi's Recipes – Sheera,Reputable website – adapted variant,https://www.indianhealthyrecipes.com/suji-halwa-recipe-sheera-recipe/,Base recipe adapted to predicted variety
shrikhand,dry fruit shrikhand,C:\recipe_project\images/shrikhand/039dc2d39d.jpg; C:\recipe_project\images/shrikhand/04efafdc91.jpg; C:\recipe_project\images/shrikhand/0ad00b51fb.jpg; C:\recipe_project\images/shrikhand/0b5499899b.jpg; C:\recipe_project\images/shrikhand/0b96a122cc.jpg; C:\recipe_project\images/shrikhand/0dccbc7fd3.jpg; C:\recipe_project\images/shrikhand/0fa5d49588.jpg; C:\recipe_project\images/shrikhand/20c9f27136.jpg; C:\recipe_project\images/shrikhand/2af4c2f984.jpg; C:\recipe_project\images/shrikhand/2d83e108a0.jpg; C:\recipe_project\images/shrikhand/2ed753583a.jpg; C:\recipe_project\images/shrikhand/39d394a302.jpg; C:\recipe_project\images/shrikhand/3a9fedae8b.jpg; C:\recipe_project\images/shrikhand/3b67a1553c.jpg; C:\recipe_project\images/shrikhand/45b5b09643.jpg; C:\recipe_project\images/shrikhand/4dd9c944e7.jpg; C:\recipe_project\images/shrikhand/56d75b7810.jpg; C:\recipe_project\images/shrikhand/5c1fc527a5.jpg; C:\recipe_project\images/shrikhand/5c834fc92c.jpg; C:\recipe_project\images/shrikhand/5ca95ae127.jpg; C:\recipe_project\images/shrikhand/5e0186349a.jpg; C:\recipe_project\images/shrikhand/5f4d926fef.jpg; C:\recipe_project\images/shrikhand/60c3bd8f1c.jpg; C:\recipe_project\images/shrikhand/6ab6098a0a.jpg; C:\recipe_project\images/shrikhand/6e669f3206.jpg; C:\recipe_project\images/shrikhand/6e999ed008.jpg; C:\recipe_project\images/shrikhand/8a3b1de65c.jpg; C:\recipe_project\images/shrikhand/8c60388fb4.jpg,,,,,,2 cups hung curd; 1/2 cup powdered sugar; 1/2 tsp cardamom; 2 tbsp mixed chopped nuts,"1. Hang fresh curd in muslin until thick and whey-free. 2. Add powdered sugar, cardamom and the named flavoring. 3. Whisk until smooth and creamy. 4. Chill for 1–2 hours. 5. Garnish with the specified nuts and serve cold.",,dry fruit shrikhand,28,"2, 4, 6, 7, 8, 9, 10, 12, 15, 16, 17, 19, 20, 22, 23, 25, 26, 29, 30, 31, 32, 34, 36, 37, 40, 41, 45, 46",YES,Dassana's Veg Recipes – Shrikhand,Reputable website – adapted variant,https://www.vegrecipesofindia.com/shrikhand-recipe/,Base recipe adapted to predicted variety
shrikhand,kesar shrikhand,C:\recipe_project\images/shrikhand/00f66867e6.jpg; C:\recipe_project\images/shrikhand/03cab84ede.jpg; C:\recipe_project\images/shrikhand/054bac9ae4.jpg; C:\recipe_project\images/shrikhand/21a946c488.jpg; C:\recipe_project\images/shrikhand/2aa3613ac4.jpg; C:\recipe_project\images/shrikhand/45eda64203.jpg; C:\recipe_project\images/shrikhand/5ad9c6d7fb.jpg; C:\recipe_project\images/shrikhand/5ebdc198bd.jpg; C:\recipe_project\images/shrikhand/60b6f628c0.jpg; C:\recipe_project\images/shrikhand/6cc1bf6cc4.jpg; C:\recipe_project\images/shrikhand/6cf31e564f.jpg; C:\recipe_project\images/shrikhand/7a169f4d5c.jpg; C:\recipe_project\images/shrikhand/8cf2ade375.jpg; C:\recipe_project\images/shrikhand/8df7584c36.jpg; C:\recipe_project\images/shrikhand/8ff6eab553.jpg; C:\recipe_project\images/shrikhand/9c5c5be6e5.jpg,,,,,,2 cups hung curd; 1/2 cup powdered sugar; 1/2 tsp cardamom; 2 pinches saffron,"1. Hang fresh curd in muslin until thick and whey-free. 2. Add powdered sugar, cardamom and the named flavoring. 3. Whisk until smooth and creamy. 4. Chill for 1–2 hours. 5. Garnish with the specified nuts and serve cold.",,kesar shrikhand,16,"1, 3, 5, 13, 14, 24, 27, 33, 35, 38, 39, 43, 47, 48, 49, 50",YES,Dassana's Veg Recipes – Shrikhand,Reputable website – adapted variant,https://www.vegrecipesofindia.com/shrikhand-recipe/,Base recipe adapted to predicted variety
shrikhand,pistachio shrikhand,C:\recipe_project\images/shrikhand/1c7e06d5f2.jpg; C:\recipe_project\images/shrikhand/6f2f154feb.jpg; C:\recipe_project\images/shrikhand/7c8f8ebeac.jpg,,,,,,2 cups hung curd; 1/2 cup powdered sugar; 1/2 tsp cardamom; 2 tbsp chopped pistachios,"1. Hang fresh curd in muslin until thick and whey-free. 2. Add powdered sugar, cardamom and the named flavoring. 3. Whisk until smooth and creamy. 4. Chill for 1–2 hours. 5. Garnish with the specified nuts and serve cold.",,pistachio shrikhand,3,"11, 42, 44",YES,Dassana's Veg Recipes – Shrikhand,Reputable website – adapted variant,https://www.vegrecipesofindia.com/shrikhand-recipe/,Base recipe adapted to predicted variety
shrikhand,plain shrikhand,C:\recipe_project\images/shrikhand/37ef80d5ef.jpg; C:\recipe_project\images/shrikhand/3b1ae8ca64.jpg; C:\recipe_project\images/shrikhand/5bec13ba0e.jpg,,,,,,2 cups hung curd; 1/2 cup powdered sugar; 1/2 tsp cardamom; cardamom only,"1. Hang fresh curd in muslin until thick and whey-free. 2. Add powdered sugar, cardamom and the named flavoring. 3. Whisk until smooth and creamy. 4. Chill for 1–2 hours. 5. Garnish with the specified nuts and serve cold.",,plain shrikhand,3,"18, 21, 28",YES,Dassana's Veg Recipes – Shrikhand,Reputable website – adapted variant,https://www.vegrecipesofindia.com/shrikhand-recipe/,Base recipe adapted to predicted variety
